
SET NAMES utf8mb4;
SET FOREIGN_KEY_CHECKS = 0;

-- ----------------------------
-- Table structure for flw_ext_instance
-- ----------------------------
DROP TABLE IF EXISTS `flw_ext_instance`;
CREATE TABLE `flw_ext_instance`  (
  `id` bigint NOT NULL COMMENT '主键ID',
  `tenant_id` varchar(50) CHARACTER SET utf8mb4 COLLATE utf8mb4_0900_ai_ci NULL DEFAULT NULL COMMENT '租户ID',
  `process_id` bigint NOT NULL COMMENT '流程定义ID',
  `process_name` varchar(255) CHARACTER SET utf8mb4 COLLATE utf8mb4_0900_ai_ci NULL DEFAULT NULL COMMENT '流程名称',
  `process_type` varchar(100) CHARACTER SET utf8mb4 COLLATE utf8mb4_0900_ai_ci NULL DEFAULT NULL COMMENT '流程类型',
  `model_content` text CHARACTER SET utf8mb4 COLLATE utf8mb4_0900_ai_ci NULL COMMENT '流程模型定义JSON内容',
  PRIMARY KEY (`id`) USING BTREE,
  CONSTRAINT `fk_ext_instance_id` FOREIGN KEY (`id`) REFERENCES `flw_his_instance` (`id`) ON DELETE RESTRICT ON UPDATE RESTRICT
) ENGINE = InnoDB CHARACTER SET = utf8mb4 COLLATE = utf8mb4_0900_ai_ci COMMENT = '扩展流程实例表' ROW_FORMAT = DYNAMIC;

-- ----------------------------
-- Records of flw_ext_instance
-- ----------------------------
INSERT INTO `flw_ext_instance` VALUES (1937099900458360834, '1', 1937099843088670722, NULL, NULL, '{\"name\":\"订单\",\"key\":\"ORDER\",\"instanceUrl\":\"\",\"nodeConfig\":{\"nodeName\":\"发起人\",\"callProcessKey\":null,\"actionUrl\":null,\"type\":0,\"setType\":null,\"nodeAssigneeList\":[],\"examineLevel\":null,\"directorLevel\":null,\"selectMode\":null,\"term\":null,\"termMode\":null,\"examineMode\":null,\"directorMode\":null,\"passWeight\":null,\"conditionNodes\":null,\"remind\":null,\"allowSelection\":null,\"allowTransfer\":null,\"allowAppendNode\":null,\"allowRollback\":null,\"approveSelf\":null,\"extendConfig\":null,\"childNode\":{\"nodeName\":\"审批人1\",\"callProcessKey\":null,\"actionUrl\":null,\"type\":1,\"setType\":1,\"nodeAssigneeList\":[{\"tenantId\":\"1\",\"id\":\"10036\",\"name\":\"张三\",\"weight\":null}],\"examineLevel\":null,\"directorLevel\":null,\"selectMode\":null,\"term\":5,\"termMode\":0,\"examineMode\":1,\"directorMode\":null,\"passWeight\":null,\"conditionNodes\":null,\"remind\":null,\"allowSelection\":null,\"allowTransfer\":null,\"allowAppendNode\":null,\"allowRollback\":null,\"approveSelf\":null,\"extendConfig\":null,\"childNode\":{\"nodeName\":\"审批人2\",\"callProcessKey\":null,\"actionUrl\":null,\"type\":1,\"setType\":1,\"nodeAssigneeList\":[{\"tenantId\":\"1\",\"id\":\"10037\",\"name\":\"李四\",\"weight\":null}],\"examineLevel\":null,\"directorLevel\":null,\"selectMode\":null,\"term\":5,\"termMode\":0,\"examineMode\":1,\"directorMode\":null,\"passWeight\":null,\"conditionNodes\":null,\"remind\":null,\"allowSelection\":null,\"allowTransfer\":null,\"allowAppendNode\":null,\"allowRollback\":null,\"approveSelf\":null,\"extendConfig\":null,\"childNode\":{\"nodeName\":\"结束\",\"callProcessKey\":null,\"actionUrl\":null,\"type\":-1,\"setType\":null,\"nodeAssigneeList\":[],\"examineLevel\":null,\"directorLevel\":null,\"selectMode\":null,\"term\":null,\"termMode\":null,\"examineMode\":null,\"directorMode\":null,\"passWeight\":null,\"conditionNodes\":null,\"remind\":null,\"allowSelection\":null,\"allowTransfer\":null,\"allowAppendNode\":null,\"allowRollback\":null,\"approveSelf\":null,\"extendConfig\":null,\"childNode\":null,\"parentNode\":null},\"parentNode\":null},\"parentNode\":null},\"parentNode\":null}}');
INSERT INTO `flw_ext_instance` VALUES (1937322115892240386, '1', 1937099843088670722, NULL, NULL, '{\"name\":\"订单\",\"key\":\"ORDER\",\"instanceUrl\":\"\",\"nodeConfig\":{\"nodeName\":\"发起人\",\"callProcessKey\":null,\"actionUrl\":null,\"type\":0,\"setType\":null,\"nodeAssigneeList\":[],\"examineLevel\":null,\"directorLevel\":null,\"selectMode\":null,\"term\":null,\"termMode\":null,\"examineMode\":null,\"directorMode\":null,\"passWeight\":null,\"conditionNodes\":null,\"remind\":null,\"allowSelection\":null,\"allowTransfer\":null,\"allowAppendNode\":null,\"allowRollback\":null,\"approveSelf\":null,\"extendConfig\":null,\"childNode\":{\"nodeName\":\"审批人1\",\"callProcessKey\":null,\"actionUrl\":null,\"type\":1,\"setType\":1,\"nodeAssigneeList\":[{\"tenantId\":\"1\",\"id\":\"10036\",\"name\":\"张三\",\"weight\":null}],\"examineLevel\":null,\"directorLevel\":null,\"selectMode\":null,\"term\":5,\"termMode\":0,\"examineMode\":1,\"directorMode\":null,\"passWeight\":null,\"conditionNodes\":null,\"remind\":null,\"allowSelection\":null,\"allowTransfer\":null,\"allowAppendNode\":null,\"allowRollback\":null,\"approveSelf\":null,\"extendConfig\":null,\"childNode\":{\"nodeName\":\"审批人2\",\"callProcessKey\":null,\"actionUrl\":null,\"type\":1,\"setType\":1,\"nodeAssigneeList\":[{\"tenantId\":\"1\",\"id\":\"10037\",\"name\":\"李四\",\"weight\":null}],\"examineLevel\":null,\"directorLevel\":null,\"selectMode\":null,\"term\":5,\"termMode\":0,\"examineMode\":1,\"directorMode\":null,\"passWeight\":null,\"conditionNodes\":null,\"remind\":null,\"allowSelection\":null,\"allowTransfer\":null,\"allowAppendNode\":null,\"allowRollback\":null,\"approveSelf\":null,\"extendConfig\":null,\"childNode\":{\"nodeName\":\"结束\",\"callProcessKey\":null,\"actionUrl\":null,\"type\":-1,\"setType\":null,\"nodeAssigneeList\":[],\"examineLevel\":null,\"directorLevel\":null,\"selectMode\":null,\"term\":null,\"termMode\":null,\"examineMode\":null,\"directorMode\":null,\"passWeight\":null,\"conditionNodes\":null,\"remind\":null,\"allowSelection\":null,\"allowTransfer\":null,\"allowAppendNode\":null,\"allowRollback\":null,\"approveSelf\":null,\"extendConfig\":null,\"childNode\":null,\"parentNode\":null},\"parentNode\":null},\"parentNode\":null},\"parentNode\":null}}');
INSERT INTO `flw_ext_instance` VALUES (1937323981887758338, '1', 1937099843088670722, NULL, NULL, '{\"name\":\"订单\",\"key\":\"ORDER\",\"instanceUrl\":\"\",\"nodeConfig\":{\"nodeName\":\"发起人\",\"callProcessKey\":null,\"actionUrl\":null,\"type\":0,\"setType\":null,\"nodeAssigneeList\":[],\"examineLevel\":null,\"directorLevel\":null,\"selectMode\":null,\"term\":null,\"termMode\":null,\"examineMode\":null,\"directorMode\":null,\"passWeight\":null,\"conditionNodes\":null,\"remind\":null,\"allowSelection\":null,\"allowTransfer\":null,\"allowAppendNode\":null,\"allowRollback\":null,\"approveSelf\":null,\"extendConfig\":null,\"childNode\":{\"nodeName\":\"审批人1\",\"callProcessKey\":null,\"actionUrl\":null,\"type\":1,\"setType\":1,\"nodeAssigneeList\":[{\"tenantId\":\"1\",\"id\":\"10036\",\"name\":\"张三\",\"weight\":null}],\"examineLevel\":null,\"directorLevel\":null,\"selectMode\":null,\"term\":5,\"termMode\":0,\"examineMode\":1,\"directorMode\":null,\"passWeight\":null,\"conditionNodes\":null,\"remind\":null,\"allowSelection\":null,\"allowTransfer\":null,\"allowAppendNode\":null,\"allowRollback\":null,\"approveSelf\":null,\"extendConfig\":null,\"childNode\":{\"nodeName\":\"审批人2\",\"callProcessKey\":null,\"actionUrl\":null,\"type\":1,\"setType\":1,\"nodeAssigneeList\":[{\"tenantId\":\"1\",\"id\":\"10037\",\"name\":\"李四\",\"weight\":null}],\"examineLevel\":null,\"directorLevel\":null,\"selectMode\":null,\"term\":5,\"termMode\":0,\"examineMode\":1,\"directorMode\":null,\"passWeight\":null,\"conditionNodes\":null,\"remind\":null,\"allowSelection\":null,\"allowTransfer\":null,\"allowAppendNode\":null,\"allowRollback\":null,\"approveSelf\":null,\"extendConfig\":null,\"childNode\":{\"nodeName\":\"结束\",\"callProcessKey\":null,\"actionUrl\":null,\"type\":-1,\"setType\":null,\"nodeAssigneeList\":[],\"examineLevel\":null,\"directorLevel\":null,\"selectMode\":null,\"term\":null,\"termMode\":null,\"examineMode\":null,\"directorMode\":null,\"passWeight\":null,\"conditionNodes\":null,\"remind\":null,\"allowSelection\":null,\"allowTransfer\":null,\"allowAppendNode\":null,\"allowRollback\":null,\"approveSelf\":null,\"extendConfig\":null,\"childNode\":null,\"parentNode\":null},\"parentNode\":null},\"parentNode\":null},\"parentNode\":null}}');
INSERT INTO `flw_ext_instance` VALUES (1937328410523246593, '1', 1937328316436619265, NULL, NULL, '{\"name\":\"测试-订单-20250624\",\"key\":\"Xe7U1N\",\"instanceUrl\":\"\",\"nodeConfig\":{\"nodeName\":\"发起人\",\"callProcessKey\":null,\"actionUrl\":null,\"type\":0,\"setType\":null,\"nodeAssigneeList\":[],\"examineLevel\":null,\"directorLevel\":null,\"selectMode\":null,\"term\":null,\"termMode\":null,\"examineMode\":null,\"directorMode\":null,\"passWeight\":null,\"conditionNodes\":null,\"remind\":null,\"allowSelection\":null,\"allowTransfer\":null,\"allowAppendNode\":null,\"allowRollback\":null,\"approveSelf\":null,\"extendConfig\":null,\"childNode\":{\"nodeName\":\"审批人\",\"callProcessKey\":null,\"actionUrl\":null,\"type\":1,\"setType\":1,\"nodeAssigneeList\":[{\"tenantId\":\"1\",\"id\":\"10037\",\"name\":\"李四\",\"weight\":null}],\"examineLevel\":null,\"directorLevel\":null,\"selectMode\":null,\"term\":5,\"termMode\":0,\"examineMode\":1,\"directorMode\":null,\"passWeight\":null,\"conditionNodes\":null,\"remind\":null,\"allowSelection\":null,\"allowTransfer\":null,\"allowAppendNode\":null,\"allowRollback\":null,\"approveSelf\":null,\"extendConfig\":null,\"childNode\":{\"nodeName\":\"结束\",\"callProcessKey\":null,\"actionUrl\":null,\"type\":-1,\"setType\":null,\"nodeAssigneeList\":[],\"examineLevel\":null,\"directorLevel\":null,\"selectMode\":null,\"term\":null,\"termMode\":null,\"examineMode\":null,\"directorMode\":null,\"passWeight\":null,\"conditionNodes\":null,\"remind\":null,\"allowSelection\":null,\"allowTransfer\":null,\"allowAppendNode\":null,\"allowRollback\":null,\"approveSelf\":null,\"extendConfig\":null,\"childNode\":null,\"parentNode\":null},\"parentNode\":null},\"parentNode\":null}}');
INSERT INTO `flw_ext_instance` VALUES (1937337119773204482, '1', 1937099843088670722, NULL, NULL, '{\"name\":\"订单\",\"key\":\"ORDER\",\"instanceUrl\":\"\",\"nodeConfig\":{\"nodeName\":\"发起人\",\"callProcessKey\":null,\"actionUrl\":null,\"type\":0,\"setType\":null,\"nodeAssigneeList\":[],\"examineLevel\":null,\"directorLevel\":null,\"selectMode\":null,\"term\":null,\"termMode\":null,\"examineMode\":null,\"directorMode\":null,\"passWeight\":null,\"conditionNodes\":null,\"remind\":null,\"allowSelection\":null,\"allowTransfer\":null,\"allowAppendNode\":null,\"allowRollback\":null,\"approveSelf\":null,\"extendConfig\":null,\"childNode\":{\"nodeName\":\"审批人1\",\"callProcessKey\":null,\"actionUrl\":null,\"type\":1,\"setType\":1,\"nodeAssigneeList\":[{\"tenantId\":\"1\",\"id\":\"10036\",\"name\":\"张三\",\"weight\":null}],\"examineLevel\":null,\"directorLevel\":null,\"selectMode\":null,\"term\":5,\"termMode\":0,\"examineMode\":1,\"directorMode\":null,\"passWeight\":null,\"conditionNodes\":null,\"remind\":null,\"allowSelection\":null,\"allowTransfer\":null,\"allowAppendNode\":null,\"allowRollback\":null,\"approveSelf\":null,\"extendConfig\":null,\"childNode\":{\"nodeName\":\"审批人2\",\"callProcessKey\":null,\"actionUrl\":null,\"type\":1,\"setType\":1,\"nodeAssigneeList\":[{\"tenantId\":\"1\",\"id\":\"10037\",\"name\":\"李四\",\"weight\":null}],\"examineLevel\":null,\"directorLevel\":null,\"selectMode\":null,\"term\":5,\"termMode\":0,\"examineMode\":1,\"directorMode\":null,\"passWeight\":null,\"conditionNodes\":null,\"remind\":null,\"allowSelection\":null,\"allowTransfer\":null,\"allowAppendNode\":null,\"allowRollback\":null,\"approveSelf\":null,\"extendConfig\":null,\"childNode\":{\"nodeName\":\"结束\",\"callProcessKey\":null,\"actionUrl\":null,\"type\":-1,\"setType\":null,\"nodeAssigneeList\":[],\"examineLevel\":null,\"directorLevel\":null,\"selectMode\":null,\"term\":null,\"termMode\":null,\"examineMode\":null,\"directorMode\":null,\"passWeight\":null,\"conditionNodes\":null,\"remind\":null,\"allowSelection\":null,\"allowTransfer\":null,\"allowAppendNode\":null,\"allowRollback\":null,\"approveSelf\":null,\"extendConfig\":null,\"childNode\":null,\"parentNode\":null},\"parentNode\":null},\"parentNode\":null},\"parentNode\":null}}');
INSERT INTO `flw_ext_instance` VALUES (1937340144197738497, '1', 1937339662800691201, NULL, NULL, '{\"name\":\"测试普通条件分支-流程\",\"key\":\"OInk15\",\"instanceUrl\":\"\",\"nodeConfig\":{\"nodeName\":\"发起人\",\"callProcessKey\":null,\"actionUrl\":null,\"type\":0,\"setType\":null,\"nodeAssigneeList\":[],\"examineLevel\":null,\"directorLevel\":null,\"selectMode\":null,\"term\":null,\"termMode\":null,\"examineMode\":null,\"directorMode\":null,\"passWeight\":null,\"conditionNodes\":null,\"remind\":null,\"allowSelection\":null,\"allowTransfer\":null,\"allowAppendNode\":null,\"allowRollback\":null,\"approveSelf\":null,\"extendConfig\":null,\"childNode\":{\"nodeName\":\"条件分支\",\"callProcessKey\":null,\"actionUrl\":null,\"type\":4,\"setType\":null,\"nodeAssigneeList\":null,\"examineLevel\":null,\"directorLevel\":null,\"selectMode\":null,\"term\":null,\"termMode\":null,\"examineMode\":null,\"directorMode\":null,\"passWeight\":null,\"conditionNodes\":[{\"nodeName\":\"条件1\",\"type\":3,\"priorityLevel\":1,\"conditionList\":[[{\"label\":\"姓名\",\"field\":\"field8086132477668\",\"operator\":\"==\",\"value\":\"张\"}]],\"childNode\":{\"nodeName\":\"审批人1\",\"callProcessKey\":null,\"actionUrl\":null,\"type\":1,\"setType\":1,\"nodeAssigneeList\":[{\"tenantId\":\"1\",\"id\":\"10036\",\"name\":\"张三\",\"weight\":null}],\"examineLevel\":null,\"directorLevel\":null,\"selectMode\":null,\"term\":5,\"termMode\":0,\"examineMode\":1,\"directorMode\":null,\"passWeight\":null,\"conditionNodes\":null,\"remind\":null,\"allowSelection\":null,\"allowTransfer\":null,\"allowAppendNode\":null,\"allowRollback\":null,\"approveSelf\":null,\"extendConfig\":null,\"childNode\":null,\"parentNode\":null}},{\"nodeName\":\"条件2\",\"type\":3,\"priorityLevel\":2,\"conditionList\":[[{\"label\":\"姓名\",\"field\":\"field8086132477668\",\"operator\":\"==\",\"value\":\"李\"}]],\"childNode\":{\"nodeName\":\"审批人2\",\"callProcessKey\":null,\"actionUrl\":null,\"type\":1,\"setType\":1,\"nodeAssigneeList\":[{\"tenantId\":\"1\",\"id\":\"10037\",\"name\":\"李四\",\"weight\":null}],\"examineLevel\":null,\"directorLevel\":null,\"selectMode\":null,\"term\":5,\"termMode\":0,\"examineMode\":1,\"directorMode\":null,\"passWeight\":null,\"conditionNodes\":null,\"remind\":null,\"allowSelection\":null,\"allowTransfer\":null,\"allowAppendNode\":null,\"allowRollback\":null,\"approveSelf\":null,\"extendConfig\":null,\"childNode\":null,\"parentNode\":null}},{\"nodeName\":\"默认条件\",\"type\":3,\"priorityLevel\":3,\"conditionList\":[],\"childNode\":{\"nodeName\":\"审批人3\",\"callProcessKey\":null,\"actionUrl\":null,\"type\":1,\"setType\":1,\"nodeAssigneeList\":[{\"tenantId\":\"1\",\"id\":\"10003\",\"name\":\"admin\",\"weight\":null}],\"examineLevel\":null,\"directorLevel\":null,\"selectMode\":null,\"term\":5,\"termMode\":0,\"examineMode\":1,\"directorMode\":null,\"passWeight\":null,\"conditionNodes\":null,\"remind\":null,\"allowSelection\":null,\"allowTransfer\":null,\"allowAppendNode\":null,\"allowRollback\":null,\"approveSelf\":null,\"extendConfig\":null,\"childNode\":null,\"parentNode\":null}}],\"remind\":null,\"allowSelection\":null,\"allowTransfer\":null,\"allowAppendNode\":null,\"allowRollback\":null,\"approveSelf\":null,\"extendConfig\":null,\"childNode\":{\"nodeName\":\"结束\",\"callProcessKey\":null,\"actionUrl\":null,\"type\":-1,\"setType\":null,\"nodeAssigneeList\":[],\"examineLevel\":null,\"directorLevel\":null,\"selectMode\":null,\"term\":null,\"termMode\":null,\"examineMode\":null,\"directorMode\":null,\"passWeight\":null,\"conditionNodes\":null,\"remind\":null,\"allowSelection\":null,\"allowTransfer\":null,\"allowAppendNode\":null,\"allowRollback\":null,\"approveSelf\":null,\"extendConfig\":null,\"childNode\":null,\"parentNode\":null},\"parentNode\":null},\"parentNode\":null}}');
INSERT INTO `flw_ext_instance` VALUES (1937340712228134913, '1', 1937339662800691201, NULL, NULL, '{\"name\":\"测试普通条件分支-流程\",\"key\":\"OInk15\",\"instanceUrl\":\"\",\"nodeConfig\":{\"nodeName\":\"发起人\",\"callProcessKey\":null,\"actionUrl\":null,\"type\":0,\"setType\":null,\"nodeAssigneeList\":[],\"examineLevel\":null,\"directorLevel\":null,\"selectMode\":null,\"term\":null,\"termMode\":null,\"examineMode\":null,\"directorMode\":null,\"passWeight\":null,\"conditionNodes\":null,\"remind\":null,\"allowSelection\":null,\"allowTransfer\":null,\"allowAppendNode\":null,\"allowRollback\":null,\"approveSelf\":null,\"extendConfig\":null,\"childNode\":{\"nodeName\":\"条件分支\",\"callProcessKey\":null,\"actionUrl\":null,\"type\":4,\"setType\":null,\"nodeAssigneeList\":null,\"examineLevel\":null,\"directorLevel\":null,\"selectMode\":null,\"term\":null,\"termMode\":null,\"examineMode\":null,\"directorMode\":null,\"passWeight\":null,\"conditionNodes\":[{\"nodeName\":\"条件1\",\"type\":3,\"priorityLevel\":1,\"conditionList\":[[{\"label\":\"姓名\",\"field\":\"field8086132477668\",\"operator\":\"==\",\"value\":\"张\"}]],\"childNode\":{\"nodeName\":\"审批人1\",\"callProcessKey\":null,\"actionUrl\":null,\"type\":1,\"setType\":1,\"nodeAssigneeList\":[{\"tenantId\":\"1\",\"id\":\"10036\",\"name\":\"张三\",\"weight\":null}],\"examineLevel\":null,\"directorLevel\":null,\"selectMode\":null,\"term\":5,\"termMode\":0,\"examineMode\":1,\"directorMode\":null,\"passWeight\":null,\"conditionNodes\":null,\"remind\":null,\"allowSelection\":null,\"allowTransfer\":null,\"allowAppendNode\":null,\"allowRollback\":null,\"approveSelf\":null,\"extendConfig\":null,\"childNode\":null,\"parentNode\":null}},{\"nodeName\":\"条件2\",\"type\":3,\"priorityLevel\":2,\"conditionList\":[[{\"label\":\"姓名\",\"field\":\"field8086132477668\",\"operator\":\"==\",\"value\":\"李\"}]],\"childNode\":{\"nodeName\":\"审批人2\",\"callProcessKey\":null,\"actionUrl\":null,\"type\":1,\"setType\":1,\"nodeAssigneeList\":[{\"tenantId\":\"1\",\"id\":\"10037\",\"name\":\"李四\",\"weight\":null}],\"examineLevel\":null,\"directorLevel\":null,\"selectMode\":null,\"term\":5,\"termMode\":0,\"examineMode\":1,\"directorMode\":null,\"passWeight\":null,\"conditionNodes\":null,\"remind\":null,\"allowSelection\":null,\"allowTransfer\":null,\"allowAppendNode\":null,\"allowRollback\":null,\"approveSelf\":null,\"extendConfig\":null,\"childNode\":null,\"parentNode\":null}},{\"nodeName\":\"默认条件\",\"type\":3,\"priorityLevel\":3,\"conditionList\":[],\"childNode\":{\"nodeName\":\"审批人3\",\"callProcessKey\":null,\"actionUrl\":null,\"type\":1,\"setType\":1,\"nodeAssigneeList\":[{\"tenantId\":\"1\",\"id\":\"10003\",\"name\":\"admin\",\"weight\":null}],\"examineLevel\":null,\"directorLevel\":null,\"selectMode\":null,\"term\":5,\"termMode\":0,\"examineMode\":1,\"directorMode\":null,\"passWeight\":null,\"conditionNodes\":null,\"remind\":null,\"allowSelection\":null,\"allowTransfer\":null,\"allowAppendNode\":null,\"allowRollback\":null,\"approveSelf\":null,\"extendConfig\":null,\"childNode\":null,\"parentNode\":null}}],\"remind\":null,\"allowSelection\":null,\"allowTransfer\":null,\"allowAppendNode\":null,\"allowRollback\":null,\"approveSelf\":null,\"extendConfig\":null,\"childNode\":{\"nodeName\":\"结束\",\"callProcessKey\":null,\"actionUrl\":null,\"type\":-1,\"setType\":null,\"nodeAssigneeList\":[],\"examineLevel\":null,\"directorLevel\":null,\"selectMode\":null,\"term\":null,\"termMode\":null,\"examineMode\":null,\"directorMode\":null,\"passWeight\":null,\"conditionNodes\":null,\"remind\":null,\"allowSelection\":null,\"allowTransfer\":null,\"allowAppendNode\":null,\"allowRollback\":null,\"approveSelf\":null,\"extendConfig\":null,\"childNode\":null,\"parentNode\":null},\"parentNode\":null},\"parentNode\":null}}');
INSERT INTO `flw_ext_instance` VALUES (1937392902825254913, '1', 1937392853718343682, NULL, NULL, '{\"name\":\"测试抄送\",\"key\":\"gJvp0D\",\"instanceUrl\":\"\",\"nodeConfig\":{\"nodeName\":\"发起人\",\"callProcessKey\":null,\"actionUrl\":null,\"type\":0,\"setType\":null,\"nodeAssigneeList\":[],\"examineLevel\":null,\"directorLevel\":null,\"selectMode\":null,\"term\":null,\"termMode\":null,\"examineMode\":null,\"directorMode\":null,\"passWeight\":null,\"conditionNodes\":null,\"remind\":null,\"allowSelection\":null,\"allowTransfer\":null,\"allowAppendNode\":null,\"allowRollback\":null,\"approveSelf\":null,\"extendConfig\":null,\"childNode\":{\"nodeName\":\"抄送人\",\"callProcessKey\":null,\"actionUrl\":null,\"type\":2,\"setType\":1,\"nodeAssigneeList\":[{\"tenantId\":\"1\",\"id\":\"10037\",\"name\":\"李四\",\"weight\":null}],\"examineLevel\":null,\"directorLevel\":null,\"selectMode\":null,\"term\":null,\"termMode\":null,\"examineMode\":null,\"directorMode\":null,\"passWeight\":null,\"conditionNodes\":null,\"remind\":null,\"allowSelection\":null,\"allowTransfer\":null,\"allowAppendNode\":null,\"allowRollback\":null,\"approveSelf\":null,\"extendConfig\":null,\"childNode\":{\"nodeName\":\"结束\",\"callProcessKey\":null,\"actionUrl\":null,\"type\":-1,\"setType\":null,\"nodeAssigneeList\":[],\"examineLevel\":null,\"directorLevel\":null,\"selectMode\":null,\"term\":null,\"termMode\":null,\"examineMode\":null,\"directorMode\":null,\"passWeight\":null,\"conditionNodes\":null,\"remind\":null,\"allowSelection\":null,\"allowTransfer\":null,\"allowAppendNode\":null,\"allowRollback\":null,\"approveSelf\":null,\"extendConfig\":null,\"childNode\":null,\"parentNode\":null},\"parentNode\":null},\"parentNode\":null}}');
INSERT INTO `flw_ext_instance` VALUES (1937435848714907649, '1', 1937432321926000641, '重构-多节点审批', NULL, '{\"name\":\"重构-多节点审批\",\"key\":\"HR4XD6\",\"nodeConfig\":{\"nodeName\":\"发起人\",\"nodeKey\":\"flk_548032773774\",\"type\":0,\"childNode\":{\"nodeName\":\"审批人\",\"nodeKey\":\"flk_548155482898\",\"type\":1,\"setType\":1,\"nodeAssigneeList\":[{\"tenantId\":\"1\",\"id\":\"10037\",\"name\":\"李四\"}],\"examineMode\":1,\"termAuto\":false,\"term\":5,\"termMode\":0,\"childNode\":{\"nodeName\":\"审批人\",\"nodeKey\":\"flk_548254003532\",\"type\":1,\"setType\":1,\"nodeAssigneeList\":[{\"tenantId\":\"1\",\"id\":\"10040\",\"name\":\"王五\"}],\"examineMode\":1,\"termAuto\":false,\"term\":5,\"termMode\":0,\"childNode\":{\"nodeName\":\"结束\",\"type\":-1}}}}}');
INSERT INTO `flw_ext_instance` VALUES (1937690140994662401, '1', 1937685776246661122, '重构-测试条件分支+抄送', NULL, '{\"name\":\"重构-测试条件分支+抄送\",\"key\":\"YSEnWT\",\"nodeConfig\":{\"nodeName\":\"发起人\",\"nodeKey\":\"flk_628482457278\",\"type\":0,\"childNode\":{\"nodeName\":\"条件分支\",\"nodeKey\":\"flk_628984946601\",\"type\":4,\"conditionNodes\":[{\"nodeName\":\"条件1\",\"nodeKey\":\"flk_628984948863\",\"type\":3,\"priorityLevel\":1,\"conditionList\":[[{\"label\":\"姓名\",\"field\":\"field3121262863434\",\"operator\":\"==\",\"value\":\"张三\"}]],\"childNode\":{\"nodeName\":\"审批人\",\"nodeKey\":\"flk_629136586084\",\"type\":1,\"setType\":1,\"nodeAssigneeList\":[{\"tenantId\":\"1\",\"id\":\"10036\",\"name\":\"张三\"}],\"examineMode\":1,\"termAuto\":false,\"term\":5,\"termMode\":0}},{\"nodeName\":\"条件2\",\"nodeKey\":\"flk_629198407214\",\"type\":3,\"priorityLevel\":2,\"conditionList\":[[{\"label\":\"姓名\",\"field\":\"field3121262863434\",\"operator\":\"==\",\"value\":\"李四\"}]],\"childNode\":{\"nodeName\":\"审批人\",\"nodeKey\":\"flk_629303905253\",\"type\":1,\"setType\":1,\"nodeAssigneeList\":[{\"tenantId\":\"1\",\"id\":\"10037\",\"name\":\"李四\"}],\"examineMode\":1,\"termAuto\":false,\"term\":5,\"termMode\":0}},{\"nodeName\":\"默认条件\",\"nodeKey\":\"flk_628984942929\",\"type\":3,\"priorityLevel\":3,\"childNode\":{\"nodeName\":\"审批人\",\"nodeKey\":\"flk_631933595892\",\"type\":1,\"setType\":1,\"nodeAssigneeList\":[{\"tenantId\":\"1\",\"id\":\"10040\",\"name\":\"王五\"}],\"examineMode\":1,\"termAuto\":false,\"term\":5,\"termMode\":0}}],\"childNode\":{\"nodeName\":\"结束\",\"type\":-1}}}}');
INSERT INTO `flw_ext_instance` VALUES (1937692767237152770, '1', 1937692423836901377, '测试抄送流程', NULL, '{\"name\":\"测试抄送流程\",\"key\":\"1Z4JAC\",\"nodeConfig\":{\"nodeName\":\"发起人\",\"nodeKey\":\"flk_166770395883\",\"type\":0,\"childNode\":{\"nodeName\":\"审批人\",\"nodeKey\":\"flk_167043884676\",\"type\":1,\"setType\":1,\"nodeAssigneeList\":[{\"tenantId\":\"1\",\"id\":\"10036\",\"name\":\"张三\"}],\"examineMode\":1,\"termAuto\":false,\"term\":5,\"termMode\":0,\"childNode\":{\"nodeName\":\"条件分支\",\"nodeKey\":\"flk_167082047420\",\"type\":4,\"conditionNodes\":[{\"nodeName\":\"条件1\",\"nodeKey\":\"flk_167082059493\",\"type\":3,\"priorityLevel\":1,\"conditionList\":[[{\"label\":\"姓名\",\"field\":\"field2045116693264\",\"operator\":\"==\",\"value\":\"张三\"}]],\"childNode\":{\"nodeName\":\"审批人\",\"nodeKey\":\"flk_167991204184\",\"type\":1,\"setType\":1,\"nodeAssigneeList\":[{\"tenantId\":\"1\",\"id\":\"10036\",\"name\":\"张三\"}],\"examineMode\":1,\"termAuto\":false,\"term\":5,\"termMode\":0}},{\"nodeName\":\"条件2\",\"nodeKey\":\"flk_167098557539\",\"type\":3,\"priorityLevel\":2,\"conditionList\":[[{\"label\":\"姓名\",\"field\":\"field2045116693264\",\"operator\":\"==\",\"value\":\"李四\"}]],\"childNode\":{\"nodeName\":\"审批人\",\"nodeKey\":\"flk_168207447907\",\"type\":1,\"setType\":1,\"nodeAssigneeList\":[{\"tenantId\":\"1\",\"id\":\"10037\",\"name\":\"李四\"}],\"examineMode\":1,\"termAuto\":false,\"term\":5,\"termMode\":0}},{\"nodeName\":\"默认条件\",\"nodeKey\":\"flk_167082052937\",\"type\":3,\"priorityLevel\":3,\"childNode\":{\"nodeName\":\"抄送人\",\"nodeKey\":\"flk_168299072759\",\"type\":2,\"setType\":1,\"nodeAssigneeList\":[{\"tenantId\":\"1\",\"id\":\"10040\",\"name\":\"王五\"}]}}],\"childNode\":{\"nodeName\":\"结束\",\"type\":-1}}}}}');
INSERT INTO `flw_ext_instance` VALUES (1937755697328640002, '1', 1937750584635555842, '测试-选择角色审批', NULL, '{\"name\":\"测试-选择角色审批\",\"key\":\"o3IXYd\",\"nodeConfig\":{\"nodeName\":\"发起人\",\"nodeKey\":\"flk_197793997595\",\"type\":0,\"childNode\":{\"nodeName\":\"审批人\",\"nodeKey\":\"flk_197997386375\",\"type\":1,\"setType\":3,\"nodeAssigneeList\":[{\"id\":\"12\",\"name\":\"工作流\"}],\"examineMode\":1,\"termAuto\":false,\"term\":5,\"termMode\":0,\"childNode\":{\"nodeName\":\"结束\",\"type\":-1}}}}');
INSERT INTO `flw_ext_instance` VALUES (1937757372881784833, '1', 1937750584635555842, '测试-选择角色审批', NULL, '{\"name\":\"测试-选择角色审批\",\"key\":\"o3IXYd\",\"nodeConfig\":{\"nodeName\":\"发起人\",\"nodeKey\":\"flk_197793997595\",\"type\":0,\"childNode\":{\"nodeName\":\"审批人\",\"nodeKey\":\"flk_197997386375\",\"type\":1,\"setType\":3,\"nodeAssigneeList\":[{\"id\":\"12\",\"name\":\"工作流\"}],\"examineMode\":1,\"termAuto\":false,\"term\":5,\"termMode\":0,\"childNode\":{\"nodeName\":\"结束\",\"type\":-1}}}}');
INSERT INTO `flw_ext_instance` VALUES (1937770308987748354, '1', 1937750584635555842, '测试-选择角色审批', NULL, '{\"name\":\"测试-选择角色审批\",\"key\":\"o3IXYd\",\"nodeConfig\":{\"nodeName\":\"发起人\",\"nodeKey\":\"flk_197793997595\",\"type\":0,\"childNode\":{\"nodeName\":\"审批人\",\"nodeKey\":\"flk_197997386375\",\"type\":1,\"setType\":3,\"nodeAssigneeList\":[{\"id\":\"12\",\"name\":\"工作流\"}],\"examineMode\":1,\"termAuto\":false,\"term\":5,\"termMode\":0,\"childNode\":{\"nodeName\":\"结束\",\"type\":-1}}}}');
INSERT INTO `flw_ext_instance` VALUES (1937771016306786306, '1', 1937750584635555842, '测试-选择角色审批', NULL, '{\"name\":\"测试-选择角色审批\",\"key\":\"o3IXYd\",\"nodeConfig\":{\"nodeName\":\"发起人\",\"nodeKey\":\"flk_197793997595\",\"type\":0,\"childNode\":{\"nodeName\":\"审批人\",\"nodeKey\":\"flk_197997386375\",\"type\":1,\"setType\":3,\"nodeAssigneeList\":[{\"id\":\"12\",\"name\":\"工作流\"}],\"examineMode\":1,\"termAuto\":false,\"term\":5,\"termMode\":0,\"childNode\":{\"nodeName\":\"结束\",\"type\":-1}}}}');
INSERT INTO `flw_ext_instance` VALUES (1937801845053562881, '1', 1937801779081355265, '【复合】角色+指定人员', NULL, '{\"name\":\"【复合】角色+指定人员\",\"key\":\"55811K\",\"nodeConfig\":{\"nodeName\":\"发起人\",\"nodeKey\":\"flk_428316743082\",\"type\":0,\"childNode\":{\"nodeName\":\"审批人\",\"nodeKey\":\"flk_428946854057\",\"type\":1,\"setType\":1,\"nodeAssigneeList\":[{\"id\":\"10036\",\"name\":\"张三\"}],\"examineMode\":1,\"termAuto\":false,\"term\":5,\"termMode\":0,\"childNode\":{\"nodeName\":\"审批人\",\"nodeKey\":\"flk_429063597191\",\"type\":1,\"setType\":3,\"nodeAssigneeList\":[{\"id\":\"12\",\"name\":\"工作流\"}],\"examineMode\":1,\"termAuto\":false,\"term\":5,\"termMode\":0,\"childNode\":{\"nodeName\":\"结束\",\"type\":-1}}}}}');
INSERT INTO `flw_ext_instance` VALUES (1937803623874576385, '1', 1937803585651884034, '【复合】角色+指定人员2', NULL, '{\"name\":\"【复合】角色+指定人员2\",\"key\":\"EDM10j\",\"nodeConfig\":{\"nodeName\":\"发起人\",\"nodeKey\":\"flk_432378712209\",\"type\":0,\"childNode\":{\"nodeName\":\"审批人\",\"nodeKey\":\"flk_432540919453\",\"type\":1,\"setType\":1,\"nodeAssigneeList\":[{\"id\":\"10037\",\"name\":\"李四\"}],\"examineMode\":1,\"termAuto\":false,\"term\":5,\"termMode\":0,\"childNode\":{\"nodeName\":\"审批人\",\"nodeKey\":\"flk_432641508345\",\"type\":1,\"setType\":3,\"nodeAssigneeList\":[{\"id\":\"9\",\"name\":\"预览员\"}],\"examineMode\":1,\"termAuto\":false,\"term\":5,\"termMode\":0,\"childNode\":{\"nodeName\":\"结束\",\"type\":-1}}}}}');
INSERT INTO `flw_ext_instance` VALUES (1937817324228952066, NULL, 1937817323981488130, '测试自动认领角色审批', NULL, '{\"name\":\"测试自动认领角色审批\",\"key\":\"testAutoClaimRole\",\"nodeConfig\":{\"nodeName\":\"发起人\",\"nodeKey\":\"flk1725161262899\",\"type\":0,\"childNode\":{\"nodeName\":\"审核人\",\"nodeKey\":\"flk1724860316169\",\"type\":1,\"setType\":3,\"nodeAssigneeList\":[{\"id\":\"100200\",\"name\":\"项目经理\"}],\"examineLevel\":1,\"examineMode\":2,\"directorLevel\":1,\"directorMode\":0,\"selectMode\":1,\"termAuto\":false,\"term\":0,\"termMode\":1,\"typeOfApprove\":1,\"remind\":false,\"approveSelf\":1}}}');
INSERT INTO `flw_ext_instance` VALUES (1938071853298085890, '1', 1937432321926000641, '重构-多节点审批', NULL, '{\"name\":\"重构-多节点审批\",\"key\":\"HR4XD6\",\"nodeConfig\":{\"nodeName\":\"发起人\",\"nodeKey\":\"flk_548032773774\",\"type\":0,\"childNode\":{\"nodeName\":\"审批人\",\"nodeKey\":\"flk_548155482898\",\"type\":1,\"setType\":1,\"nodeAssigneeList\":[{\"tenantId\":\"1\",\"id\":\"10037\",\"name\":\"李四\"}],\"examineMode\":1,\"termAuto\":false,\"term\":5,\"termMode\":0,\"childNode\":{\"nodeName\":\"审批人\",\"nodeKey\":\"flk_548254003532\",\"type\":1,\"setType\":1,\"nodeAssigneeList\":[{\"tenantId\":\"1\",\"id\":\"10040\",\"name\":\"王五\"}],\"examineMode\":1,\"termAuto\":false,\"term\":5,\"termMode\":0,\"childNode\":{\"nodeName\":\"结束\",\"type\":-1}}}}}');
INSERT INTO `flw_ext_instance` VALUES (1938073993240371201, '1', 1937750584635555842, '测试-选择角色审批', NULL, '{\"name\":\"测试-选择角色审批\",\"key\":\"o3IXYd\",\"nodeConfig\":{\"nodeName\":\"发起人\",\"nodeKey\":\"flk_197793997595\",\"type\":0,\"childNode\":{\"nodeName\":\"审批人\",\"nodeKey\":\"flk_197997386375\",\"type\":1,\"setType\":3,\"nodeAssigneeList\":[{\"id\":\"12\",\"name\":\"工作流\"}],\"examineMode\":1,\"termAuto\":false,\"term\":5,\"termMode\":0,\"childNode\":{\"nodeName\":\"结束\",\"type\":-1}}}}');
INSERT INTO `flw_ext_instance` VALUES (1938200097225633793, '1', 1938198773385850882, '订单退款v2', NULL, '{\"name\":\"订单退款v2\",\"key\":\"ONC3I3\",\"nodeConfig\":{\"nodeName\":\"发起人\",\"nodeKey\":\"flk_375411541805\",\"type\":0,\"childNode\":{\"nodeName\":\"审批人\",\"nodeKey\":\"flk_375568987168\",\"type\":1,\"setType\":1,\"nodeAssigneeList\":[{\"id\":\"10036\",\"name\":\"张三\"}],\"examineMode\":1,\"termAuto\":false,\"term\":5,\"termMode\":0,\"childNode\":{\"nodeName\":\"结束\",\"type\":-1}}}}');
INSERT INTO `flw_ext_instance` VALUES (1938412446083616769, '1', 1938198773385850882, '订单退款v2', NULL, '{\"name\":\"订单退款v2\",\"key\":\"ONC3I3\",\"nodeConfig\":{\"nodeName\":\"发起人\",\"nodeKey\":\"flk_375411541805\",\"type\":0,\"childNode\":{\"nodeName\":\"审批人\",\"nodeKey\":\"flk_375568987168\",\"type\":1,\"setType\":1,\"nodeAssigneeList\":[{\"id\":\"10036\",\"name\":\"张三\"}],\"examineMode\":1,\"termAuto\":false,\"term\":5,\"termMode\":0,\"childNode\":{\"nodeName\":\"结束\",\"type\":-1}}}}');
INSERT INTO `flw_ext_instance` VALUES (1938490018926563330, '1', 1938489964895539201, '重构-多节点审批', NULL, '{\"name\":\"重构-多节点审批\",\"key\":\"HR4XD6\",\"nodeConfig\":{\"nodeName\":\"发起人\",\"nodeKey\":\"flk_548032773774\",\"type\":0,\"childNode\":{\"nodeName\":\"审批人\",\"nodeKey\":\"flk_548155482898\",\"type\":1,\"setType\":1,\"nodeAssigneeList\":[{\"tenantId\":\"1\",\"id\":\"10037\",\"name\":\"李四\"}],\"examineMode\":1,\"termAuto\":false,\"term\":5,\"termMode\":0,\"childNode\":{\"nodeName\":\"审批人\",\"nodeKey\":\"flk_548254003532\",\"type\":1,\"setType\":1,\"nodeAssigneeList\":[{\"tenantId\":\"1\",\"id\":\"10040\",\"name\":\"王五\"}],\"examineMode\":1,\"termAuto\":false,\"term\":5,\"termMode\":0,\"childNode\":{\"nodeName\":\"结束\",\"type\":-1}}}}}');
INSERT INTO `flw_ext_instance` VALUES (1938492139470196738, '1', 1938492010960916481, '测试抄送流程', NULL, '{\"name\":\"测试抄送流程\",\"key\":\"1Z4JAC\",\"nodeConfig\":{\"nodeName\":\"发起人\",\"nodeKey\":\"flk_166770395883\",\"type\":0,\"childNode\":{\"nodeName\":\"条件分支\",\"nodeKey\":\"flk_167082047420\",\"type\":4,\"conditionNodes\":[{\"nodeName\":\"条件1\",\"nodeKey\":\"flk_167082059493\",\"type\":3,\"priorityLevel\":1,\"conditionList\":[[{\"label\":\"姓名\",\"field\":\"field2045116693264\",\"operator\":\"==\",\"value\":\"张三\"}]],\"childNode\":{\"nodeName\":\"审批人\",\"nodeKey\":\"flk_167991204184\",\"type\":1,\"setType\":1,\"nodeAssigneeList\":[{\"tenantId\":\"1\",\"id\":\"10036\",\"name\":\"张三\"}],\"examineMode\":1,\"termAuto\":false,\"term\":5,\"termMode\":0}},{\"nodeName\":\"条件2\",\"nodeKey\":\"flk_167098557539\",\"type\":3,\"priorityLevel\":2,\"conditionList\":[[{\"label\":\"姓名\",\"field\":\"field2045116693264\",\"operator\":\"==\",\"value\":\"李四\"}]],\"childNode\":{\"nodeName\":\"审批人\",\"nodeKey\":\"flk_168207447907\",\"type\":1,\"setType\":1,\"nodeAssigneeList\":[{\"tenantId\":\"1\",\"id\":\"10037\",\"name\":\"李四\"}],\"examineMode\":1,\"termAuto\":false,\"term\":5,\"termMode\":0}},{\"nodeName\":\"默认条件\",\"nodeKey\":\"flk_167082052937\",\"type\":3,\"priorityLevel\":3,\"childNode\":{\"nodeName\":\"审批人\",\"nodeKey\":\"flk_074631663847\",\"type\":1,\"setType\":1,\"nodeAssigneeList\":[{\"id\":\"10040\",\"name\":\"王五\"}],\"examineMode\":1,\"termAuto\":false,\"term\":5,\"termMode\":0}}],\"childNode\":{\"nodeName\":\"抄送人\",\"nodeKey\":\"flk_074420132147\",\"type\":2,\"setType\":1,\"nodeAssigneeList\":[{\"tenantId\":\"1\",\"id\":\"10003\",\"name\":\"admin\"}],\"childNode\":{\"nodeName\":\"结束\",\"type\":-1}}}}}');
INSERT INTO `flw_ext_instance` VALUES (1938530984232394754, '1', 1937691461722284033, '重构-测试条件分支', NULL, '{\"name\":\"重构-测试条件分支\",\"key\":\"YSEnWT\",\"nodeConfig\":{\"nodeName\":\"发起人\",\"nodeKey\":\"flk_628482457278\",\"type\":0,\"childNode\":{\"nodeName\":\"条件分支\",\"nodeKey\":\"flk_628984946601\",\"type\":4,\"conditionNodes\":[{\"nodeName\":\"条件1\",\"nodeKey\":\"flk_628984948863\",\"type\":3,\"priorityLevel\":1,\"conditionList\":[[{\"label\":\"姓名\",\"field\":\"field3121262863434\",\"operator\":\"==\",\"value\":\"张三\"}]],\"childNode\":{\"nodeName\":\"审批人\",\"nodeKey\":\"flk_629136586084\",\"type\":1,\"setType\":1,\"nodeAssigneeList\":[{\"tenantId\":\"1\",\"id\":\"10036\",\"name\":\"张三\"}],\"examineMode\":1,\"termAuto\":false,\"term\":5,\"termMode\":0}},{\"nodeName\":\"条件2\",\"nodeKey\":\"flk_629198407214\",\"type\":3,\"priorityLevel\":2,\"conditionList\":[[{\"label\":\"姓名\",\"field\":\"field3121262863434\",\"operator\":\"==\",\"value\":\"李四\"}]],\"childNode\":{\"nodeName\":\"审批人\",\"nodeKey\":\"flk_629303905253\",\"type\":1,\"setType\":1,\"nodeAssigneeList\":[{\"tenantId\":\"1\",\"id\":\"10037\",\"name\":\"李四\"}],\"examineMode\":1,\"termAuto\":false,\"term\":5,\"termMode\":0}},{\"nodeName\":\"默认条件\",\"nodeKey\":\"flk_628984942929\",\"type\":3,\"priorityLevel\":3,\"childNode\":{\"nodeName\":\"审批人\",\"nodeKey\":\"flk_631933595892\",\"type\":1,\"setType\":1,\"nodeAssigneeList\":[{\"tenantId\":\"1\",\"id\":\"10040\",\"name\":\"王五\"}],\"examineMode\":1,\"termAuto\":false,\"term\":5,\"termMode\":0}}],\"childNode\":{\"nodeName\":\"结束\",\"type\":-1}}}}');
INSERT INTO `flw_ext_instance` VALUES (1938532566663602177, '1', 1938489964895539201, '重构-多节点审批', NULL, '{\"name\":\"重构-多节点审批\",\"key\":\"HR4XD6\",\"nodeConfig\":{\"nodeName\":\"发起人\",\"nodeKey\":\"flk_548032773774\",\"type\":0,\"childNode\":{\"nodeName\":\"审批人\",\"nodeKey\":\"flk_548155482898\",\"type\":1,\"setType\":1,\"nodeAssigneeList\":[{\"tenantId\":\"1\",\"id\":\"10037\",\"name\":\"李四\"}],\"examineMode\":1,\"termAuto\":false,\"term\":5,\"termMode\":0,\"childNode\":{\"nodeName\":\"审批人\",\"nodeKey\":\"flk_548254003532\",\"type\":1,\"setType\":1,\"nodeAssigneeList\":[{\"tenantId\":\"1\",\"id\":\"10040\",\"name\":\"王五\"}],\"examineMode\":1,\"termAuto\":false,\"term\":5,\"termMode\":0,\"childNode\":{\"nodeName\":\"结束\",\"type\":-1}}}}}');
INSERT INTO `flw_ext_instance` VALUES (1939603875996803074, '1', 1939603839988703234, '测试或签', NULL, '{\"name\":\"测试或签\",\"key\":\"X36E3y\",\"nodeConfig\":{\"nodeName\":\"发起人\",\"nodeKey\":\"flk_724805138230\",\"type\":0,\"childNode\":{\"nodeName\":\"审批人\",\"nodeKey\":\"flk_725031434333\",\"type\":1,\"setType\":1,\"nodeAssigneeList\":[{\"id\":\"10036\",\"name\":\"张三\"},{\"id\":\"10037\",\"name\":\"李四\"},{\"id\":\"10040\",\"name\":\"王五\"}],\"examineMode\":3,\"termAuto\":false,\"term\":5,\"termMode\":0,\"childNode\":{\"nodeName\":\"结束\",\"type\":-1}}}}');
INSERT INTO `flw_ext_instance` VALUES (1939604888564703234, '1', 1939604855496810497, '测试会签-顺序', NULL, '{\"name\":\"测试会签-顺序\",\"key\":\"A4wnCv\",\"nodeConfig\":{\"nodeName\":\"发起人\",\"nodeKey\":\"flk_727715335785\",\"type\":0,\"childNode\":{\"nodeName\":\"审批人\",\"nodeKey\":\"flk_727902493570\",\"type\":1,\"setType\":1,\"nodeAssigneeList\":[{\"id\":\"10036\",\"name\":\"张三\"},{\"id\":\"10037\",\"name\":\"李四\"},{\"id\":\"10040\",\"name\":\"王五\"}],\"examineMode\":2,\"termAuto\":false,\"term\":5,\"termMode\":0,\"childNode\":{\"nodeName\":\"结束\",\"type\":-1}}}}');
INSERT INTO `flw_ext_instance` VALUES (1939605374403518466, '1', 1939604855496810497, '测试会签-顺序', NULL, '{\"name\":\"测试会签-顺序\",\"key\":\"A4wnCv\",\"nodeConfig\":{\"nodeName\":\"发起人\",\"nodeKey\":\"flk_727715335785\",\"type\":0,\"childNode\":{\"nodeName\":\"审批人\",\"nodeKey\":\"flk_727902493570\",\"type\":1,\"setType\":1,\"nodeAssigneeList\":[{\"id\":\"10036\",\"name\":\"张三\"},{\"id\":\"10037\",\"name\":\"李四\"},{\"id\":\"10040\",\"name\":\"王五\"}],\"examineMode\":2,\"termAuto\":false,\"term\":5,\"termMode\":0,\"childNode\":{\"nodeName\":\"结束\",\"type\":-1}}}}');
INSERT INTO `flw_ext_instance` VALUES (1939871644201914369, '1', 1939871570499604481, '测试会签-顺序', NULL, '{\"name\":\"测试会签-顺序\",\"key\":\"A4wnCv\",\"nodeConfig\":{\"nodeName\":\"发起人\",\"nodeKey\":\"flk_727715335785\",\"type\":0,\"childNode\":{\"nodeName\":\"审批人\",\"nodeKey\":\"flk_727902493570\",\"type\":1,\"setType\":1,\"nodeAssigneeList\":[{\"id\":\"10036\",\"name\":\"张三\"},{\"id\":\"10037\",\"name\":\"李四\"},{\"id\":\"10040\",\"name\":\"王五\"}],\"examineMode\":2,\"termAuto\":false,\"term\":5,\"termMode\":0,\"childNode\":{\"nodeName\":\"结束\",\"type\":-1}}}}');
INSERT INTO `flw_ext_instance` VALUES (1939884528495685634, '1', 1939884398623256578, '测试-驳回到上一级', NULL, '{\"name\":\"测试-驳回到上一级\",\"key\":\"fGP8EU\",\"nodeConfig\":{\"nodeName\":\"发起人\",\"nodeKey\":\"flk_394012065005\",\"type\":0,\"childNode\":{\"nodeName\":\"审批人\",\"nodeKey\":\"flk_394230597164\",\"type\":1,\"setType\":1,\"nodeAssigneeList\":[{\"id\":\"10036\",\"name\":\"张三\"}],\"examineMode\":1,\"termAuto\":false,\"term\":5,\"termMode\":0,\"rejectStrategy\":1,\"childNode\":{\"nodeName\":\"审批人\",\"nodeKey\":\"flk_394370542936\",\"type\":1,\"setType\":1,\"nodeAssigneeList\":[{\"id\":\"10037\",\"name\":\"李四\"}],\"examineMode\":1,\"termAuto\":false,\"term\":5,\"termMode\":0,\"rejectStrategy\":2,\"childNode\":{\"nodeName\":\"结束\",\"type\":-1}}}}}');
INSERT INTO `flw_ext_instance` VALUES (1939885051311484929, '1', 1939884398623256578, '测试-驳回到上一级', NULL, '{\"name\":\"测试-驳回到上一级\",\"key\":\"fGP8EU\",\"nodeConfig\":{\"nodeName\":\"发起人\",\"nodeKey\":\"flk_394012065005\",\"type\":0,\"childNode\":{\"nodeName\":\"审批人\",\"nodeKey\":\"flk_394230597164\",\"type\":1,\"setType\":1,\"nodeAssigneeList\":[{\"id\":\"10036\",\"name\":\"张三\"}],\"examineMode\":1,\"termAuto\":false,\"term\":5,\"termMode\":0,\"rejectStrategy\":1,\"childNode\":{\"nodeName\":\"审批人\",\"nodeKey\":\"flk_394370542936\",\"type\":1,\"setType\":1,\"nodeAssigneeList\":[{\"id\":\"10037\",\"name\":\"李四\"}],\"examineMode\":1,\"termAuto\":false,\"term\":5,\"termMode\":0,\"rejectStrategy\":2,\"childNode\":{\"nodeName\":\"结束\",\"type\":-1}}}}}');
INSERT INTO `flw_ext_instance` VALUES (1939890177124245505, '1', 1939884398623256578, '测试-驳回到上一级', NULL, '{\"name\":\"测试-驳回到上一级\",\"key\":\"fGP8EU\",\"nodeConfig\":{\"nodeName\":\"发起人\",\"nodeKey\":\"flk_394012065005\",\"type\":0,\"childNode\":{\"nodeName\":\"审批人\",\"nodeKey\":\"flk_394230597164\",\"type\":1,\"setType\":1,\"nodeAssigneeList\":[{\"id\":\"10036\",\"name\":\"张三\"}],\"examineMode\":1,\"termAuto\":false,\"term\":5,\"termMode\":0,\"rejectStrategy\":1,\"childNode\":{\"nodeName\":\"审批人\",\"nodeKey\":\"flk_394370542936\",\"type\":1,\"setType\":1,\"nodeAssigneeList\":[{\"id\":\"10037\",\"name\":\"李四\"}],\"examineMode\":1,\"termAuto\":false,\"term\":5,\"termMode\":0,\"rejectStrategy\":2,\"childNode\":{\"nodeName\":\"结束\",\"type\":-1}}}}}');
INSERT INTO `flw_ext_instance` VALUES (1939895048103698434, '1', 1939894983750492162, '测试-驳回到上一级', NULL, '{\"name\":\"测试-驳回到上一级\",\"key\":\"fGP8EU\",\"nodeConfig\":{\"nodeName\":\"发起人\",\"nodeKey\":\"flk_394012065005\",\"type\":0,\"childNode\":{\"nodeName\":\"审批人\",\"nodeKey\":\"flk_394230597164\",\"type\":1,\"setType\":1,\"nodeAssigneeList\":[{\"id\":\"10036\",\"name\":\"张三\"}],\"examineMode\":1,\"termAuto\":false,\"term\":5,\"termMode\":0,\"rejectStrategy\":1,\"childNode\":{\"nodeName\":\"审批人\",\"nodeKey\":\"flk_394370542936\",\"type\":1,\"setType\":1,\"nodeAssigneeList\":[{\"id\":\"10037\",\"name\":\"李四\"}],\"examineMode\":1,\"termAuto\":false,\"term\":5,\"termMode\":0,\"rejectStrategy\":2,\"childNode\":{\"nodeName\":\"结束\",\"type\":-1}}}}}');
INSERT INTO `flw_ext_instance` VALUES (1939924022385090561, '1', 1939923855212716034, '测试-【一级审批驳回到发起人，二级审批驳回到发起人】', NULL, '{\"name\":\"测试-【一级审批驳回到发起人，二级审批驳回到发起人】\",\"key\":\"Xq4cWM\",\"nodeConfig\":{\"nodeName\":\"发起人\",\"nodeKey\":\"flk_488038489934\",\"type\":0,\"childNode\":{\"nodeName\":\"审批人\",\"nodeKey\":\"flk_488390858038\",\"type\":1,\"setType\":1,\"nodeAssigneeList\":[{\"id\":\"10036\",\"name\":\"张三\"}],\"examineMode\":1,\"termAuto\":false,\"term\":5,\"termMode\":0,\"rejectStrategy\":1,\"childNode\":{\"nodeName\":\"审批人\",\"nodeKey\":\"flk_488515357857\",\"type\":1,\"setType\":1,\"nodeAssigneeList\":[{\"id\":\"10037\",\"name\":\"李四\"}],\"examineMode\":1,\"termAuto\":false,\"term\":5,\"termMode\":0,\"rejectStrategy\":1,\"childNode\":{\"nodeName\":\"结束\",\"type\":-1}}}}}');
INSERT INTO `flw_ext_instance` VALUES (1939927925474369538, '1', 1939927885783670786, '测试-【一级审批驳回结束流程 】', NULL, '{\"name\":\"测试-【一级审批驳回结束流程 】\",\"key\":\"4GL5tN\",\"nodeConfig\":{\"nodeName\":\"发起人\",\"nodeKey\":\"flk_497655276944\",\"type\":0,\"childNode\":{\"nodeName\":\"审批人\",\"nodeKey\":\"flk_498022173955\",\"type\":1,\"setType\":1,\"nodeAssigneeList\":[{\"id\":\"10036\",\"name\":\"张三\"}],\"examineMode\":1,\"termAuto\":false,\"term\":5,\"termMode\":0,\"rejectStrategy\":4,\"childNode\":{\"nodeName\":\"结束\",\"type\":-1}}}}');
INSERT INTO `flw_ext_instance` VALUES (1939929350795337730, '1', 1939929305622683649, '测试-订单-20250624', NULL, '{\"name\":\"测试-订单-20250624\",\"key\":\"Xe7U1N\",\"nodeConfig\":{\"nodeName\":\"发起人\",\"nodeKey\":\"node_start\",\"type\":0,\"childNode\":{\"nodeName\":\"审批人\",\"nodeKey\":\"node_300238675717\",\"type\":1,\"setType\":1,\"nodeAssigneeList\":[{\"tenantId\":\"1\",\"id\":\"10037\",\"name\":\"李四\"}],\"examineMode\":1,\"termAuto\":false,\"term\":5,\"termMode\":0,\"childNode\":{\"nodeName\":\"结束\",\"nodeKey\":\"node_end\",\"type\":-1}}}}');
INSERT INTO `flw_ext_instance` VALUES (1939952201321586689, '1', 1939923574836076546, '测试-【一级审批驳回到发起人，二级审批驳回到上一级】', NULL, '{\"name\":\"测试-【一级审批驳回到发起人，二级审批驳回到上一级】\",\"key\":\"fGP8EU\",\"nodeConfig\":{\"nodeName\":\"发起人\",\"nodeKey\":\"flk_394012065005\",\"type\":0,\"childNode\":{\"nodeName\":\"审批人\",\"nodeKey\":\"flk_394230597164\",\"type\":1,\"setType\":1,\"nodeAssigneeList\":[{\"id\":\"10036\",\"name\":\"张三\"}],\"examineMode\":1,\"termAuto\":false,\"term\":5,\"termMode\":0,\"rejectStrategy\":1,\"childNode\":{\"nodeName\":\"审批人\",\"nodeKey\":\"flk_394370542936\",\"type\":1,\"setType\":1,\"nodeAssigneeList\":[{\"id\":\"10037\",\"name\":\"李四\"}],\"examineMode\":1,\"termAuto\":false,\"term\":5,\"termMode\":0,\"rejectStrategy\":2,\"childNode\":{\"nodeName\":\"结束\",\"type\":-1}}}}}');
INSERT INTO `flw_ext_instance` VALUES (1939990917930983425, '1', 1939575900618268674, '测试-选择角色审批', NULL, '{\"name\":\"测试-选择角色审批\",\"key\":\"o3IXYd\",\"nodeConfig\":{\"nodeName\":\"发起人\",\"nodeKey\":\"flk_197793997595\",\"type\":0,\"childNode\":{\"nodeName\":\"审批人\",\"nodeKey\":\"flk_197997386375\",\"type\":1,\"setType\":3,\"nodeAssigneeList\":[{\"id\":\"12\",\"name\":\"工作流\"}],\"examineMode\":1,\"termAuto\":false,\"term\":5,\"termMode\":0,\"childNode\":{\"nodeName\":\"结束\",\"type\":-1}}}}');
INSERT INTO `flw_ext_instance` VALUES (1939993818078289921, '1', 1939575900618268674, '测试-选择角色审批', NULL, '{\"name\":\"测试-选择角色审批\",\"key\":\"o3IXYd\",\"nodeConfig\":{\"nodeName\":\"发起人\",\"nodeKey\":\"flk_197793997595\",\"type\":0,\"childNode\":{\"nodeName\":\"审批人\",\"nodeKey\":\"flk_197997386375\",\"type\":1,\"setType\":3,\"nodeAssigneeList\":[{\"id\":\"12\",\"name\":\"工作流\"}],\"examineMode\":1,\"termAuto\":false,\"term\":5,\"termMode\":0,\"childNode\":{\"nodeName\":\"结束\",\"type\":-1}}}}');
INSERT INTO `flw_ext_instance` VALUES (1939995399393812481, '1', 1939575900618268674, '测试-选择角色审批', NULL, '{\"name\":\"测试-选择角色审批\",\"key\":\"o3IXYd\",\"nodeConfig\":{\"nodeName\":\"发起人\",\"nodeKey\":\"flk_197793997595\",\"type\":0,\"childNode\":{\"nodeName\":\"审批人\",\"nodeKey\":\"flk_197997386375\",\"type\":1,\"setType\":3,\"nodeAssigneeList\":[{\"id\":\"12\",\"name\":\"工作流\"}],\"examineMode\":1,\"termAuto\":false,\"term\":5,\"termMode\":0,\"childNode\":{\"nodeName\":\"结束\",\"type\":-1}}}}');
INSERT INTO `flw_ext_instance` VALUES (1940223617845661697, '1', 1939575900618268674, '测试-选择角色审批', NULL, '{\"name\":\"测试-选择角色审批\",\"key\":\"o3IXYd\",\"nodeConfig\":{\"nodeName\":\"发起人\",\"nodeKey\":\"flk_197793997595\",\"type\":0,\"childNode\":{\"nodeName\":\"审批人\",\"nodeKey\":\"flk_197997386375\",\"type\":1,\"setType\":3,\"nodeAssigneeList\":[{\"id\":\"12\",\"name\":\"工作流\"}],\"examineMode\":1,\"termAuto\":false,\"term\":5,\"termMode\":0,\"childNode\":{\"nodeName\":\"结束\",\"type\":-1}}}}');
INSERT INTO `flw_ext_instance` VALUES (1940223999946756097, '1', 1939923855212716034, '测试-【一级审批驳回到发起人，二级审批驳回到发起人】', NULL, '{\"name\":\"测试-【一级审批驳回到发起人，二级审批驳回到发起人】\",\"key\":\"Xq4cWM\",\"nodeConfig\":{\"nodeName\":\"发起人\",\"nodeKey\":\"flk_488038489934\",\"type\":0,\"childNode\":{\"nodeName\":\"审批人\",\"nodeKey\":\"flk_488390858038\",\"type\":1,\"setType\":1,\"nodeAssigneeList\":[{\"id\":\"10036\",\"name\":\"张三\"}],\"examineMode\":1,\"termAuto\":false,\"term\":5,\"termMode\":0,\"rejectStrategy\":1,\"childNode\":{\"nodeName\":\"审批人\",\"nodeKey\":\"flk_488515357857\",\"type\":1,\"setType\":1,\"nodeAssigneeList\":[{\"id\":\"10037\",\"name\":\"李四\"}],\"examineMode\":1,\"termAuto\":false,\"term\":5,\"termMode\":0,\"rejectStrategy\":1,\"childNode\":{\"nodeName\":\"结束\",\"type\":-1}}}}}');
INSERT INTO `flw_ext_instance` VALUES (1940225600040095746, '1', 1940225571124563970, '测试-角色+审批人驳回策略', NULL, '{\"name\":\"测试-角色+审批人驳回策略\",\"key\":\"F968x2\",\"nodeConfig\":{\"nodeName\":\"发起人\",\"nodeKey\":\"flk_207490923710\",\"type\":0,\"childNode\":{\"nodeName\":\"审批人\",\"nodeKey\":\"flk_207801143630\",\"type\":1,\"setType\":3,\"nodeAssigneeList\":[{\"id\":\"12\",\"name\":\"工作流\"}],\"examineMode\":1,\"termAuto\":false,\"term\":5,\"termMode\":0,\"childNode\":{\"nodeName\":\"审批人\",\"nodeKey\":\"flk_207876924670\",\"type\":1,\"setType\":1,\"nodeAssigneeList\":[{\"id\":\"10040\",\"name\":\"王五\"}],\"examineMode\":1,\"termAuto\":false,\"term\":5,\"termMode\":0,\"childNode\":{\"nodeName\":\"结束\",\"type\":-1}}}}}');
INSERT INTO `flw_ext_instance` VALUES (1940226223984758786, '1', 1940226196654673921, '测试-角色+审批人驳回策略', NULL, '{\"name\":\"测试-角色+审批人驳回策略\",\"key\":\"F968x2\",\"nodeConfig\":{\"nodeName\":\"发起人\",\"nodeKey\":\"flk_207490923710\",\"type\":0,\"childNode\":{\"nodeName\":\"审批人\",\"nodeKey\":\"flk_207801143630\",\"type\":1,\"setType\":3,\"nodeAssigneeList\":[{\"id\":\"12\",\"name\":\"工作流\"}],\"examineMode\":1,\"termAuto\":false,\"term\":5,\"termMode\":0,\"rejectStrategy\":4,\"childNode\":{\"nodeName\":\"审批人\",\"nodeKey\":\"flk_207876924670\",\"type\":1,\"setType\":1,\"nodeAssigneeList\":[{\"id\":\"10040\",\"name\":\"王五\"}],\"examineMode\":1,\"termAuto\":false,\"term\":5,\"termMode\":0,\"rejectStrategy\":2,\"childNode\":{\"nodeName\":\"结束\",\"type\":-1}}}}}');
INSERT INTO `flw_ext_instance` VALUES (1940227672856829954, '1', 1939575900618268674, '测试-选择角色审批', NULL, '{\"name\":\"测试-选择角色审批\",\"key\":\"o3IXYd\",\"nodeConfig\":{\"nodeName\":\"发起人\",\"nodeKey\":\"flk_197793997595\",\"type\":0,\"childNode\":{\"nodeName\":\"审批人\",\"nodeKey\":\"flk_197997386375\",\"type\":1,\"setType\":3,\"nodeAssigneeList\":[{\"id\":\"12\",\"name\":\"工作流\"}],\"examineMode\":1,\"termAuto\":false,\"term\":5,\"termMode\":0,\"childNode\":{\"nodeName\":\"结束\",\"type\":-1}}}}');
INSERT INTO `flw_ext_instance` VALUES (1940228222482518017, '1', 1939575900618268674, '测试-选择角色审批', NULL, '{\"name\":\"测试-选择角色审批\",\"key\":\"o3IXYd\",\"nodeConfig\":{\"nodeName\":\"发起人\",\"nodeKey\":\"flk_197793997595\",\"type\":0,\"childNode\":{\"nodeName\":\"审批人\",\"nodeKey\":\"flk_197997386375\",\"type\":1,\"setType\":3,\"nodeAssigneeList\":[{\"id\":\"12\",\"name\":\"工作流\"}],\"examineMode\":1,\"termAuto\":false,\"term\":5,\"termMode\":0,\"childNode\":{\"nodeName\":\"结束\",\"type\":-1}}}}');
INSERT INTO `flw_ext_instance` VALUES (1940231029705138177, '1', 1940226196654673921, '测试-角色+审批人驳回策略', NULL, '{\"name\":\"测试-角色+审批人驳回策略\",\"key\":\"F968x2\",\"nodeConfig\":{\"nodeName\":\"发起人\",\"nodeKey\":\"flk_207490923710\",\"type\":0,\"childNode\":{\"nodeName\":\"审批人\",\"nodeKey\":\"flk_207801143630\",\"type\":1,\"setType\":3,\"nodeAssigneeList\":[{\"id\":\"12\",\"name\":\"工作流\"}],\"examineMode\":1,\"termAuto\":false,\"term\":5,\"termMode\":0,\"rejectStrategy\":4,\"childNode\":{\"nodeName\":\"审批人\",\"nodeKey\":\"flk_207876924670\",\"type\":1,\"setType\":1,\"nodeAssigneeList\":[{\"id\":\"10040\",\"name\":\"王五\"}],\"examineMode\":1,\"termAuto\":false,\"term\":5,\"termMode\":0,\"rejectStrategy\":2,\"childNode\":{\"nodeName\":\"结束\",\"type\":-1}}}}}');
INSERT INTO `flw_ext_instance` VALUES (1940232920191115266, '1', 1939575900618268674, '测试-选择角色审批', NULL, '{\"name\":\"测试-选择角色审批\",\"key\":\"o3IXYd\",\"nodeConfig\":{\"nodeName\":\"发起人\",\"nodeKey\":\"flk_197793997595\",\"type\":0,\"childNode\":{\"nodeName\":\"审批人\",\"nodeKey\":\"flk_197997386375\",\"type\":1,\"setType\":3,\"nodeAssigneeList\":[{\"id\":\"12\",\"name\":\"工作流\"}],\"examineMode\":1,\"termAuto\":false,\"term\":5,\"termMode\":0,\"childNode\":{\"nodeName\":\"结束\",\"type\":-1}}}}');
INSERT INTO `flw_ext_instance` VALUES (1940233202320973825, '1', 1940233167516639233, '测试-选择角色审批', NULL, '{\"name\":\"测试-选择角色审批\",\"key\":\"o3IXYd\",\"nodeConfig\":{\"nodeName\":\"发起人\",\"nodeKey\":\"flk_197793997595\",\"type\":0,\"childNode\":{\"nodeName\":\"审批人\",\"nodeKey\":\"flk_197997386375\",\"type\":1,\"setType\":3,\"nodeAssigneeList\":[{\"id\":\"12\",\"name\":\"工作流\"}],\"examineMode\":1,\"termAuto\":false,\"term\":5,\"termMode\":0,\"rejectStrategy\":1,\"childNode\":{\"nodeName\":\"结束\",\"type\":-1}}}}');

-- ----------------------------
-- Table structure for flw_his_instance
-- ----------------------------
DROP TABLE IF EXISTS `flw_his_instance`;
CREATE TABLE `flw_his_instance`  (
  `id` bigint NOT NULL COMMENT '主键ID',
  `tenant_id` varchar(50) CHARACTER SET utf8mb4 COLLATE utf8mb4_0900_ai_ci NULL DEFAULT NULL COMMENT '租户ID',
  `create_id` varchar(50) CHARACTER SET utf8mb4 COLLATE utf8mb4_0900_ai_ci NOT NULL COMMENT '创建人ID',
  `create_by` varchar(50) CHARACTER SET utf8mb4 COLLATE utf8mb4_0900_ai_ci NOT NULL COMMENT '创建人名称',
  `create_time` timestamp NOT NULL DEFAULT CURRENT_TIMESTAMP ON UPDATE CURRENT_TIMESTAMP COMMENT '创建时间',
  `process_id` bigint NOT NULL COMMENT '流程定义ID',
  `parent_instance_id` bigint NULL DEFAULT NULL COMMENT '父流程实例ID',
  `priority` tinyint(1) NULL DEFAULT NULL COMMENT '优先级',
  `instance_no` varchar(50) CHARACTER SET utf8mb4 COLLATE utf8mb4_0900_ai_ci NULL DEFAULT NULL COMMENT '流程实例编号',
  `business_key` varchar(100) CHARACTER SET utf8mb4 COLLATE utf8mb4_0900_ai_ci NULL DEFAULT NULL COMMENT '业务KEY',
  `variable` text CHARACTER SET utf8mb4 COLLATE utf8mb4_0900_ai_ci NULL COMMENT '变量json',
  `current_node_name` varchar(100) CHARACTER SET utf8mb4 COLLATE utf8mb4_0900_ai_ci NOT NULL COMMENT '当前所在节点名称',
  `current_node_key` varchar(100) CHARACTER SET utf8mb4 COLLATE utf8mb4_0900_ai_ci NOT NULL COMMENT '当前所在节点key',
  `expire_time` timestamp NULL DEFAULT NULL COMMENT '期望完成时间',
  `last_update_by` varchar(50) CHARACTER SET utf8mb4 COLLATE utf8mb4_0900_ai_ci NULL DEFAULT NULL COMMENT '上次更新人',
  `last_update_time` timestamp NULL DEFAULT NULL COMMENT '上次更新时间',
  `instance_state` tinyint(1) NOT NULL DEFAULT 0 COMMENT '状态 0，审批中 1，审批通过 2，审批拒绝 3，撤销审批 4，超时结束 5，强制终止',
  `end_time` timestamp NULL DEFAULT NULL COMMENT '结束时间',
  `duration` bigint NULL DEFAULT NULL COMMENT '处理耗时',
  PRIMARY KEY (`id`) USING BTREE,
  INDEX `idx_his_instance_process_id`(`process_id` ASC) USING BTREE,
  CONSTRAINT `fk_his_instance_process_id` FOREIGN KEY (`process_id`) REFERENCES `flw_process` (`id`) ON DELETE RESTRICT ON UPDATE RESTRICT
) ENGINE = InnoDB CHARACTER SET = utf8mb4 COLLATE = utf8mb4_0900_ai_ci COMMENT = '历史流程实例表' ROW_FORMAT = DYNAMIC;

-- ----------------------------
-- Records of flw_his_instance
-- ----------------------------
INSERT INTO `flw_his_instance` VALUES (1937099900458360834, '1', '10003', 'admin', '2025-06-23 18:46:20', 1937099843088670722, NULL, NULL, NULL, NULL, '{\"field7483172626689\":\"8678\"}', '审批人1', '', NULL, 'admin', '2025-06-23 18:46:21', 0, NULL, NULL);
INSERT INTO `flw_his_instance` VALUES (1937322115892240386, '1', '10003', 'admin', '2025-06-24 09:29:20', 1937099843088670722, NULL, NULL, NULL, NULL, '{\"field7483172626689\":\"王五\"}', '审批人1', '', NULL, 'admin', '2025-06-24 09:29:21', 0, NULL, NULL);
INSERT INTO `flw_his_instance` VALUES (1937323981887758338, '1', '10033', '测试', '2025-06-24 09:36:47', 1937099843088670722, NULL, NULL, NULL, NULL, '{\"field7483172626689\":\"123\"}', '审批人1', '', NULL, '测试', '2025-06-24 09:36:47', 0, NULL, NULL);
INSERT INTO `flw_his_instance` VALUES (1937328410523246593, '1', '10036', '张三', '2025-06-24 09:54:21', 1937328316436619265, NULL, NULL, NULL, NULL, '{\"field9667230021065\":\"6456\"}', '结束', '', NULL, '李四', '2025-06-24 10:16:37', 1, '2025-06-24 10:16:37', 1335576);
INSERT INTO `flw_his_instance` VALUES (1937337119773204482, '1', '10040', '王五', '2025-06-24 10:30:07', 1937099843088670722, NULL, NULL, NULL, NULL, '{\"field7483172626689\":\"7567\"}', '结束', '', NULL, '李四', '2025-06-24 10:32:13', 1, '2025-06-24 10:32:13', 125917);
INSERT INTO `flw_his_instance` VALUES (1937340144197738497, '1', '10040', '王五', '2025-06-24 10:40:59', 1937339662800691201, NULL, NULL, NULL, NULL, '{\"field8086132477668\":\"张\",\"field8929432485598\":34}', '审批人1', '', NULL, '王五', '2025-06-24 10:40:59', 2, '2025-06-24 10:41:32', 33115);
INSERT INTO `flw_his_instance` VALUES (1937340712228134913, '1', '10040', '王五', '2025-06-24 10:43:14', 1937339662800691201, NULL, NULL, NULL, NULL, '{\"field8086132477668\":\"李\",\"field8929432485598\":34}', '结束', '', NULL, '李四', '2025-06-24 10:43:53', 1, '2025-06-24 10:43:53', 39120);
INSERT INTO `flw_his_instance` VALUES (1937392902825254913, '1', '10003', 'admin', '2025-06-24 14:10:38', 1937392853718343682, NULL, NULL, NULL, NULL, '{\"field1590545409333\":\"5345\"}', '结束', '', NULL, 'admin', '2025-06-24 14:10:38', 1, '2025-06-24 14:10:38', -184);
INSERT INTO `flw_his_instance` VALUES (1937435848714907649, '1', '10003', 'admin', '2025-06-24 18:57:50', 1937432321926000641, NULL, 0, NULL, NULL, '{\"field6672654810156\":\"345\"}', '结束', 'flk_548254003532', NULL, '王五', '2025-06-24 18:58:34', 1, '2025-06-24 18:58:34', 43698);
INSERT INTO `flw_his_instance` VALUES (1937690140994662401, '1', '10003', 'admin', '2025-06-25 09:51:44', 1937685776246661122, NULL, 0, NULL, NULL, '{\"field3121262863434\":\"李四\",\"field9111662889828\":5}', '结束', 'flk_629303905253', NULL, '李四', '2025-06-25 09:53:51', 1, '2025-06-25 09:53:51', 126946);
INSERT INTO `flw_his_instance` VALUES (1937692767237152770, '1', '10037', '李四', '2025-06-25 10:02:11', 1937692423836901377, NULL, 0, NULL, NULL, '{\"field2045116693264\":\"赵六\",\"field6089916696035\":\"423\",\"field5658916755629\":[1749657600000,1752854400000],\"field6486816750939\":[\"选项1\",\"选项2\"]}', '结束', 'flk_167043884676', NULL, '张三', '2025-06-25 10:03:24', 1, '2025-06-25 10:03:24', 73464);
INSERT INTO `flw_his_instance` VALUES (1937755697328640002, '1', '10037', '李四', '2025-06-25 14:12:14', 1937750584635555842, NULL, 0, NULL, NULL, '{\"field6833819855060\":\"345\"}', '审批人', 'flk_197997386375', NULL, '李四', '2025-06-25 14:12:15', 3, '2025-06-25 15:10:02', 3467513);
INSERT INTO `flw_his_instance` VALUES (1937757372881784833, '1', '10003', 'admin', '2025-06-25 14:18:54', 1937750584635555842, NULL, 0, NULL, NULL, '{\"field6833819855060\":\"4656\"}', '结束', 'flk_197997386375', NULL, '张三', '2025-06-26 10:40:20', 1, '2025-06-26 10:40:20', 73285696);
INSERT INTO `flw_his_instance` VALUES (1937770308987748354, '1', '10003', 'admin', '2025-06-25 15:10:18', 1937750584635555842, NULL, 0, NULL, NULL, '{\"field6833819855060\":\"6456\"}', '结束', 'flk_197997386375', NULL, '张三', '2025-06-26 10:18:04', 1, '2025-06-26 10:18:04', 68865729);
INSERT INTO `flw_his_instance` VALUES (1937771016306786306, '1', '10003', 'admin', '2025-06-25 15:13:07', 1937750584635555842, NULL, 0, NULL, NULL, '{\"field6833819855060\":\"8678\"}', '结束', 'flk_197997386375', NULL, '王五', '2025-06-26 10:14:13', 1, '2025-06-26 10:14:13', 68465574);
INSERT INTO `flw_his_instance` VALUES (1937801845053562881, '1', '10003', 'admin', '2025-06-25 17:16:50', 1937801779081355265, NULL, 0, NULL, NULL, '{\"field1522742892094\":\"4234\"}', '结束', 'flk_429063597191', NULL, '王五', '2025-06-26 10:11:33', 1, '2025-06-26 10:11:33', 60883064);
INSERT INTO `flw_his_instance` VALUES (1937803623874576385, '1', '10003', 'admin', '2025-06-25 17:27:28', 1937803585651884034, NULL, 0, NULL, NULL, '{\"field6538643251571\":\"6456\"}', '审批人', 'flk_432641508345', NULL, '李四', '2025-06-25 17:27:29', 3, '2025-06-26 10:30:03', 61355236);
INSERT INTO `flw_his_instance` VALUES (1937817324228952066, NULL, 'test001', '测试001', '2025-06-25 18:17:07', 1937817323981488130, NULL, 0, NULL, NULL, NULL, '审核人', 'flk1724860316169', NULL, '测试002', '2025-06-25 18:20:11', 1, '2025-06-25 18:20:11', 183772);
INSERT INTO `flw_his_instance` VALUES (1938071853298085890, '1', '10003', 'admin', '2025-06-26 11:09:00', 1937432321926000641, NULL, 0, NULL, NULL, '{\"field6672654810156\":\"53445\"}', '结束', 'flk_548254003532', NULL, '王五', '2025-06-26 11:10:30', 1, '2025-06-26 11:10:30', 90017);
INSERT INTO `flw_his_instance` VALUES (1938073993240371201, '1', '10003', 'admin', '2025-06-26 11:17:02', 1937750584635555842, NULL, 0, NULL, NULL, '{\"field6833819855060\":\"5345\"}', '审批人', 'flk_197997386375', NULL, 'admin', '2025-06-26 11:17:02', 2, '2025-06-26 11:17:26', 23514);
INSERT INTO `flw_his_instance` VALUES (1938200097225633793, '1', '10003', 'admin', '2025-06-26 19:38:07', 1938198773385850882, NULL, 0, NULL, NULL, '{\"field8467537553027\":\"6456\"}', '结束', 'flk_375568987168', NULL, '张三', '2025-06-27 09:41:07', 1, '2025-06-27 09:41:07', 50579797);
INSERT INTO `flw_his_instance` VALUES (1938412446083616769, '1', '10003', 'admin', '2025-06-27 09:41:55', 1938198773385850882, NULL, 0, NULL, NULL, '{\"field8467537553027\":\"74567\"}', '结束', 'flk_375568987168', NULL, '张三', '2025-06-27 09:42:05', 1, '2025-06-27 09:42:06', 10537);
INSERT INTO `flw_his_instance` VALUES (1938490018926563330, '1', '10003', 'admin', '2025-06-27 14:51:54', 1938489964895539201, NULL, 0, NULL, NULL, '{\"field6672654810156\":\"235234\",\"field3439806988456\":\"234234\"}', '结束', 'flk_548254003532', NULL, '王五', '2025-06-27 14:55:04', 1, '2025-06-27 14:55:04', 190038);
INSERT INTO `flw_his_instance` VALUES (1938492139470196738, '1', '10003', 'admin', '2025-06-27 14:58:36', 1938492010960916481, NULL, 0, NULL, NULL, '{\"field2045116693264\":\"李四\",\"field6089916696035\":\"234\",\"field6486816750939\":[\"选项2\"]}', '结束', 'flk_168207447907', NULL, '李四', '2025-06-27 14:59:10', 1, '2025-06-27 14:59:10', 34431);
INSERT INTO `flw_his_instance` VALUES (1938530984232394754, '1', '10003', 'admin', '2025-06-27 17:32:57', 1937691461722284033, NULL, 0, NULL, NULL, '{\"field3121262863434\":\"423\",\"field9111662889828\":234}', '结束', 'flk_631933595892', NULL, '王五', '2025-06-27 17:35:39', 1, '2025-06-27 17:35:39', 161592);
INSERT INTO `flw_his_instance` VALUES (1938532566663602177, '1', '10003', 'admin', '2025-06-27 17:39:14', 1938489964895539201, NULL, 0, NULL, NULL, '{\"field6672654810156\":\"5345\",\"field3439806988456\":\"345\"}', '审批人', 'flk_548155482898', NULL, 'admin', '2025-06-27 17:39:15', 2, '2025-07-02 09:41:31', 403337338);
INSERT INTO `flw_his_instance` VALUES (1939603875996803074, '1', '10003', 'admin', '2025-06-30 16:36:14', 1939603839988703234, NULL, 0, NULL, NULL, '{\"field6129372500316\":\"234234\"}', '结束', 'flk_725031434333', NULL, '王五', '2025-06-30 16:38:33', 1, '2025-06-30 16:38:33', 139457);
INSERT INTO `flw_his_instance` VALUES (1939604888564703234, '1', '10003', 'admin', '2025-06-30 16:40:16', 1939604855496810497, NULL, 0, NULL, NULL, '{\"field9493272787759\":\"5345\"}', '结束', 'flk_727902493570', NULL, '王五', '2025-06-30 16:41:51', 1, '2025-06-30 16:41:51', 95434);
INSERT INTO `flw_his_instance` VALUES (1939605374403518466, '1', '10003', 'admin', '2025-06-30 16:42:12', 1939604855496810497, NULL, 0, NULL, NULL, '{\"field9493272787759\":\"8678\"}', '审批人', 'flk_727902493570', NULL, 'admin', '2025-06-30 16:42:12', 2, '2025-06-30 16:42:32', 19932);
INSERT INTO `flw_his_instance` VALUES (1939871644201914369, '1', '10003', 'admin', '2025-07-01 10:20:15', 1939871570499604481, NULL, 0, NULL, NULL, '{\"field9493272787759\":\"24234\"}', '审批人', 'flk_727902493570', NULL, 'admin', '2025-07-01 10:20:16', 2, '2025-07-02 09:41:14', 84058787);
INSERT INTO `flw_his_instance` VALUES (1939884528495685634, '1', '10003', 'admin', '2025-07-01 11:12:00', 1939884398623256578, NULL, 0, NULL, NULL, '{\"field5062039420909\":\"234\"}', '发起人', 'flk_394012065005', NULL, '张三', '2025-07-01 11:12:00', 3, '2025-07-01 11:13:05', 64739);
INSERT INTO `flw_his_instance` VALUES (1939885051311484929, '1', '10003', 'admin', '2025-07-01 11:15:53', 1939884398623256578, NULL, 0, NULL, NULL, '{\"field5062039420909\":\"23424\"}', '结束', 'flk_394370542936', NULL, '李四', '2025-07-01 11:16:14', 1, '2025-07-01 11:16:14', 20989);
INSERT INTO `flw_his_instance` VALUES (1939890177124245505, '1', '10003', 'admin', '2025-07-01 11:51:45', 1939884398623256578, NULL, 0, NULL, NULL, '{\"field5062039420909\":\"4234\"}', '发起人', 'flk_394012065005', NULL, '张三', '2025-07-01 11:51:46', 3, '2025-07-01 11:52:37', 52244);
INSERT INTO `flw_his_instance` VALUES (1939895048103698434, '1', '10003', 'admin', '2025-07-01 13:40:11', 1939894983750492162, NULL, 0, NULL, NULL, '{\"field5062039420909\":\"张毅4\",\"field8314741966315\":\"成都4\"}', '结束', 'flk_394370542936', NULL, '李四', '2025-07-01 13:40:27', 1, '2025-07-01 13:40:27', 15939);
INSERT INTO `flw_his_instance` VALUES (1939924022385090561, '1', '10003', 'admin', '2025-07-01 14:02:19', 1939923855212716034, NULL, 0, NULL, NULL, '{\"field3302248832420\":\"床前明月光\",\"field6801248834230\":49,\"field9543448836057\":\"选项12\"}', '结束', 'flk_488515357857', NULL, '李四', '2025-07-01 14:02:32', 1, '2025-07-01 14:02:32', 13137);
INSERT INTO `flw_his_instance` VALUES (1939927925474369538, '1', '10003', 'admin', '2025-07-01 14:03:54', 1939927885783670786, NULL, 0, NULL, NULL, '{\"field2436349794971\":\"5345\",\"field5546349796847\":[\"选项1\"]}', '审批人', 'flk_498022173955', NULL, 'admin', '2025-07-01 14:03:54', 2, '2025-07-01 14:04:08', 14410);
INSERT INTO `flw_his_instance` VALUES (1939929350795337730, '1', '10003', 'admin', '2025-07-01 14:09:34', 1939929305622683649, NULL, 0, NULL, NULL, '{\"field9667230021065\":\"67567\"}', '结束', 'node_end', NULL, '李四', '2025-07-01 14:10:15', 1, '2025-07-01 14:10:15', 41401);
INSERT INTO `flw_his_instance` VALUES (1939952201321586689, '1', '10003', 'admin', '2025-07-01 16:28:13', 1939923574836076546, NULL, 0, NULL, NULL, '{\"field5062039420909\":\"6456645\",\"field8314741966315\":\"45665\"}', '审批人', 'flk_394230597164', NULL, 'admin', '2025-07-01 16:28:13', 0, NULL, NULL);
INSERT INTO `flw_his_instance` VALUES (1939990917930983425, '1', '10003', 'admin', '2025-07-01 18:14:12', 1939575900618268674, NULL, 0, NULL, NULL, '{\"field6833819855060\":\"534\"}', '结束', 'flk_197997386375', NULL, '张三', '2025-07-01 18:15:38', 1, '2025-07-01 18:15:38', 86493);
INSERT INTO `flw_his_instance` VALUES (1939993818078289921, '1', '10003', 'admin', '2025-07-01 18:25:44', 1939575900618268674, NULL, 0, NULL, NULL, '{\"field6833819855060\":\"7567\"}', '结束', 'flk_197997386375', NULL, '王五', '2025-07-01 18:26:05', 1, '2025-07-01 18:26:05', 20566);
INSERT INTO `flw_his_instance` VALUES (1939995399393812481, '1', '10003', 'admin', '2025-07-01 18:32:01', 1939575900618268674, NULL, 0, NULL, NULL, '{\"field6833819855060\":\"75567\"}', '审批人', 'flk_197997386375', NULL, 'admin', '2025-07-01 18:32:01', 2, '2025-07-01 18:33:35', 94388);
INSERT INTO `flw_his_instance` VALUES (1940223617845661697, '1', '10003', 'admin', '2025-07-02 09:38:52', 1939575900618268674, NULL, 0, NULL, NULL, '{\"field6833819855060\":\"456\"}', '审批人', 'flk_197997386375', NULL, 'admin', '2025-07-02 09:38:53', 2, '2025-07-02 09:39:09', 17102);
INSERT INTO `flw_his_instance` VALUES (1940223999946756097, '1', '10003', 'admin', '2025-07-02 13:35:27', 1939923855212716034, NULL, 0, NULL, NULL, '{\"field3302248832420\":\"456\",\"field6801248834230\":4564,\"field9543448836057\":\"选项2\"}', '审批人', 'flk_488515357857', NULL, '张三', '2025-07-02 13:35:28', 3, '2025-07-02 13:36:05', 38365);
INSERT INTO `flw_his_instance` VALUES (1940225600040095746, '1', '10003', 'admin', '2025-07-02 09:48:19', 1940225571124563970, NULL, 0, NULL, NULL, '{\"field6721620777230\":\"354\"}', '审批人', 'flk_207876924670', NULL, '李四', '2025-07-02 09:48:20', 2, '2025-07-02 09:48:31', 12395);
INSERT INTO `flw_his_instance` VALUES (1940226223984758786, '1', '10003', 'admin', '2025-07-02 09:49:33', 1940226196654673921, NULL, 0, NULL, NULL, '{\"field6721620777230\":\"8678\"}', '审批人', 'flk_207801143630', NULL, '李四', '2025-07-02 09:49:33', 0, NULL, NULL);
INSERT INTO `flw_his_instance` VALUES (1940227672856829954, '1', '10003', 'admin', '2025-07-02 09:54:59', 1939575900618268674, NULL, 0, NULL, NULL, '{\"field6833819855060\":\"567\"}', '审批人', 'flk_197997386375', NULL, 'admin', '2025-07-02 09:55:00', 2, '2025-07-02 09:55:36', 37379);
INSERT INTO `flw_his_instance` VALUES (1940228222482518017, '1', '10003', 'admin', '2025-07-02 09:57:10', 1939575900618268674, NULL, 0, NULL, NULL, '{\"field6833819855060\":\"7567\"}', '结束', 'flk_197997386375', NULL, '李四', '2025-07-02 09:57:42', 1, '2025-07-02 09:57:42', 32191);
INSERT INTO `flw_his_instance` VALUES (1940231029705138177, '1', '10003', 'admin', '2025-07-02 10:09:38', 1940226196654673921, NULL, 0, NULL, NULL, '{\"field6721620777230\":\"5345\"}', '结束', 'flk_207876924670', NULL, '王五', '2025-07-02 10:10:56', 1, '2025-07-02 10:10:56', 78416);
INSERT INTO `flw_his_instance` VALUES (1940232920191115266, '1', '10003', 'admin', '2025-07-02 10:15:50', 1939575900618268674, NULL, 0, NULL, NULL, '{\"field6833819855060\":\"6456\"}', '审批人', 'flk_197997386375', NULL, 'admin', '2025-07-02 10:15:51', 2, '2025-07-02 10:16:22', 32285);
INSERT INTO `flw_his_instance` VALUES (1940233202320973825, '1', '10003', 'admin', '2025-07-02 10:17:30', 1940233167516639233, NULL, 0, NULL, NULL, '{\"field6833819855060\":\"345456怀旧服更好\"}', '结束', 'flk_197997386375', NULL, '张三', '2025-07-02 10:18:39', 1, '2025-07-02 10:18:39', 69483);

-- ----------------------------
-- Table structure for flw_his_task
-- ----------------------------
DROP TABLE IF EXISTS `flw_his_task`;
CREATE TABLE `flw_his_task`  (
  `id` bigint NOT NULL COMMENT '主键ID',
  `tenant_id` varchar(50) CHARACTER SET utf8mb4 COLLATE utf8mb4_0900_ai_ci NULL DEFAULT NULL COMMENT '租户ID',
  `create_id` varchar(50) CHARACTER SET utf8mb4 COLLATE utf8mb4_0900_ai_ci NOT NULL COMMENT '创建人ID',
  `create_by` varchar(50) CHARACTER SET utf8mb4 COLLATE utf8mb4_0900_ai_ci NOT NULL COMMENT '创建人名称',
  `create_time` timestamp NOT NULL DEFAULT CURRENT_TIMESTAMP ON UPDATE CURRENT_TIMESTAMP COMMENT '创建时间',
  `instance_id` bigint NOT NULL COMMENT '流程实例ID',
  `parent_task_id` bigint NULL DEFAULT NULL COMMENT '父任务ID',
  `call_process_id` bigint NULL DEFAULT NULL COMMENT '调用外部流程定义ID',
  `call_instance_id` bigint NULL DEFAULT NULL COMMENT '调用外部流程实例ID',
  `task_name` varchar(100) CHARACTER SET utf8mb4 COLLATE utf8mb4_0900_ai_ci NOT NULL COMMENT '任务名称',
  `task_key` varchar(100) CHARACTER SET utf8mb4 COLLATE utf8mb4_0900_ai_ci NOT NULL COMMENT '任务 key 唯一标识',
  `task_type` tinyint(1) NOT NULL COMMENT '任务类型',
  `display_name` varchar(200) CHARACTER SET utf8mb4 COLLATE utf8mb4_0900_ai_ci NULL DEFAULT NULL COMMENT '任务显示名称',
  `perform_type` tinyint(1) NULL DEFAULT NULL COMMENT '参与类型',
  `action_url` varchar(200) CHARACTER SET utf8mb4 COLLATE utf8mb4_0900_ai_ci NULL DEFAULT NULL COMMENT '任务处理的url',
  `variable` json NULL COMMENT '变量json',
  `assignor_id` varchar(100) CHARACTER SET utf8mb4 COLLATE utf8mb4_0900_ai_ci NULL DEFAULT NULL COMMENT '委托人ID',
  `assignor` varchar(255) CHARACTER SET utf8mb4 COLLATE utf8mb4_0900_ai_ci NULL DEFAULT NULL COMMENT '委托人',
  `expire_time` timestamp NULL DEFAULT NULL COMMENT '任务期望完成时间',
  `remind_time` timestamp NULL DEFAULT NULL COMMENT '提醒时间',
  `remind_repeat` tinyint(1) NOT NULL DEFAULT 0 COMMENT '提醒次数',
  `viewed` tinyint(1) NOT NULL DEFAULT 0 COMMENT '已阅 0，否 1，是',
  `finish_time` timestamp NULL DEFAULT NULL COMMENT '任务完成时间',
  `task_state` tinyint(1) NOT NULL DEFAULT 0 COMMENT '任务状态 0，活动 1，跳转 2，完成 3，拒绝 4，撤销审批  5，超时 6，终止 7，驳回终止',
  `duration` bigint NULL DEFAULT NULL COMMENT '处理耗时',
  PRIMARY KEY (`id`) USING BTREE,
  INDEX `idx_his_task_instance_id`(`instance_id` ASC) USING BTREE,
  INDEX `idx_his_task_parent_task_id`(`parent_task_id` ASC) USING BTREE,
  CONSTRAINT `fk_his_task_instance_id` FOREIGN KEY (`instance_id`) REFERENCES `flw_his_instance` (`id`) ON DELETE RESTRICT ON UPDATE RESTRICT
) ENGINE = InnoDB CHARACTER SET = utf8mb4 COLLATE = utf8mb4_0900_ai_ci COMMENT = '历史任务表' ROW_FORMAT = DYNAMIC;

-- ----------------------------
-- Records of flw_his_task
-- ----------------------------
INSERT INTO `flw_his_task` VALUES (1937099900659687426, '1', '10003', 'admin', '2025-06-23 18:46:21', 1937099900458360834, 0, NULL, NULL, '发起人', '', 0, '发起人', 0, NULL, '{\"field7483172626689\": \"8678\"}', NULL, NULL, NULL, NULL, 0, 0, '2025-06-23 18:46:21', 2, 17);
INSERT INTO `flw_his_task` VALUES (1937322115955154946, '1', '10003', 'admin', '2025-06-24 09:29:21', 1937322115892240386, 0, NULL, NULL, '发起人', '', 0, '发起人', 0, NULL, '{\"field7483172626689\": \"王五\"}', NULL, NULL, NULL, NULL, 0, 0, '2025-06-24 09:29:21', 2, 5);
INSERT INTO `flw_his_task` VALUES (1937323986455355394, '1', '10033', '测试', '2025-06-24 09:36:46', 1937323981887758338, 0, NULL, NULL, '发起人', '', 0, '发起人', 0, NULL, '{\"field7483172626689\": \"123\"}', NULL, NULL, NULL, NULL, 0, 0, '2025-06-24 09:36:47', 2, 741);
INSERT INTO `flw_his_task` VALUES (1937328410586161153, '1', '10036', '张三', '2025-06-24 09:54:22', 1937328410523246593, 0, NULL, NULL, '发起人', '', 0, '发起人', 0, NULL, '{\"field9667230021065\": \"6456\"}', NULL, NULL, NULL, NULL, 0, 0, '2025-06-24 09:54:22', 2, 11);
INSERT INTO `flw_his_task` VALUES (1937328410649075713, '1', '10037', '李四', '2025-06-24 09:54:22', 1937328410523246593, 1937328410586161153, NULL, NULL, '审批人', '', 1, '审批人', 1, NULL, '{\"termMode\": 0, \"field9667230021065\": \"6456\"}', NULL, NULL, '2025-06-24 14:54:22', NULL, 0, 0, '2025-06-24 10:16:36', 2, 1334478);
INSERT INTO `flw_his_task` VALUES (1937337119836119042, '1', '10040', '王五', '2025-06-24 10:28:58', 1937337119773204482, 0, NULL, NULL, '发起人', '', 0, '发起人', 0, NULL, '{\"field7483172626689\": \"7567\"}', NULL, NULL, NULL, NULL, 0, 0, '2025-06-24 10:28:58', 2, 5);
INSERT INTO `flw_his_task` VALUES (1937337119903227906, '1', '10036', '张三', '2025-06-24 10:28:58', 1937337119773204482, 1937337119836119042, NULL, NULL, '审批人1', '', 1, '审批人1', 1, NULL, '{\"termMode\": 0, \"field7483172626689\": \"7567\"}', NULL, NULL, '2025-06-24 15:28:58', NULL, 0, 0, '2025-06-24 10:30:07', 2, 68974);
INSERT INTO `flw_his_task` VALUES (1937337409264066561, '1', '10037', '李四', '2025-06-24 10:30:07', 1937337119773204482, 1937337119903227906, NULL, NULL, '审批人2', '', 1, '审批人2', 1, NULL, '{\"termMode\": 0, \"field7483172626689\": \"7567\"}', NULL, NULL, '2025-06-24 15:30:07', NULL, 0, 0, '2025-06-24 10:32:13', 2, 125870);
INSERT INTO `flw_his_task` VALUES (1937340144264847361, '1', '10040', '王五', '2025-06-24 10:40:59', 1937340144197738497, 0, NULL, NULL, '发起人', '', 0, '发起人', 0, NULL, '{\"field8086132477668\": \"张\", \"field8929432485598\": 34}', NULL, NULL, NULL, NULL, 0, 0, '2025-06-24 10:40:59', 2, 7);
INSERT INTO `flw_his_task` VALUES (1937340144327761921, '1', '10036', '张三', '2025-06-24 10:40:59', 1937340144197738497, 1937340144264847361, NULL, NULL, '审批人1', '', 1, '审批人1', 1, NULL, '{\"termMode\": 0, \"field8086132477668\": \"张\", \"field8929432485598\": 34}', NULL, NULL, '2025-06-24 15:40:59', NULL, 0, 0, '2025-06-24 10:41:32', 7, 33099);
INSERT INTO `flw_his_task` VALUES (1937340712291049473, '1', '10040', '王五', '2025-06-24 10:43:15', 1937340712228134913, 0, NULL, NULL, '发起人', '', 0, '发起人', 0, NULL, '{\"field8086132477668\": \"李\", \"field8929432485598\": 34}', NULL, NULL, NULL, NULL, 0, 0, '2025-06-24 10:43:15', 2, 4);
INSERT INTO `flw_his_task` VALUES (1937340712353964034, '1', '10037', '李四', '2025-06-24 10:43:15', 1937340712228134913, 1937340712291049473, NULL, NULL, '审批人2', '', 1, '审批人2', 1, NULL, '{\"termMode\": 0, \"field8086132477668\": \"李\", \"field8929432485598\": 34}', NULL, NULL, '2025-06-24 15:43:15', NULL, 0, 0, '2025-06-24 10:43:53', 2, 38036);
INSERT INTO `flw_his_task` VALUES (1937392903022387201, '1', '10003', 'admin', '2025-06-24 14:10:38', 1937392902825254913, 0, NULL, NULL, '发起人', '', 0, '发起人', 0, NULL, '{\"field1590545409333\": \"5345\"}', NULL, NULL, NULL, NULL, 0, 0, '2025-06-24 14:10:38', 2, 13);
INSERT INTO `flw_his_task` VALUES (1937392903085301762, '1', '10003', 'admin', '2025-06-24 14:10:38', 1937392902825254913, 1937392903022387201, NULL, NULL, '抄送人', '', 2, '抄送人', 9, NULL, '{\"field1590545409333\": \"5345\"}', NULL, NULL, NULL, NULL, 0, 0, '2025-06-24 14:10:38', 2, 0);
INSERT INTO `flw_his_task` VALUES (1937435848782016514, '1', '10003', 'admin', '2025-06-24 17:01:17', 1937435848714907649, 0, NULL, NULL, '发起人', 'flk_548032773774', 0, NULL, 0, NULL, '{\"field6672654810156\": \"345\"}', NULL, NULL, NULL, NULL, 0, 0, '2025-06-24 17:01:17', 2, 7);
INSERT INTO `flw_his_task` VALUES (1937435849033674753, '1', '10037', '李四', '2025-06-24 17:01:17', 1937435848714907649, 1937435848782016514, NULL, NULL, '审批人', 'flk_548155482898', 1, NULL, 1, NULL, '{\"termMode\": 0, \"field6672654810156\": \"345\"}', NULL, NULL, '2025-06-24 22:01:17', NULL, 0, 0, '2025-06-24 18:57:50', 2, 6993471);
INSERT INTO `flw_his_task` VALUES (1937465182678937601, '1', '10040', '王五', '2025-06-24 18:57:51', 1937435848714907649, 1937435849033674753, NULL, NULL, '审批人', 'flk_548254003532', 1, NULL, 1, NULL, '{\"termMode\": 0, \"field6672654810156\": \"345\"}', NULL, NULL, '2025-06-24 23:57:51', NULL, 0, 0, '2025-06-24 18:58:34', 2, 42620);
INSERT INTO `flw_his_task` VALUES (1937690141334401026, '1', '10003', 'admin', '2025-06-25 09:51:45', 1937690140994662401, 0, NULL, NULL, '发起人', 'flk_628482457278', 0, NULL, 0, NULL, '{\"field3121262863434\": \"李四\", \"field9111662889828\": 5}', NULL, NULL, NULL, NULL, 0, 0, '2025-06-25 09:51:45', 2, 37);
INSERT INTO `flw_his_task` VALUES (1937690141590253569, '1', '10037', '李四', '2025-06-25 09:51:45', 1937690140994662401, 1937690141334401026, NULL, NULL, '审批人', 'flk_629303905253', 1, NULL, 1, NULL, '{\"termMode\": 0, \"field3121262863434\": \"李四\", \"field9111662889828\": 5}', NULL, NULL, '2025-06-25 14:51:45', NULL, 0, 0, '2025-06-25 09:53:51', 2, 125873);
INSERT INTO `flw_his_task` VALUES (1937692767362981889, '1', '10037', '李四', '2025-06-25 10:02:11', 1937692767237152770, 0, NULL, NULL, '发起人', 'flk_166770395883', 0, NULL, 0, NULL, '{\"field2045116693264\": \"赵六\", \"field5658916755629\": [1749657600000, 1752854400000], \"field6089916696035\": \"423\", \"field6486816750939\": [\"选项1\", \"选项2\"]}', NULL, NULL, NULL, NULL, 0, 0, '2025-06-25 10:02:11', 2, 15);
INSERT INTO `flw_his_task` VALUES (1937692767484616705, '1', '10036', '张三', '2025-06-25 10:02:11', 1937692767237152770, 1937692767362981889, NULL, NULL, '审批人', 'flk_167043884676', 1, NULL, 1, NULL, '{\"termMode\": 0, \"field2045116693264\": \"赵六\", \"field5658916755629\": [1749657600000, 1752854400000], \"field6089916696035\": \"423\", \"field6486816750939\": [\"选项1\", \"选项2\"]}', NULL, NULL, '2025-06-25 15:02:11', NULL, 0, 0, '2025-06-25 10:03:24', 2, 73367);
INSERT INTO `flw_his_task` VALUES (1937693075350724610, '1', '10036', '张三', '2025-06-25 10:03:24', 1937692767237152770, 1937692767484616705, NULL, NULL, '抄送人', 'flk_168299072759', 2, NULL, 9, NULL, '{\"field2045116693264\": \"赵六\", \"field5658916755629\": [1749657600000, 1752854400000], \"field6089916696035\": \"423\", \"field6486816750939\": [\"选项1\", \"选项2\"]}', NULL, NULL, NULL, NULL, 0, 0, '2025-06-25 10:03:24', 2, 6);
INSERT INTO `flw_his_task` VALUES (1937755697496412161, '1', '10037', '李四', '2025-06-25 14:12:15', 1937755697328640002, 0, NULL, NULL, '发起人', 'flk_197793997595', 0, NULL, 0, NULL, '{\"field6833819855060\": \"345\"}', NULL, NULL, NULL, NULL, 0, 0, '2025-06-25 14:12:15', 2, 26);
INSERT INTO `flw_his_task` VALUES (1937755697693544449, '1', '10037', '李四', '2025-06-25 14:12:15', 1937755697328640002, 1937755697496412161, NULL, NULL, '审批人', 'flk_197997386375', 1, NULL, 1, NULL, '{\"termMode\": 0, \"field6833819855060\": \"345\"}', NULL, NULL, '2025-06-25 19:12:15', NULL, 0, 0, '2025-06-25 15:10:01', 4, 3466432);
INSERT INTO `flw_his_task` VALUES (1937757373007613954, '1', '10003', 'admin', '2025-06-25 14:18:54', 1937757372881784833, 0, NULL, NULL, '发起人', 'flk_197793997595', 0, NULL, 0, NULL, '{\"field6833819855060\": \"4656\"}', NULL, NULL, NULL, NULL, 0, 0, '2025-06-25 14:18:54', 2, 14);
INSERT INTO `flw_his_task` VALUES (1937757373137637377, '1', '10036', '张三', '2025-06-25 14:18:54', 1937757372881784833, 1937757373007613954, NULL, NULL, '审批人', 'flk_197997386375', 1, NULL, 1, NULL, '{\"termMode\": 0, \"field6833819855060\": \"4656\"}', NULL, NULL, '2025-06-25 19:18:54', NULL, 0, 0, '2025-06-26 10:40:20', 2, 73285516);
INSERT INTO `flw_his_task` VALUES (1937770309117771777, '1', '10003', 'admin', '2025-06-25 15:10:18', 1937770308987748354, 0, NULL, NULL, '发起人', 'flk_197793997595', 0, NULL, 0, NULL, '{\"field6833819855060\": \"6456\"}', NULL, NULL, NULL, NULL, 0, 0, '2025-06-25 15:10:18', 2, 27);
INSERT INTO `flw_his_task` VALUES (1937770309310709761, '1', '10036', '张三', '2025-06-25 15:10:18', 1937770308987748354, 1937770309117771777, NULL, NULL, '审批人', 'flk_197997386375', 1, NULL, 1, NULL, '{\"termMode\": 0, \"field6833819855060\": \"6456\"}', NULL, NULL, '2025-06-25 20:10:18', NULL, 0, 0, '2025-06-26 10:18:04', 2, 68865669);
INSERT INTO `flw_his_task` VALUES (1937771016587804674, '1', '10003', 'admin', '2025-06-25 15:13:07', 1937771016306786306, 0, NULL, NULL, '发起人', 'flk_197793997595', 0, NULL, 0, NULL, '{\"field6833819855060\": \"8678\"}', NULL, NULL, NULL, NULL, 0, 0, '2025-06-25 15:13:07', 2, 36);
INSERT INTO `flw_his_task` VALUES (1937771016910766081, '1', '10040', '王五', '2025-06-25 15:13:07', 1937771016306786306, 1937771016587804674, NULL, NULL, '审批人', 'flk_197997386375', 1, NULL, 1, NULL, '{\"termMode\": 0, \"field6833819855060\": \"8678\"}', NULL, NULL, '2025-06-25 20:13:07', NULL, 0, 0, '2025-06-26 10:14:12', 2, 68465489);
INSERT INTO `flw_his_task` VALUES (1937801845540102146, '1', '10003', 'admin', '2025-06-25 17:15:37', 1937801845053562881, 0, NULL, NULL, '发起人', 'flk_428316743082', 0, NULL, 0, NULL, '{\"field1522742892094\": \"4234\"}', NULL, NULL, NULL, NULL, 0, 0, '2025-06-25 17:15:37', 2, 88);
INSERT INTO `flw_his_task` VALUES (1937801845695291393, '1', '10036', '张三', '2025-06-25 17:15:37', 1937801845053562881, 1937801845540102146, NULL, NULL, '审批人', 'flk_428946854057', 1, NULL, 1, NULL, '{\"termMode\": 0, \"field1522742892094\": \"4234\"}', NULL, NULL, '2025-06-25 22:15:37', NULL, 0, 0, '2025-06-25 17:16:51', 2, 73714);
INSERT INTO `flw_his_task` VALUES (1937802153955663873, '1', '10040', '王五', '2025-06-25 17:16:51', 1937801845053562881, 1937801845695291393, NULL, NULL, '审批人', 'flk_429063597191', 1, NULL, 1, NULL, '{\"termMode\": 0, \"field1522742892094\": \"4234\"}', NULL, NULL, '2025-06-25 22:16:51', NULL, 0, 0, '2025-06-26 10:11:33', 2, 60881716);
INSERT INTO `flw_his_task` VALUES (1937803624000405506, '1', '10003', 'admin', '2025-06-25 17:22:41', 1937803623874576385, 0, NULL, NULL, '发起人', 'flk_432378712209', 0, NULL, 0, NULL, '{\"field6538643251571\": \"6456\"}', NULL, NULL, NULL, NULL, 0, 0, '2025-06-25 17:22:41', 2, 14);
INSERT INTO `flw_his_task` VALUES (1937803624130428929, '1', '10037', '李四', '2025-06-25 17:22:41', 1937803623874576385, 1937803624000405506, NULL, NULL, '审批人', 'flk_432540919453', 1, NULL, 1, NULL, '{\"termMode\": 0, \"field6538643251571\": \"6456\"}', NULL, NULL, '2025-06-25 22:22:41', NULL, 0, 0, '2025-06-25 17:27:29', 2, 287513);
INSERT INTO `flw_his_task` VALUES (1937804829439180801, '1', '10003', 'admin', '2025-06-25 17:27:29', 1937803623874576385, 1937803624130428929, NULL, NULL, '审批人', 'flk_432641508345', 1, NULL, 1, NULL, '{\"termMode\": 0, \"field6538643251571\": \"6456\"}', NULL, NULL, '2025-06-25 22:27:29', NULL, 0, 0, '2025-06-26 10:30:03', 4, 61354189);
INSERT INTO `flw_his_task` VALUES (1937817324560302082, NULL, 'test001', '测试001', '2025-06-25 18:17:08', 1937817324228952066, 0, NULL, NULL, '发起人', 'flk1725161262899', 0, NULL, 0, NULL, NULL, NULL, NULL, NULL, NULL, 0, 0, '2025-06-25 18:17:08', 2, 41);
INSERT INTO `flw_his_task` VALUES (1937817324933595138, NULL, 'test002', '测试002', '2025-06-25 18:17:08', 1937817324228952066, 1937817324560302082, NULL, NULL, '审核人', 'flk1724860316169', 1, NULL, 2, NULL, NULL, NULL, NULL, NULL, NULL, 0, 0, '2025-06-25 18:20:11', 2, 182547);
INSERT INTO `flw_his_task` VALUES (1938071853939814402, '1', '10003', 'admin', '2025-06-26 11:08:32', 1938071853298085890, 0, NULL, NULL, '发起人', 'flk_548032773774', 0, NULL, 0, NULL, '{\"field6672654810156\": \"53445\"}', NULL, NULL, NULL, NULL, 0, 0, '2025-06-26 11:08:32', 2, 35);
INSERT INTO `flw_his_task` VALUES (1938071854199861249, '1', '10037', '李四', '2025-06-26 11:08:32', 1938071853298085890, 1938071853939814402, NULL, NULL, '审批人', 'flk_548155482898', 1, NULL, 1, NULL, '{\"termMode\": 0, \"field6672654810156\": \"53445\"}', NULL, NULL, '2025-06-26 16:08:32', NULL, 0, 0, '2025-06-26 11:09:01', 2, 28776);
INSERT INTO `flw_his_task` VALUES (1938071973850771458, '1', '10040', '王五', '2025-06-26 11:09:01', 1938071853298085890, 1938071854199861249, NULL, NULL, '审批人', 'flk_548254003532', 1, NULL, 1, NULL, '{\"termMode\": 0, \"field6672654810156\": \"53445\"}', NULL, NULL, '2025-06-26 16:09:01', NULL, 0, 0, '2025-06-26 11:10:30', 2, 88846);
INSERT INTO `flw_his_task` VALUES (1938073993370394626, '1', '10003', 'admin', '2025-06-26 11:17:02', 1938073993240371201, 0, NULL, NULL, '发起人', 'flk_197793997595', 0, NULL, 0, NULL, '{\"field6833819855060\": \"5345\"}', NULL, NULL, NULL, NULL, 0, 0, '2025-06-26 11:17:02', 2, 17);
INSERT INTO `flw_his_task` VALUES (1938073993433309186, '1', '10036', '张三', '2025-06-26 11:17:02', 1938073993240371201, 1938073993370394626, NULL, NULL, '审批人', 'flk_197997386375', 1, NULL, 1, NULL, '{\"termMode\": 0, \"field6833819855060\": \"5345\"}', NULL, NULL, '2025-06-26 16:17:02', NULL, 0, 0, '2025-06-26 11:17:25', 7, 23495);
INSERT INTO `flw_his_task` VALUES (1938200097351462913, '1', '10003', 'admin', '2025-06-26 19:38:08', 1938200097225633793, 0, NULL, NULL, '发起人', 'flk_375411541805', 0, NULL, 0, NULL, '{\"field8467537553027\": \"6456\"}', NULL, NULL, NULL, NULL, 0, 0, '2025-06-26 19:38:08', 2, 23);
INSERT INTO `flw_his_task` VALUES (1938200097481486338, '1', '10036', '张三', '2025-06-26 19:38:08', 1938200097225633793, 1938200097351462913, NULL, NULL, '审批人', 'flk_375568987168', 1, NULL, 1, NULL, '{\"termMode\": 0, \"field8467537553027\": \"6456\"}', NULL, NULL, '2025-06-27 00:38:08', NULL, 0, 0, '2025-06-27 09:41:07', 2, 50578663);
INSERT INTO `flw_his_task` VALUES (1938412446150725634, '1', '10003', 'admin', '2025-06-27 09:41:56', 1938412446083616769, 0, NULL, NULL, '发起人', 'flk_375411541805', 0, NULL, 0, NULL, '{\"field8467537553027\": \"74567\"}', NULL, NULL, NULL, NULL, 0, 0, '2025-06-27 09:41:56', 2, 8);
INSERT INTO `flw_his_task` VALUES (1938412446217834498, '1', '10036', '张三', '2025-06-27 09:41:56', 1938412446083616769, 1938412446150725634, NULL, NULL, '审批人', 'flk_375568987168', 1, NULL, 1, NULL, '{\"termMode\": 0, \"field8467537553027\": \"74567\"}', NULL, NULL, '2025-06-27 14:41:56', NULL, 0, 0, '2025-06-27 09:42:05', 2, 9449);
INSERT INTO `flw_his_task` VALUES (1938490019257913346, '1', '10003', 'admin', '2025-06-27 14:50:11', 1938490018926563330, 0, NULL, NULL, '发起人', 'flk_548032773774', 0, NULL, 0, NULL, '{\"field3439806988456\": \"234234\", \"field6672654810156\": \"235234\"}', NULL, NULL, NULL, NULL, 0, 0, '2025-06-27 14:50:11', 2, 32);
INSERT INTO `flw_his_task` VALUES (1938490019580874753, '1', '10037', '李四', '2025-06-27 14:50:11', 1938490018926563330, 1938490019257913346, NULL, NULL, '审批人', 'flk_548155482898', 1, NULL, 1, NULL, '{\"termMode\": 0, \"field3439806988456\": \"234234\", \"field6672654810156\": \"235234\"}', NULL, NULL, '2025-06-27 19:50:11', NULL, 0, 0, '2025-06-27 14:51:55', 2, 103567);
INSERT INTO `flw_his_task` VALUES (1938490455327117314, '1', '10040', '王五', '2025-06-27 14:51:55', 1938490018926563330, 1938490019580874753, NULL, NULL, '审批人', 'flk_548254003532', 1, NULL, 1, NULL, '{\"termMode\": 0, \"field3439806988456\": \"234234\", \"field6672654810156\": \"235234\"}', NULL, NULL, '2025-06-27 19:51:55', NULL, 0, 0, '2025-06-27 14:55:04', 2, 188980);
INSERT INTO `flw_his_task` VALUES (1938492139537305601, '1', '10003', 'admin', '2025-06-27 14:58:36', 1938492139470196738, 0, NULL, NULL, '发起人', 'flk_166770395883', 0, NULL, 0, NULL, '{\"field2045116693264\": \"李四\", \"field6089916696035\": \"234\", \"field6486816750939\": [\"选项2\"]}', NULL, NULL, NULL, NULL, 0, 0, '2025-06-27 14:58:36', 2, 8);
INSERT INTO `flw_his_task` VALUES (1938492139604414466, '1', '10037', '李四', '2025-06-27 14:58:36', 1938492139470196738, 1938492139537305601, NULL, NULL, '审批人', 'flk_168207447907', 1, NULL, 1, NULL, '{\"termMode\": 0, \"field2045116693264\": \"李四\", \"field6089916696035\": \"234\", \"field6486816750939\": [\"选项2\"]}', NULL, NULL, '2025-06-27 19:58:36', NULL, 0, 0, '2025-06-27 14:59:10', 2, 34362);
INSERT INTO `flw_his_task` VALUES (1938492283116720129, '1', '10037', '李四', '2025-06-27 14:59:10', 1938492139470196738, 1938492139604414466, NULL, NULL, '抄送人', 'flk_074420132147', 2, NULL, 9, NULL, '{\"field2045116693264\": \"李四\", \"field6089916696035\": \"234\", \"field6486816750939\": [\"选项2\"]}', NULL, NULL, NULL, NULL, 0, 0, '2025-06-27 14:59:10', 2, 3);
INSERT INTO `flw_his_task` VALUES (1938530984538578946, '1', '10003', 'admin', '2025-06-27 17:32:58', 1938530984232394754, 0, NULL, NULL, '发起人', 'flk_628482457278', 0, NULL, 0, NULL, '{\"field3121262863434\": \"423\", \"field9111662889828\": 234}', NULL, NULL, NULL, NULL, 0, 0, '2025-06-27 17:32:58', 2, 34);
INSERT INTO `flw_his_task` VALUES (1938530984802820097, '1', '10040', '王五', '2025-06-27 17:32:58', 1938530984232394754, 1938530984538578946, NULL, NULL, '审批人', 'flk_631933595892', 1, NULL, 1, NULL, '{\"termMode\": 0, \"field3121262863434\": \"423\", \"field9111662889828\": 234}', NULL, NULL, '2025-06-27 22:32:58', NULL, 0, 0, '2025-06-27 17:35:39', 2, 160527);
INSERT INTO `flw_his_task` VALUES (1938532566730711041, '1', '10003', 'admin', '2025-06-27 17:39:15', 1938532566663602177, 0, NULL, NULL, '发起人', 'flk_548032773774', 0, NULL, 0, NULL, '{\"field3439806988456\": \"345\", \"field6672654810156\": \"5345\"}', NULL, NULL, NULL, NULL, 0, 0, '2025-06-27 17:39:15', 2, 9);
INSERT INTO `flw_his_task` VALUES (1938532566793625602, '1', '10037', '李四', '2025-06-27 17:39:15', 1938532566663602177, 1938532566730711041, NULL, NULL, '审批人', 'flk_548155482898', 1, NULL, 1, NULL, '{\"termMode\": 0, \"field3439806988456\": \"345\", \"field6672654810156\": \"5345\"}', NULL, NULL, '2025-06-27 22:39:15', NULL, 0, 0, '2025-07-02 09:41:31', 7, 403336323);
INSERT INTO `flw_his_task` VALUES (1939603876252655618, '1', '10003', 'admin', '2025-06-30 16:36:15', 1939603875996803074, 0, NULL, NULL, '发起人', 'flk_724805138230', 0, NULL, 0, NULL, '{\"field6129372500316\": \"234234\"}', NULL, NULL, NULL, NULL, 0, 0, '2025-06-30 16:36:15', 2, 37);
INSERT INTO `flw_his_task` VALUES (1939603876441399297, '1', '10040', '王五', '2025-06-30 16:36:15', 1939603875996803074, 1939603876252655618, NULL, NULL, '审批人', 'flk_725031434333', 1, NULL, 3, NULL, '{\"termMode\": 0, \"field6129372500316\": \"234234\"}', NULL, NULL, '2025-06-30 21:36:15', NULL, 0, 0, '2025-06-30 16:38:33', 2, 138392);
INSERT INTO `flw_his_task` VALUES (1939604888610840577, '1', '10003', 'admin', '2025-06-30 16:40:16', 1939604888564703234, 0, NULL, NULL, '发起人', 'flk_727715335785', 0, NULL, 0, NULL, '{\"field9493272787759\": \"5345\"}', NULL, NULL, NULL, NULL, 0, 0, '2025-06-30 16:40:16', 2, 7);
INSERT INTO `flw_his_task` VALUES (1939604888803778562, '1', '10036', '张三', '2025-06-30 16:40:16', 1939604888564703234, 1939604888610840577, NULL, NULL, '审批人', 'flk_727902493570', 1, NULL, 2, NULL, '{\"termMode\": 0, \"field9493272787759\": \"5345\"}', NULL, NULL, '2025-06-30 21:40:16', NULL, 0, 0, '2025-06-30 16:40:31', 2, 15088);
INSERT INTO `flw_his_task` VALUES (1939604888803778564, '1', '10037', '李四', '2025-06-30 16:40:16', 1939604888564703234, 1939604888610840577, NULL, NULL, '审批人', 'flk_727902493570', 1, NULL, 2, NULL, '{\"termMode\": 0, \"field9493272787759\": \"5345\"}', NULL, NULL, '2025-06-30 21:40:16', NULL, 0, 0, '2025-06-30 16:41:02', 2, 46013);
INSERT INTO `flw_his_task` VALUES (1939604888870887426, '1', '10040', '王五', '2025-06-30 16:40:16', 1939604888564703234, 1939604888610840577, NULL, NULL, '审批人', 'flk_727902493570', 1, NULL, 2, NULL, '{\"termMode\": 0, \"field9493272787759\": \"5345\"}', NULL, NULL, '2025-06-30 21:40:16', NULL, 0, 0, '2025-06-30 16:41:51', 2, 95375);
INSERT INTO `flw_his_task` VALUES (1939605374470627329, '1', '10003', 'admin', '2025-06-30 16:42:12', 1939605374403518466, 0, NULL, NULL, '发起人', 'flk_727715335785', 0, NULL, 0, NULL, '{\"field9493272787759\": \"8678\"}', NULL, NULL, NULL, NULL, 0, 0, '2025-06-30 16:42:12', 2, 7);
INSERT INTO `flw_his_task` VALUES (1939605374533541890, '1', '10036', '张三', '2025-06-30 16:42:12', 1939605374403518466, 1939605374470627329, NULL, NULL, '审批人', 'flk_727902493570', 1, NULL, 2, NULL, '{\"termMode\": 0, \"field9493272787759\": \"8678\"}', NULL, NULL, '2025-06-30 21:42:12', NULL, 0, 0, '2025-06-30 16:42:23', 2, 10901);
INSERT INTO `flw_his_task` VALUES (1939605374533541892, '1', '10037', '李四', '2025-06-30 16:42:12', 1939605374403518466, 1939605374470627329, NULL, NULL, '审批人', 'flk_727902493570', 1, NULL, 2, NULL, '{\"termMode\": 0, \"field9493272787759\": \"8678\"}', NULL, NULL, '2025-06-30 21:42:12', NULL, 0, 0, '2025-06-30 16:42:32', 7, 19882);
INSERT INTO `flw_his_task` VALUES (1939605374596456451, '1', '10037', '李四', '2025-06-30 16:42:12', 1939605374403518466, 1939605374470627329, NULL, NULL, '审批人', 'flk_727902493570', 1, NULL, 2, NULL, '{\"termMode\": 0, \"field9493272787759\": \"8678\"}', NULL, NULL, '2025-06-30 21:42:12', NULL, 0, 0, '2025-06-30 16:42:32', 7, 19887);
INSERT INTO `flw_his_task` VALUES (1939871644327743489, '1', '10003', 'admin', '2025-07-01 10:20:16', 1939871644201914369, 0, NULL, NULL, '发起人', 'flk_727715335785', 0, NULL, 0, NULL, '{\"field9493272787759\": \"24234\"}', NULL, NULL, NULL, NULL, 0, 0, '2025-07-01 10:20:16', 2, 19);
INSERT INTO `flw_his_task` VALUES (1939871644520681474, '1', '10037', '李四', '2025-07-01 10:20:16', 1939871644201914369, 1939871644327743489, NULL, NULL, '审批人', 'flk_727902493570', 1, NULL, 2, NULL, '{\"termMode\": 0, \"field9493272787759\": \"24234\"}', NULL, NULL, '2025-07-01 15:20:16', NULL, 0, 0, '2025-07-02 09:41:14', 7, 84057731);
INSERT INTO `flw_his_task` VALUES (1939871644520681476, '1', '10037', '李四', '2025-07-01 10:20:16', 1939871644201914369, 1939871644327743489, NULL, NULL, '审批人', 'flk_727902493570', 1, NULL, 2, NULL, '{\"termMode\": 0, \"field9493272787759\": \"24234\"}', NULL, NULL, '2025-07-01 15:20:16', NULL, 0, 0, '2025-07-02 09:41:14', 7, 84057736);
INSERT INTO `flw_his_task` VALUES (1939871644583596033, '1', '10037', '李四', '2025-07-01 10:20:16', 1939871644201914369, 1939871644327743489, NULL, NULL, '审批人', 'flk_727902493570', 1, NULL, 2, NULL, '{\"termMode\": 0, \"field9493272787759\": \"24234\"}', NULL, NULL, '2025-07-01 15:20:16', NULL, 0, 0, '2025-07-02 09:41:14', 7, 84057741);
INSERT INTO `flw_his_task` VALUES (1939884528625709057, '1', '10003', 'admin', '2025-07-01 11:11:28', 1939884528495685634, 0, NULL, NULL, '发起人', 'flk_394012065005', 0, NULL, 0, NULL, '{\"field5062039420909\": \"234\"}', NULL, NULL, NULL, NULL, 0, 0, '2025-07-01 11:11:28', 2, 21);
INSERT INTO `flw_his_task` VALUES (1939884528755732482, '1', '10036', '张三', '2025-07-01 11:11:28', 1939884528495685634, 1939884528625709057, NULL, NULL, '审批人', 'flk_394230597164', 1, NULL, 1, NULL, '{\"termMode\": 0, \"field5062039420909\": \"234\"}', NULL, NULL, '2025-07-01 16:11:28', NULL, 0, 0, '2025-07-01 11:12:00', 11, 32397);
INSERT INTO `flw_his_task` VALUES (1939884666245017601, '1', '10003', 'admin', '2025-07-01 11:12:00', 1939884528495685634, 1939884528755732482, NULL, NULL, '发起人', 'flk_394012065005', 21, NULL, 0, NULL, NULL, NULL, NULL, NULL, NULL, 0, 0, '2025-07-01 11:13:05', 4, 64725);
INSERT INTO `flw_his_task` VALUES (1939885051370205186, '1', '10003', 'admin', '2025-07-01 11:13:32', 1939885051311484929, 0, NULL, NULL, '发起人', 'flk_394012065005', 0, NULL, 0, NULL, '{\"field5062039420909\": \"23424\"}', NULL, NULL, NULL, NULL, 0, 0, '2025-07-01 11:13:32', 2, 8);
INSERT INTO `flw_his_task` VALUES (1939885051433119746, '1', '10036', '张三', '2025-07-01 11:13:32', 1939885051311484929, 1939885051370205186, NULL, NULL, '审批人', 'flk_394230597164', 1, NULL, 1, NULL, '{\"termMode\": 0, \"field5062039420909\": \"23424\"}', NULL, NULL, '2025-07-01 16:13:32', NULL, 0, 0, '2025-07-01 11:13:43', 2, 10859);
INSERT INTO `flw_his_task` VALUES (1939885096094068737, '1', '10037', '李四', '2025-07-01 11:13:43', 1939885051311484929, 1939885051433119746, NULL, NULL, '审批人', 'flk_394370542936', 1, NULL, 1, NULL, '{\"termMode\": 0, \"field5062039420909\": \"23424\"}', NULL, NULL, '2025-07-01 16:13:43', NULL, 0, 0, '2025-07-01 11:14:41', 3, 57954);
INSERT INTO `flw_his_task` VALUES (1939885339812491266, '1', '10036', '张三', '2025-07-01 11:14:41', 1939885051311484929, 1939885051370205186, NULL, NULL, '审批人', 'flk_394230597164', 19, NULL, 1, NULL, '{\"termMode\": 0, \"field5062039420909\": \"23424\"}', NULL, NULL, '2025-07-01 16:13:32', NULL, 0, 0, '2025-07-01 11:15:53', 2, 72404);
INSERT INTO `flw_his_task` VALUES (1939885643664650242, '1', '10037', '李四', '2025-07-01 11:15:53', 1939885051311484929, 1939885339812491266, NULL, NULL, '审批人', 'flk_394370542936', 1, NULL, 1, NULL, '{\"termMode\": 0, \"field5062039420909\": \"23424\"}', NULL, NULL, '2025-07-01 16:15:53', NULL, 0, 0, '2025-07-01 11:16:14', 2, 20941);
INSERT INTO `flw_his_task` VALUES (1939890177304600578, '1', '10003', 'admin', '2025-07-01 11:33:54', 1939890177124245505, 0, NULL, NULL, '发起人', 'flk_394012065005', 0, NULL, 0, NULL, '{\"field5062039420909\": \"4234\"}', NULL, NULL, NULL, NULL, 0, 0, '2025-07-01 11:33:54', 2, 20);
INSERT INTO `flw_his_task` VALUES (1939890177371709442, '1', '10036', '张三', '2025-07-01 11:33:54', 1939890177124245505, 1939890177304600578, NULL, NULL, '审批人', 'flk_394230597164', 1, NULL, 1, NULL, '{\"termMode\": 0, \"field5062039420909\": \"4234\"}', NULL, NULL, '2025-07-01 16:33:54', NULL, 0, 0, '2025-07-01 11:34:04', 11, 9720);
INSERT INTO `flw_his_task` VALUES (1939890216693309441, '1', '10003', 'admin', '2025-07-01 11:34:04', 1939890177124245505, 1939890177371709442, NULL, NULL, '发起人', 'flk_394012065005', 21, NULL, 0, NULL, NULL, NULL, NULL, NULL, NULL, 0, 0, '2025-07-01 11:45:39', 2, 695273);
INSERT INTO `flw_his_task` VALUES (1939893134238588930, '1', '10036', '张三', '2025-07-01 11:45:39', 1939890177124245505, 1939890216693309441, NULL, NULL, '审批人', 'flk_394230597164', 1, NULL, 1, NULL, '{\"termMode\": 0, \"field5062039420909\": \"4234\"}', NULL, NULL, '2025-07-01 16:45:39', NULL, 0, 0, '2025-07-01 11:51:46', 11, 366635);
INSERT INTO `flw_his_task` VALUES (1939894670675058689, '1', '10003', 'admin', '2025-07-01 11:51:46', 1939890177124245505, 1939893134238588930, NULL, NULL, '发起人', 'flk_394012065005', 21, NULL, 0, NULL, NULL, NULL, NULL, NULL, NULL, 0, 0, '2025-07-01 11:52:37', 4, 51234);
INSERT INTO `flw_his_task` VALUES (1939895048166612994, '1', '10003', 'admin', '2025-07-01 11:53:16', 1939895048103698434, 0, NULL, NULL, '发起人', 'flk_394012065005', 0, NULL, 0, NULL, '{\"field5062039420909\": \"张毅\", \"field8314741966315\": \"成都\"}', NULL, NULL, NULL, NULL, 0, 0, '2025-07-01 11:53:16', 2, 9);
INSERT INTO `flw_his_task` VALUES (1939895048229527554, '1', '10036', '张三', '2025-07-01 11:53:16', 1939895048103698434, 1939895048166612994, NULL, NULL, '审批人', 'flk_394230597164', 1, NULL, 1, NULL, '{\"termMode\": 0, \"field5062039420909\": \"张毅\", \"field8314741966315\": \"成都\"}', NULL, NULL, '2025-07-01 16:53:16', NULL, 0, 0, '2025-07-01 12:00:18', 11, 421545);
INSERT INTO `flw_his_task` VALUES (1939896817764442114, '1', '10003', 'admin', '2025-07-01 12:00:18', 1939895048103698434, 1939895048229527554, NULL, NULL, '发起人', 'flk_394012065005', 21, NULL, 0, NULL, NULL, NULL, NULL, NULL, NULL, 0, 0, '2025-07-01 12:00:31', 2, 12624);
INSERT INTO `flw_his_task` VALUES (1939896872776933377, '1', '10036', '张三', '2025-07-01 12:00:31', 1939895048103698434, 1939896817764442114, NULL, NULL, '审批人', 'flk_394230597164', 1, NULL, 1, NULL, '{\"termMode\": 0, \"field5062039420909\": \"张毅\", \"field8314741966315\": \"成都\"}', NULL, NULL, '2025-07-01 17:00:31', NULL, 0, 0, '2025-07-01 12:02:38', 11, 126560);
INSERT INTO `flw_his_task` VALUES (1939897405025722370, '1', '10003', 'admin', '2025-07-01 12:02:38', 1939895048103698434, 1939896872776933377, NULL, NULL, '发起人', 'flk_394012065005', 21, NULL, 0, NULL, NULL, NULL, NULL, NULL, NULL, 0, 0, '2025-07-01 12:02:53', 2, 15471);
INSERT INTO `flw_his_task` VALUES (1939897471920676865, '1', '10036', '张三', '2025-07-01 12:02:54', 1939895048103698434, 1939897405025722370, NULL, NULL, '审批人', 'flk_394230597164', 1, NULL, 1, NULL, '{\"termMode\": 0, \"field5062039420909\": \"张毅\", \"field8314741966315\": \"成都\"}', NULL, NULL, '2025-07-01 17:02:54', NULL, 0, 0, '2025-07-01 12:04:09', 11, 74591);
INSERT INTO `flw_his_task` VALUES (1939897786879352833, '1', '10003', 'admin', '2025-07-01 12:04:09', 1939895048103698434, 1939897471920676865, NULL, NULL, '发起人', 'flk_394012065005', 21, NULL, 0, NULL, NULL, NULL, NULL, NULL, NULL, 0, 0, '2025-07-01 12:07:48', 2, 219113);
INSERT INTO `flw_his_task` VALUES (1939898707751378946, '1', '10036', '张三', '2025-07-01 12:07:48', 1939895048103698434, 1939897786879352833, NULL, NULL, '审批人', 'flk_394230597164', 1, NULL, 1, NULL, '{\"termMode\": 0, \"field5062039420909\": \"张毅\", \"field8314741966315\": \"成都\"}', NULL, NULL, '2025-07-01 17:07:48', NULL, 0, 0, '2025-07-01 12:11:25', 2, 217441);
INSERT INTO `flw_his_task` VALUES (1939899619337216002, '1', '10037', '李四', '2025-07-01 12:11:25', 1939895048103698434, 1939898707751378946, NULL, NULL, '审批人', 'flk_394370542936', 1, NULL, 1, NULL, '{\"termMode\": 0, \"field5062039420909\": \"张毅\", \"field8314741966315\": \"成都\"}', NULL, NULL, '2025-07-01 17:11:25', NULL, 0, 0, '2025-07-01 13:39:16', 3, 5271052);
INSERT INTO `flw_his_task` VALUES (1939921726192394241, '1', '10036', '张三', '2025-07-01 13:39:16', 1939895048103698434, 1939897786879352833, NULL, NULL, '审批人', 'flk_394230597164', 19, NULL, 1, NULL, '{\"termMode\": 0, \"field5062039420909\": \"张毅\", \"field8314741966315\": \"成都\"}', NULL, NULL, '2025-07-01 17:07:48', NULL, 0, 0, '2025-07-01 13:40:11', 2, 55074);
INSERT INTO `flw_his_task` VALUES (1939921956652621826, '1', '10037', '李四', '2025-07-01 13:40:11', 1939895048103698434, 1939921726192394241, NULL, NULL, '审批人', 'flk_394370542936', 1, NULL, 1, NULL, '{\"termMode\": 0, \"field5062039420909\": \"张毅\", \"field8314741966315\": \"成都\"}', NULL, NULL, '2025-07-01 18:40:11', NULL, 0, 0, '2025-07-01 13:40:27', 2, 15830);
INSERT INTO `flw_his_task` VALUES (1939924022582222849, '1', '10003', 'admin', '2025-07-01 13:48:24', 1939924022385090561, 0, NULL, NULL, '发起人', 'flk_488038489934', 0, NULL, 0, NULL, '{\"field3302248832420\": \"645\", \"field6801248834230\": 45, \"field9543448836057\": \"选项1\"}', NULL, NULL, NULL, NULL, 0, 0, '2025-07-01 13:48:24', 2, 11);
INSERT INTO `flw_his_task` VALUES (1939924022779355138, '1', '10036', '张三', '2025-07-01 13:48:24', 1939924022385090561, 1939924022582222849, NULL, NULL, '审批人', 'flk_488390858038', 1, NULL, 1, NULL, '{\"termMode\": 0, \"field3302248832420\": \"645\", \"field6801248834230\": 45, \"field9543448836057\": \"选项1\"}', NULL, NULL, '2025-07-01 18:48:24', NULL, 0, 0, '2025-07-01 13:48:45', 11, 21398);
INSERT INTO `flw_his_task` VALUES (1939924113640562691, '1', '10003', 'admin', '2025-07-01 13:48:45', 1939924022385090561, 1939924022779355138, NULL, NULL, '发起人', 'flk_488038489934', 21, NULL, 0, NULL, NULL, NULL, NULL, NULL, NULL, 0, 0, '2025-07-01 13:49:26', 2, 41039);
INSERT INTO `flw_his_task` VALUES (1939924284327763969, '1', '10036', '张三', '2025-07-01 13:49:26', 1939924022385090561, 1939924113640562691, NULL, NULL, '审批人', 'flk_488390858038', 1, NULL, 1, NULL, '{\"termMode\": 0, \"field3302248832420\": \"645\", \"field6801248834230\": 45, \"field9543448836057\": \"选项1\"}', NULL, NULL, '2025-07-01 18:49:26', NULL, 0, 0, '2025-07-01 13:49:54', 2, 27901);
INSERT INTO `flw_his_task` VALUES (1939924401097187330, '1', '10037', '李四', '2025-07-01 13:49:54', 1939924022385090561, 1939924284327763969, NULL, NULL, '审批人', 'flk_488515357857', 1, NULL, 1, NULL, '{\"termMode\": 0, \"field3302248832420\": \"645\", \"field6801248834230\": 45, \"field9543448836057\": \"选项1\"}', NULL, NULL, '2025-07-01 18:49:54', NULL, 0, 0, '2025-07-01 13:50:12', 11, 18461);
INSERT INTO `flw_his_task` VALUES (1939924478834417666, '1', '10003', 'admin', '2025-07-01 13:50:12', 1939924022385090561, 1939924401097187330, NULL, NULL, '发起人', 'flk_488038489934', 21, NULL, 0, NULL, NULL, NULL, NULL, NULL, NULL, 0, 0, '2025-07-01 13:51:07', 2, 55156);
INSERT INTO `flw_his_task` VALUES (1939924709894430721, '1', '10036', '张三', '2025-07-01 13:51:07', 1939924022385090561, 1939924478834417666, NULL, NULL, '审批人', 'flk_488390858038', 1, NULL, 1, NULL, '{\"termMode\": 0, \"field3302248832420\": \"645\", \"field6801248834230\": 45, \"field9543448836057\": \"选项1\"}', NULL, NULL, '2025-07-01 18:51:07', NULL, 0, 0, '2025-07-01 14:02:19', 2, 672249);
INSERT INTO `flw_his_task` VALUES (1939927527313285121, '1', '10037', '李四', '2025-07-01 14:02:19', 1939924022385090561, 1939924709894430721, NULL, NULL, '审批人', 'flk_488515357857', 1, NULL, 1, NULL, '{\"termMode\": 0, \"field3302248832420\": \"645\", \"field6801248834230\": 45, \"field9543448836057\": \"选项1\"}', NULL, NULL, '2025-07-01 19:02:19', NULL, 0, 0, '2025-07-01 14:02:32', 2, 13090);
INSERT INTO `flw_his_task` VALUES (1939927925474369539, '1', '10003', 'admin', '2025-07-01 14:03:54', 1939927925474369538, 0, NULL, NULL, '发起人', 'flk_497655276944', 0, NULL, 0, NULL, '{\"field2436349794971\": \"5345\", \"field5546349796847\": [\"选项1\"]}', NULL, NULL, NULL, NULL, 0, 0, '2025-07-01 14:03:54', 2, 7);
INSERT INTO `flw_his_task` VALUES (1939927925541478402, '1', '10036', '张三', '2025-07-01 14:03:54', 1939927925474369538, 1939927925474369539, NULL, NULL, '审批人', 'flk_498022173955', 1, NULL, 1, NULL, '{\"termMode\": 0, \"field2436349794971\": \"5345\", \"field5546349796847\": [\"选项1\"]}', NULL, NULL, '2025-07-01 19:03:54', NULL, 0, 0, '2025-07-01 14:04:08', 7, 14398);
INSERT INTO `flw_his_task` VALUES (1939929350858252290, '1', '10003', 'admin', '2025-07-01 14:09:34', 1939929350795337730, 0, NULL, NULL, '发起人', 'node_start', 0, NULL, 0, NULL, '{\"field9667230021065\": \"67567\"}', NULL, NULL, NULL, NULL, 0, 0, '2025-07-01 14:09:34', 2, 12);
INSERT INTO `flw_his_task` VALUES (1939929350984081409, '1', '10037', '李四', '2025-07-01 14:09:34', 1939929350795337730, 1939929350858252290, NULL, NULL, '审批人', 'node_300238675717', 1, NULL, 1, NULL, '{\"termMode\": 0, \"field9667230021065\": \"67567\"}', NULL, NULL, '2025-07-01 19:09:34', NULL, 0, 0, '2025-07-01 14:10:15', 2, 41353);
INSERT INTO `flw_his_task` VALUES (1939952201636159489, '1', '10003', 'admin', '2025-07-01 15:40:22', 1939952201321586689, 0, NULL, NULL, '发起人', 'flk_394012065005', 0, NULL, 0, NULL, '{\"field5062039420909\": \"6456\", \"field8314741966315\": \"456\"}', NULL, NULL, NULL, NULL, 0, 0, '2025-07-01 15:40:22', 2, 24);
INSERT INTO `flw_his_task` VALUES (1939952201833291777, '1', '10036', '张三', '2025-07-01 15:40:22', 1939952201321586689, 1939952201636159489, NULL, NULL, '审批人', 'flk_394230597164', 1, NULL, 1, NULL, '{\"termMode\": 0, \"field5062039420909\": \"6456\", \"field8314741966315\": \"456\"}', NULL, NULL, '2025-07-01 20:40:22', NULL, 0, 0, '2025-07-01 15:40:38', 11, 16015);
INSERT INTO `flw_his_task` VALUES (1939952268459810817, '1', '10003', 'admin', '2025-07-01 15:40:38', 1939952201321586689, 1939952201833291777, NULL, NULL, '发起人', 'flk_394012065005', 21, NULL, 0, NULL, NULL, NULL, NULL, NULL, NULL, 0, 0, '2025-07-01 16:28:13', 2, 2855211);
INSERT INTO `flw_his_task` VALUES (1939990918245556225, '1', '10003', 'admin', '2025-07-01 18:14:13', 1939990917930983425, 0, NULL, NULL, '发起人', 'flk_197793997595', 0, NULL, 0, NULL, '{\"field6833819855060\": \"534\"}', NULL, NULL, NULL, NULL, 0, 0, '2025-07-01 18:14:13', 2, 22);
INSERT INTO `flw_his_task` VALUES (1939990918438494210, '1', '10036', '张三', '2025-07-01 18:14:13', 1939990917930983425, 1939990918245556225, NULL, NULL, '审批人', 'flk_197997386375', 1, NULL, 1, NULL, '{\"termMode\": 0, \"field6833819855060\": \"534\"}', NULL, NULL, '2025-07-01 23:14:13', NULL, 0, 0, '2025-07-01 18:15:38', 2, 85381);
INSERT INTO `flw_his_task` VALUES (1939993818208313346, '1', '10003', 'admin', '2025-07-01 18:25:44', 1939993818078289921, 0, NULL, NULL, '发起人', 'flk_197793997595', 0, NULL, 0, NULL, '{\"field6833819855060\": \"7567\"}', NULL, NULL, NULL, NULL, 0, 0, '2025-07-01 18:25:44', 2, 11);
INSERT INTO `flw_his_task` VALUES (1939993818329948162, '1', '10040', '王五', '2025-07-01 18:25:44', 1939993818078289921, 1939993818208313346, NULL, NULL, '审批人', 'flk_197997386375', 1, NULL, 1, NULL, '{\"termMode\": 0, \"field6833819855060\": \"7567\"}', NULL, NULL, '2025-07-01 23:25:44', NULL, 0, 0, '2025-07-01 18:26:05', 2, 20504);
INSERT INTO `flw_his_task` VALUES (1939995399498670082, '1', '10003', 'admin', '2025-07-01 18:32:01', 1939995399393812481, 0, NULL, NULL, '发起人', 'flk_197793997595', 0, NULL, 0, NULL, '{\"field6833819855060\": \"75567\"}', NULL, NULL, NULL, NULL, 0, 0, '2025-07-01 18:32:01', 2, 12);
INSERT INTO `flw_his_task` VALUES (1939995399561584643, '1', '10037', '李四', '2025-07-01 18:32:01', 1939995399393812481, 1939995399498670082, NULL, NULL, '审批人', 'flk_197997386375', 1, NULL, 1, NULL, '{\"termMode\": 0, \"field6833819855060\": \"75567\"}', NULL, NULL, '2025-07-01 23:32:01', NULL, 0, 0, '2025-07-01 18:33:35', 7, 94369);
INSERT INTO `flw_his_task` VALUES (1940223617967296514, '1', '10003', 'admin', '2025-07-02 09:38:53', 1940223617845661697, 0, NULL, NULL, '发起人', 'flk_197793997595', 0, NULL, 0, NULL, '{\"field6833819855060\": \"456\"}', NULL, NULL, NULL, NULL, 0, 0, '2025-07-02 09:38:53', 2, 21);
INSERT INTO `flw_his_task` VALUES (1940223618164428802, '1', '10036', '张三', '2025-07-02 09:38:53', 1940223617845661697, 1940223617967296514, NULL, NULL, '审批人', 'flk_197997386375', 1, NULL, 1, NULL, '{\"termMode\": 0, \"field6833819855060\": \"456\"}', NULL, NULL, '2025-07-02 14:38:53', NULL, 0, 0, '2025-07-02 09:39:09', 7, 16083);
INSERT INTO `flw_his_task` VALUES (1940223999946756098, '1', '10003', 'admin', '2025-07-02 09:40:24', 1940223999946756097, 0, NULL, NULL, '发起人', 'flk_488038489934', 0, NULL, 0, NULL, '{\"field3302248832420\": \"456\", \"field6801248834230\": 4564, \"field9543448836057\": \"选项2\"}', NULL, NULL, NULL, NULL, 0, 0, '2025-07-02 09:40:24', 2, 7);
INSERT INTO `flw_his_task` VALUES (1940224000009670658, '1', '10036', '张三', '2025-07-02 09:40:24', 1940223999946756097, 1940223999946756098, NULL, NULL, '审批人', 'flk_488390858038', 1, NULL, 1, NULL, '{\"termMode\": 0, \"field3302248832420\": \"456\", \"field6801248834230\": 4564, \"field9543448836057\": \"选项2\"}', NULL, NULL, '2025-07-02 14:40:24', NULL, 0, 0, '2025-07-02 09:40:45', 11, 20753);
INSERT INTO `flw_his_task` VALUES (1940224087607709697, '1', '10003', 'admin', '2025-07-02 09:40:45', 1940223999946756097, 1940224000009670658, NULL, NULL, '发起人', 'flk_488038489934', 21, NULL, 0, NULL, NULL, NULL, NULL, NULL, NULL, 0, 0, '2025-07-02 13:34:53', 2, 14048321);
INSERT INTO `flw_his_task` VALUES (1940225600161730562, '1', '10003', 'admin', '2025-07-02 09:46:45', 1940225600040095746, 0, NULL, NULL, '发起人', 'flk_207490923710', 0, NULL, 0, NULL, '{\"field6721620777230\": \"354\"}', NULL, NULL, NULL, NULL, 0, 0, '2025-07-02 09:46:45', 2, 21);
INSERT INTO `flw_his_task` VALUES (1940225600287559682, '1', '10037', '李四', '2025-07-02 09:46:45', 1940225600040095746, 1940225600161730562, NULL, NULL, '审批人', 'flk_207801143630', 1, NULL, 1, NULL, '{\"termMode\": 0, \"field6721620777230\": \"354\"}', NULL, NULL, '2025-07-02 14:46:45', NULL, 0, 0, '2025-07-02 09:48:20', 2, 94809);
INSERT INTO `flw_his_task` VALUES (1940225996385046529, '1', '10040', '王五', '2025-07-02 09:48:20', 1940225600040095746, 1940225600287559682, NULL, NULL, '审批人', 'flk_207876924670', 1, NULL, 1, NULL, '{\"termMode\": 0, \"field6721620777230\": \"354\"}', NULL, NULL, '2025-07-02 14:48:20', NULL, 0, 0, '2025-07-02 09:48:31', 7, 11378);
INSERT INTO `flw_his_task` VALUES (1940226224051867649, '1', '10003', 'admin', '2025-07-02 09:49:14', 1940226223984758786, 0, NULL, NULL, '发起人', 'flk_207490923710', 0, NULL, 0, NULL, '{\"field6721620777230\": \"8678\"}', NULL, NULL, NULL, NULL, 0, 0, '2025-07-02 09:49:14', 2, 12);
INSERT INTO `flw_his_task` VALUES (1940226224186085377, '1', '10037', '李四', '2025-07-02 09:49:14', 1940226223984758786, 1940226224051867649, NULL, NULL, '审批人', 'flk_207801143630', 1, NULL, 1, NULL, '{\"termMode\": 0, \"field6721620777230\": \"8678\"}', NULL, NULL, '2025-07-02 14:49:14', NULL, 0, 0, '2025-07-02 09:49:22', 2, 7856);
INSERT INTO `flw_his_task` VALUES (1940226256641609730, '1', '10040', '王五', '2025-07-02 09:49:22', 1940226223984758786, 1940226224186085377, NULL, NULL, '审批人', 'flk_207876924670', 1, NULL, 1, NULL, '{\"termMode\": 0, \"field6721620777230\": \"8678\"}', NULL, NULL, '2025-07-02 14:49:22', NULL, 0, 0, '2025-07-02 09:49:33', 3, 11148);
INSERT INTO `flw_his_task` VALUES (1940227672953298945, '1', '10003', 'admin', '2025-07-02 09:55:00', 1940227672856829954, 0, NULL, NULL, '发起人', 'flk_197793997595', 0, NULL, 0, NULL, '{\"field6833819855060\": \"567\"}', NULL, NULL, NULL, NULL, 0, 0, '2025-07-02 09:55:00', 2, 21);
INSERT INTO `flw_his_task` VALUES (1940227673083322370, '1', '10037', '李四', '2025-07-02 09:55:00', 1940227672856829954, 1940227672953298945, NULL, NULL, '审批人', 'flk_197997386375', 1, NULL, 1, NULL, '{\"termMode\": 0, \"field6833819855060\": \"567\"}', NULL, NULL, '2025-07-02 14:55:00', NULL, 0, 0, '2025-07-02 09:55:36', 7, 36357);
INSERT INTO `flw_his_task` VALUES (1940228222566404097, '1', '10003', 'admin', '2025-07-02 09:57:11', 1940228222482518017, 0, NULL, NULL, '发起人', 'flk_197793997595', 0, NULL, 0, NULL, '{\"field6833819855060\": \"7567\"}', NULL, NULL, NULL, NULL, 0, 0, '2025-07-02 09:57:11', 2, 18);
INSERT INTO `flw_his_task` VALUES (1940228222700621825, '1', '10037', '李四', '2025-07-02 09:57:11', 1940228222482518017, 1940228222566404097, NULL, NULL, '审批人', 'flk_197997386375', 1, NULL, 1, NULL, '{\"termMode\": 0, \"field6833819855060\": \"7567\"}', NULL, NULL, '2025-07-02 14:57:11', NULL, 0, 0, '2025-07-02 09:57:42', 2, 31123);
INSERT INTO `flw_his_task` VALUES (1940231029835161602, '1', '10003', 'admin', '2025-07-02 10:08:20', 1940231029705138177, 0, NULL, NULL, '发起人', 'flk_207490923710', 0, NULL, 0, NULL, '{\"field6721620777230\": \"5345\"}', NULL, NULL, NULL, NULL, 0, 0, '2025-07-02 10:08:20', 2, 21);
INSERT INTO `flw_his_task` VALUES (1940231029956796417, '1', '10037', '李四', '2025-07-02 10:08:20', 1940231029705138177, 1940231029835161602, NULL, NULL, '审批人', 'flk_207801143630', 1, NULL, 1, NULL, '{\"termMode\": 0, \"field6721620777230\": \"5345\"}', NULL, NULL, '2025-07-02 15:08:20', NULL, 0, 0, '2025-07-02 10:08:29', 2, 8798);
INSERT INTO `flw_his_task` VALUES (1940231067298684930, '1', '10040', '王五', '2025-07-02 10:08:29', 1940231029705138177, 1940231029956796417, NULL, NULL, '审批人', 'flk_207876924670', 1, NULL, 1, NULL, '{\"termMode\": 0, \"field6721620777230\": \"5345\"}', NULL, NULL, '2025-07-02 15:08:29', NULL, 0, 0, '2025-07-02 10:08:38', 3, 9325);
INSERT INTO `flw_his_task` VALUES (1940231107123601410, '1', '10037', '李四', '2025-07-02 10:08:38', 1940231029705138177, 1940231029835161602, NULL, NULL, '审批人', 'flk_207801143630', 19, NULL, 1, NULL, '{\"termMode\": 0, \"field6721620777230\": \"5345\"}', NULL, NULL, '2025-07-02 15:08:20', NULL, 0, 0, '2025-07-02 10:09:39', 2, 60873);
INSERT INTO `flw_his_task` VALUES (1940231361168400386, '1', '10040', '王五', '2025-07-02 10:09:39', 1940231029705138177, 1940231107123601410, NULL, NULL, '审批人', 'flk_207876924670', 1, NULL, 1, NULL, '{\"termMode\": 0, \"field6721620777230\": \"5345\"}', NULL, NULL, '2025-07-02 15:09:39', NULL, 0, 0, '2025-07-02 10:10:56', 2, 77370);
INSERT INTO `flw_his_task` VALUES (1940232920275001345, '1', '10003', 'admin', '2025-07-02 10:15:51', 1940232920191115266, 0, NULL, NULL, '发起人', 'flk_197793997595', 0, NULL, 0, NULL, '{\"field6833819855060\": \"6456\"}', NULL, NULL, NULL, NULL, 0, 0, '2025-07-02 10:15:51', 2, 19);
INSERT INTO `flw_his_task` VALUES (1940232920405024769, '1', '10037', '李四', '2025-07-02 10:15:51', 1940232920191115266, 1940232920275001345, NULL, NULL, '审批人', 'flk_197997386375', 1, NULL, 1, NULL, '{\"termMode\": 0, \"field6833819855060\": \"6456\"}', NULL, NULL, '2025-07-02 15:15:51', NULL, 0, 0, '2025-07-02 10:16:22', 7, 31268);
INSERT INTO `flw_his_task` VALUES (1940233202388082689, '1', '10003', 'admin', '2025-07-02 10:16:58', 1940233202320973825, 0, NULL, NULL, '发起人', 'flk_197793997595', 0, NULL, 0, NULL, '{\"field6833819855060\": \"345\"}', NULL, NULL, NULL, NULL, 0, 0, '2025-07-02 10:16:58', 2, 8);
INSERT INTO `flw_his_task` VALUES (1940233202450997250, '1', '10037', '李四', '2025-07-02 10:16:58', 1940233202320973825, 1940233202388082689, NULL, NULL, '审批人', 'flk_197997386375', 1, NULL, 1, NULL, '{\"termMode\": 0, \"field6833819855060\": \"345\"}', NULL, NULL, '2025-07-02 15:16:58', NULL, 0, 0, '2025-07-02 10:17:06', 11, 7871);
INSERT INTO `flw_his_task` VALUES (1940233235929931777, '1', '10003', 'admin', '2025-07-02 10:17:06', 1940233202320973825, 1940233202450997250, NULL, NULL, '发起人', 'flk_197793997595', 21, NULL, 0, NULL, NULL, NULL, NULL, NULL, NULL, 0, 0, '2025-07-02 10:17:30', 2, 24027);
INSERT INTO `flw_his_task` VALUES (1940233337364979713, '1', '10036', '张三', '2025-07-02 10:17:30', 1940233202320973825, 1940233235929931777, NULL, NULL, '审批人', 'flk_197997386375', 1, NULL, 1, NULL, '{\"termMode\": 0, \"field6833819855060\": \"345\"}', NULL, NULL, '2025-07-02 15:17:30', NULL, 0, 0, '2025-07-02 10:18:39', 2, 69423);
INSERT INTO `flw_his_task` VALUES (1940283012411465729, '1', '10036', '张三', '2025-07-02 13:34:54', 1940223999946756097, 1940224087607709697, NULL, NULL, '审批人', 'flk_488390858038', 1, NULL, 1, NULL, '{\"termMode\": 0, \"field3302248832420\": \"456\", \"field6801248834230\": 4564, \"field9543448836057\": \"选项2\"}', NULL, NULL, '2025-07-02 18:34:54', NULL, 0, 0, '2025-07-02 13:35:27', 2, 33459);
INSERT INTO `flw_his_task` VALUES (1940283154938109953, '1', '10036', '张三', '2025-07-02 13:35:28', 1940223999946756097, 1940283012411465729, NULL, NULL, '审批人', 'flk_488515357857', 1, NULL, 1, NULL, '{\"termMode\": 0, \"field3302248832420\": \"456\", \"field6801248834230\": 4564, \"field9543448836057\": \"选项2\"}', NULL, NULL, '2025-07-02 18:35:28', NULL, 0, 0, '2025-07-02 13:36:05', 4, 37352);

-- ----------------------------
-- Table structure for flw_his_task_actor
-- ----------------------------
DROP TABLE IF EXISTS `flw_his_task_actor`;
CREATE TABLE `flw_his_task_actor`  (
  `id` bigint NOT NULL COMMENT '主键 ID',
  `tenant_id` varchar(50) CHARACTER SET utf8mb4 COLLATE utf8mb4_0900_ai_ci NULL DEFAULT NULL COMMENT '租户ID',
  `instance_id` bigint NOT NULL COMMENT '流程实例ID',
  `task_id` bigint NOT NULL COMMENT '任务ID',
  `actor_id` varchar(100) CHARACTER SET utf8mb4 COLLATE utf8mb4_0900_ai_ci NOT NULL COMMENT '参与者ID',
  `actor_name` varchar(100) CHARACTER SET utf8mb4 COLLATE utf8mb4_0900_ai_ci NOT NULL COMMENT '参与者名称',
  `actor_type` int NOT NULL COMMENT '参与者类型 0，用户 1，角色 2，部门',
  `weight` int NULL DEFAULT NULL COMMENT '权重，票签任务时，该值为不同处理人员的分量比例，代理任务时，该值为 1 时为代理人',
  `agent_id` varchar(100) CHARACTER SET utf8mb4 COLLATE utf8mb4_0900_ai_ci NULL DEFAULT NULL COMMENT '代理人ID',
  `agent_type` int NULL DEFAULT NULL COMMENT '代理人类型 0，代理 1，被代理 2，认领角色 3，认领部门',
  `extend` text CHARACTER SET utf8mb4 COLLATE utf8mb4_0900_ai_ci NULL COMMENT '扩展json',
  PRIMARY KEY (`id`) USING BTREE,
  INDEX `idx_his_task_actor_task_id`(`task_id` ASC) USING BTREE,
  CONSTRAINT `fk_his_task_actor_task_id` FOREIGN KEY (`task_id`) REFERENCES `flw_his_task` (`id`) ON DELETE RESTRICT ON UPDATE RESTRICT
) ENGINE = InnoDB CHARACTER SET = utf8mb4 COLLATE = utf8mb4_0900_ai_ci COMMENT = '历史任务参与者表' ROW_FORMAT = DYNAMIC;

-- ----------------------------
-- Records of flw_his_task_actor
-- ----------------------------
INSERT INTO `flw_his_task_actor` VALUES (1937099900659687427, '1', 1937099900458360834, 1937099900659687426, '10003', 'admin', 0, NULL, NULL, NULL, NULL);
INSERT INTO `flw_his_task_actor` VALUES (1937322115955154947, '1', 1937322115892240386, 1937322115955154946, '10003', 'admin', 0, NULL, NULL, NULL, NULL);
INSERT INTO `flw_his_task_actor` VALUES (1937323987050946561, '1', 1937323981887758338, 1937323986455355394, '10033', '测试', 0, NULL, NULL, NULL, NULL);
INSERT INTO `flw_his_task_actor` VALUES (1937328410586161154, '1', 1937328410523246593, 1937328410586161153, '10036', '张三', 0, NULL, NULL, NULL, NULL);
INSERT INTO `flw_his_task_actor` VALUES (1937334009654845442, '1', 1937328410523246593, 1937328410649075713, '10037', '李四', 0, NULL, NULL, NULL, NULL);
INSERT INTO `flw_his_task_actor` VALUES (1937337119836119043, '1', 1937337119773204482, 1937337119836119042, '10040', '王五', 0, NULL, NULL, NULL, NULL);
INSERT INTO `flw_his_task_actor` VALUES (1937337409138237441, '1', 1937337119773204482, 1937337119903227906, '10036', '张三', 0, NULL, NULL, NULL, NULL);
INSERT INTO `flw_his_task_actor` VALUES (1937337937175945217, '1', 1937337119773204482, 1937337409264066561, '10037', '李四', 0, NULL, NULL, NULL, NULL);
INSERT INTO `flw_his_task_actor` VALUES (1937340144264847362, '1', 1937340144197738497, 1937340144264847361, '10040', '王五', 0, NULL, NULL, NULL, NULL);
INSERT INTO `flw_his_task_actor` VALUES (1937340282697850882, '1', 1937340144197738497, 1937340144327761921, '10036', '张三', 0, NULL, NULL, NULL, NULL);
INSERT INTO `flw_his_task_actor` VALUES (1937340712291049474, '1', 1937340712228134913, 1937340712291049473, '10040', '王五', 0, NULL, NULL, NULL, NULL);
INSERT INTO `flw_his_task_actor` VALUES (1937340873901776898, '1', 1937340712228134913, 1937340712353964034, '10037', '李四', 0, NULL, NULL, NULL, NULL);
INSERT INTO `flw_his_task_actor` VALUES (1937392903085301761, '1', 1937392902825254913, 1937392903022387201, '10003', 'admin', 0, NULL, NULL, NULL, NULL);
INSERT INTO `flw_his_task_actor` VALUES (1937392903148216322, '1', 1937392902825254913, 1937392903085301762, '10037', '李四', 0, NULL, NULL, NULL, NULL);
INSERT INTO `flw_his_task_actor` VALUES (1937435848907845634, '1', 1937435848714907649, 1937435848782016514, '10003', 'admin', 0, NULL, NULL, NULL, NULL);
INSERT INTO `flw_his_task_actor` VALUES (1937465182343393281, '1', 1937435848714907649, 1937435849033674753, '10037', '李四', 0, NULL, NULL, NULL, NULL);
INSERT INTO `flw_his_task_actor` VALUES (1937465363243724802, '1', 1937435848714907649, 1937465182678937601, '10040', '王五', 0, NULL, NULL, NULL, NULL);
INSERT INTO `flw_his_task_actor` VALUES (1937690141527339009, '1', 1937690140994662401, 1937690141334401026, '10003', 'admin', 0, NULL, NULL, NULL, NULL);
INSERT INTO `flw_his_task_actor` VALUES (1937690669749596161, '1', 1937690140994662401, 1937690141590253569, '10037', '李四', 0, NULL, NULL, NULL, NULL);
INSERT INTO `flw_his_task_actor` VALUES (1937692767421702146, '1', 1937692767237152770, 1937692767362981889, '10037', '李四', 0, NULL, NULL, NULL, NULL);
INSERT INTO `flw_his_task_actor` VALUES (1937693075157786625, '1', 1937692767237152770, 1937692767484616705, '10036', '张三', 0, NULL, NULL, NULL, NULL);
INSERT INTO `flw_his_task_actor` VALUES (1937693075409444866, '1', 1937692767237152770, 1937693075350724610, '10040', '王五', 0, 6, NULL, NULL, NULL);
INSERT INTO `flw_his_task_actor` VALUES (1937755697630629890, '1', 1937755697328640002, 1937755697496412161, '10037', '李四', 0, NULL, NULL, NULL, NULL);
INSERT INTO `flw_his_task_actor` VALUES (1937757373074722818, '1', 1937757372881784833, 1937757373007613954, '10003', 'admin', 0, NULL, NULL, NULL, NULL);
INSERT INTO `flw_his_task_actor` VALUES (1937770238246617089, '1', 1937755697328640002, 1937755697693544449, '12', '工作流', 1, NULL, NULL, NULL, NULL);
INSERT INTO `flw_his_task_actor` VALUES (1937770309247795202, '1', 1937770308987748354, 1937770309117771777, '10003', 'admin', 0, NULL, NULL, NULL, NULL);
INSERT INTO `flw_his_task_actor` VALUES (1937771016780742657, '1', 1937771016306786306, 1937771016587804674, '10003', 'admin', 0, NULL, NULL, NULL, NULL);
INSERT INTO `flw_his_task_actor` VALUES (1937801845632376834, '1', 1937801845053562881, 1937801845540102146, '10003', 'admin', 0, NULL, NULL, NULL, NULL);
INSERT INTO `flw_his_task_actor` VALUES (1937802153641091074, '1', 1937801845053562881, 1937801845695291393, '10036', '张三', 0, NULL, NULL, NULL, NULL);
INSERT INTO `flw_his_task_actor` VALUES (1937803624063320065, '1', 1937803623874576385, 1937803624000405506, '10003', 'admin', 0, NULL, NULL, NULL, NULL);
INSERT INTO `flw_his_task_actor` VALUES (1937804828864561154, '1', 1937803623874576385, 1937803624130428929, '10037', '李四', 0, NULL, NULL, NULL, NULL);
INSERT INTO `flw_his_task_actor` VALUES (1937817324807766018, NULL, 1937817324228952066, 1937817324560302082, 'test001', '测试001', 0, NULL, NULL, NULL, NULL);
INSERT INTO `flw_his_task_actor` VALUES (1937818091396513793, NULL, 1937817324228952066, 1937817324933595138, 'test002', '测试002', 0, NULL, '100200', 2, '{\"actorType\":1,\"actorName\":\"项目经理\"}');
INSERT INTO `flw_his_task_actor` VALUES (1938057511496265729, '1', 1937801845053562881, 1937802153955663873, '10040', '王五', 0, NULL, '12', 2, '{\"actorType\":1,\"actorName\":\"工作流\"}');
INSERT INTO `flw_his_task_actor` VALUES (1938058181402112001, '1', 1937771016306786306, 1937771016910766081, '10040', '王五', 0, NULL, '12', 2, '{\"actorType\":1,\"actorName\":\"工作流\"}');
INSERT INTO `flw_his_task_actor` VALUES (1938059151049699330, '1', 1937770308987748354, 1937770309310709761, '10036', '张三', 0, NULL, '12', 2, '{\"actorType\":1,\"actorName\":\"工作流\"}');
INSERT INTO `flw_his_task_actor` VALUES (1938062169098940418, '1', 1937803623874576385, 1937804829439180801, '9', '预览员', 1, NULL, NULL, NULL, NULL);
INSERT INTO `flw_his_task_actor` VALUES (1938064754031718402, '1', 1937757372881784833, 1937757373137637377, '10036', '张三', 0, NULL, '12', 2, '{\"actorType\":1,\"actorName\":\"工作流\"}');
INSERT INTO `flw_his_task_actor` VALUES (1938071854132752385, '1', 1938071853298085890, 1938071853939814402, '10003', 'admin', 0, NULL, NULL, NULL, NULL);
INSERT INTO `flw_his_task_actor` VALUES (1938071973594918914, '1', 1938071853298085890, 1938071854199861249, '10037', '李四', 0, NULL, NULL, NULL, NULL);
INSERT INTO `flw_his_task_actor` VALUES (1938072347227713538, '1', 1938071853298085890, 1938071973850771458, '10040', '王五', 0, NULL, NULL, NULL, NULL);
INSERT INTO `flw_his_task_actor` VALUES (1938073993433309185, '1', 1938073993240371201, 1938073993370394626, '10003', 'admin', 0, NULL, NULL, NULL, NULL);
INSERT INTO `flw_his_task_actor` VALUES (1938074090447560706, '1', 1938073993240371201, 1938073993433309186, '12', '工作流', 1, NULL, NULL, NULL, NULL);
INSERT INTO `flw_his_task_actor` VALUES (1938200097418571777, '1', 1938200097225633793, 1938200097351462913, '10003', 'admin', 0, NULL, NULL, NULL, NULL);
INSERT INTO `flw_his_task_actor` VALUES (1938412240264925186, '1', 1938200097225633793, 1938200097481486338, '10036', '张三', 0, NULL, NULL, NULL, NULL);
INSERT INTO `flw_his_task_actor` VALUES (1938412446217834497, '1', 1938412446083616769, 1938412446150725634, '10003', 'admin', 0, NULL, NULL, NULL, NULL);
INSERT INTO `flw_his_task_actor` VALUES (1938412486701256705, '1', 1938412446083616769, 1938412446217834498, '10036', '张三', 0, NULL, NULL, NULL, NULL);
INSERT INTO `flw_his_task_actor` VALUES (1938490019450851330, '1', 1938490018926563330, 1938490019257913346, '10003', 'admin', 0, NULL, NULL, NULL, NULL);
INSERT INTO `flw_his_task_actor` VALUES (1938490455134179329, '1', 1938490018926563330, 1938490019580874753, '10037', '李四', 0, NULL, NULL, NULL, NULL);
INSERT INTO `flw_his_task_actor` VALUES (1938491249547939841, '1', 1938490018926563330, 1938490455327117314, '10040', '王五', 0, NULL, NULL, NULL, NULL);
INSERT INTO `flw_his_task_actor` VALUES (1938492139604414465, '1', 1938492139470196738, 1938492139537305601, '10003', 'admin', 0, NULL, NULL, NULL, NULL);
INSERT INTO `flw_his_task_actor` VALUES (1938492282986696706, '1', 1938492139470196738, 1938492139604414466, '10037', '李四', 0, NULL, NULL, NULL, NULL);
INSERT INTO `flw_his_task_actor` VALUES (1938492283116720130, '1', 1938492139470196738, 1938492283116720129, '10003', 'admin', 0, 6, NULL, NULL, NULL);
INSERT INTO `flw_his_task_actor` VALUES (1938530984672796673, '1', 1938530984232394754, 1938530984538578946, '10003', 'admin', 0, NULL, NULL, NULL, NULL);
INSERT INTO `flw_his_task_actor` VALUES (1938531659800551426, '1', 1938530984232394754, 1938530984802820097, '10040', '王五', 0, NULL, NULL, NULL, NULL);
INSERT INTO `flw_his_task_actor` VALUES (1938532566730711042, '1', 1938532566663602177, 1938532566730711041, '10003', 'admin', 0, NULL, NULL, NULL, NULL);
INSERT INTO `flw_his_task_actor` VALUES (1939603876378484738, '1', 1939603875996803074, 1939603876252655618, '10003', 'admin', 0, NULL, NULL, NULL, NULL);
INSERT INTO `flw_his_task_actor` VALUES (1939604457339920386, '1', 1939603875996803074, 1939603876441399297, '10040', '王五', 0, NULL, NULL, NULL, NULL);
INSERT INTO `flw_his_task_actor` VALUES (1939604888677949441, '1', 1939604888564703234, 1939604888610840577, '10003', 'admin', 0, NULL, NULL, NULL, NULL);
INSERT INTO `flw_his_task_actor` VALUES (1939604950934003713, '1', 1939604888564703234, 1939604888803778562, '10036', '张三', 0, NULL, NULL, NULL, NULL);
INSERT INTO `flw_his_task_actor` VALUES (1939605080722546690, '1', 1939604888564703234, 1939604888803778564, '10037', '李四', 0, NULL, NULL, NULL, NULL);
INSERT INTO `flw_his_task_actor` VALUES (1939605287711449090, '1', 1939604888564703234, 1939604888870887426, '10040', '王五', 0, NULL, NULL, NULL, NULL);
INSERT INTO `flw_his_task_actor` VALUES (1939605374533541889, '1', 1939605374403518466, 1939605374470627329, '10003', 'admin', 0, NULL, NULL, NULL, NULL);
INSERT INTO `flw_his_task_actor` VALUES (1939605419915911169, '1', 1939605374403518466, 1939605374533541890, '10036', '张三', 0, NULL, NULL, NULL, NULL);
INSERT INTO `flw_his_task_actor` VALUES (1939605457668841473, '1', 1939605374403518466, 1939605374533541892, '10037', '李四', 0, NULL, NULL, NULL, NULL);
INSERT INTO `flw_his_task_actor` VALUES (1939605457731756033, '1', 1939605374403518466, 1939605374596456451, '10040', '王五', 0, NULL, NULL, NULL, NULL);
INSERT INTO `flw_his_task_actor` VALUES (1939871644453572610, '1', 1939871644201914369, 1939871644327743489, '10003', 'admin', 0, NULL, NULL, NULL, NULL);
INSERT INTO `flw_his_task_actor` VALUES (1939884528692817921, '1', 1939884528495685634, 1939884528625709057, '10003', 'admin', 0, NULL, NULL, NULL, NULL);
INSERT INTO `flw_his_task_actor` VALUES (1939884666182103042, '1', 1939884528495685634, 1939884528755732482, '10036', '张三', 0, NULL, NULL, NULL, NULL);
INSERT INTO `flw_his_task_actor` VALUES (1939884935980707841, '1', 1939884528495685634, 1939884666245017601, '10003', 'admin', 0, NULL, NULL, NULL, NULL);
INSERT INTO `flw_his_task_actor` VALUES (1939885051433119745, '1', 1939885051311484929, 1939885051370205186, '10003', 'admin', 0, NULL, NULL, NULL, NULL);
INSERT INTO `flw_his_task_actor` VALUES (1939885095964045313, '1', 1939885051311484929, 1939885051433119746, '10036', '张三', 0, NULL, NULL, NULL, NULL);
INSERT INTO `flw_his_task_actor` VALUES (1939885339619553282, '1', 1939885051311484929, 1939885096094068737, '10037', '李四', 0, NULL, NULL, NULL, NULL);
INSERT INTO `flw_his_task_actor` VALUES (1939885643530432514, '1', 1939885051311484929, 1939885339812491266, '10036', '张三', 0, NULL, NULL, NULL, NULL);
INSERT INTO `flw_his_task_actor` VALUES (1939885729639493634, '1', 1939885051311484929, 1939885643664650242, '10037', '李四', 0, NULL, NULL, NULL, NULL);
INSERT INTO `flw_his_task_actor` VALUES (1939890177371709441, '1', 1939890177124245505, 1939890177304600578, '10003', 'admin', 0, NULL, NULL, NULL, NULL);
INSERT INTO `flw_his_task_actor` VALUES (1939890216630394881, '1', 1939890177124245505, 1939890177371709442, '10036', '张三', 0, NULL, NULL, NULL, NULL);
INSERT INTO `flw_his_task_actor` VALUES (1939893133974347777, '1', 1939890177124245505, 1939890216693309441, '10003', 'admin', 0, NULL, NULL, NULL, NULL);
INSERT INTO `flw_his_task_actor` VALUES (1939894670612144130, '1', 1939890177124245505, 1939893134238588930, '10036', '张三', 0, NULL, NULL, NULL, NULL);
INSERT INTO `flw_his_task_actor` VALUES (1939894887034036225, '1', 1939890177124245505, 1939894670675058689, '10003', 'admin', 0, NULL, NULL, NULL, NULL);
INSERT INTO `flw_his_task_actor` VALUES (1939895048166612995, '1', 1939895048103698434, 1939895048166612994, '10003', 'admin', 0, NULL, NULL, NULL, NULL);
INSERT INTO `flw_his_task_actor` VALUES (1939896817701527554, '1', 1939895048103698434, 1939895048229527554, '10036', '张三', 0, NULL, NULL, NULL, NULL);
INSERT INTO `flw_his_task_actor` VALUES (1939896872583995394, '1', 1939895048103698434, 1939896817764442114, '10003', 'admin', 0, NULL, NULL, NULL, NULL);
INSERT INTO `flw_his_task_actor` VALUES (1939897405025722369, '1', 1939895048103698434, 1939896872776933377, '10036', '张三', 0, NULL, NULL, NULL, NULL);
INSERT INTO `flw_his_task_actor` VALUES (1939897471723544577, '1', 1939895048103698434, 1939897405025722370, '10003', 'admin', 0, NULL, NULL, NULL, NULL);
INSERT INTO `flw_his_task_actor` VALUES (1939897786812243969, '1', 1939895048103698434, 1939897471920676865, '10036', '张三', 0, NULL, NULL, NULL, NULL);
INSERT INTO `flw_his_task_actor` VALUES (1939898707550052354, '1', 1939895048103698434, 1939897786879352833, '10003', 'admin', 0, NULL, NULL, NULL, NULL);
INSERT INTO `flw_his_task_actor` VALUES (1939899619077169153, '1', 1939895048103698434, 1939898707751378946, '10036', '张三', 0, NULL, NULL, NULL, NULL);
INSERT INTO `flw_his_task_actor` VALUES (1939921726003650562, '1', 1939895048103698434, 1939899619337216002, '10037', '李四', 0, NULL, NULL, NULL, NULL);
INSERT INTO `flw_his_task_actor` VALUES (1939921956388380673, '1', 1939895048103698434, 1939921726192394241, '10036', '张三', 0, NULL, NULL, NULL, NULL);
INSERT INTO `flw_his_task_actor` VALUES (1939922022515777538, '1', 1939895048103698434, 1939921956652621826, '10037', '李四', 0, NULL, NULL, NULL, NULL);
INSERT INTO `flw_his_task_actor` VALUES (1939924022712246273, '1', 1939924022385090561, 1939924022582222849, '10003', 'admin', 0, NULL, NULL, NULL, NULL);
INSERT INTO `flw_his_task_actor` VALUES (1939924113640562690, '1', 1939924022385090561, 1939924022779355138, '10036', '张三', 0, NULL, NULL, NULL, NULL);
INSERT INTO `flw_his_task_actor` VALUES (1939924284130631682, '1', 1939924022385090561, 1939924113640562691, '10003', 'admin', 0, NULL, NULL, NULL, NULL);
INSERT INTO `flw_his_task_actor` VALUES (1939924400962969602, '1', 1939924022385090561, 1939924284327763969, '10036', '张三', 0, NULL, NULL, NULL, NULL);
INSERT INTO `flw_his_task_actor` VALUES (1939924478834417665, '1', 1939924022385090561, 1939924401097187330, '10037', '李四', 0, NULL, NULL, NULL, NULL);
INSERT INTO `flw_his_task_actor` VALUES (1939924708241874946, '1', 1939924022385090561, 1939924478834417666, '10003', 'admin', 0, NULL, NULL, NULL, NULL);
INSERT INTO `flw_his_task_actor` VALUES (1939927527183261697, '1', 1939924022385090561, 1939924709894430721, '10036', '张三', 0, NULL, NULL, NULL, NULL);
INSERT INTO `flw_his_task_actor` VALUES (1939927581063290881, '1', 1939924022385090561, 1939927527313285121, '10037', '李四', 0, NULL, NULL, NULL, NULL);
INSERT INTO `flw_his_task_actor` VALUES (1939927925541478401, '1', 1939927925474369538, 1939927925474369539, '10003', 'admin', 0, NULL, NULL, NULL, NULL);
INSERT INTO `flw_his_task_actor` VALUES (1939927984991543297, '1', 1939927925474369538, 1939927925541478402, '10036', '张三', 0, NULL, NULL, NULL, NULL);
INSERT INTO `flw_his_task_actor` VALUES (1939929350921166849, '1', 1939929350795337730, 1939929350858252290, '10003', 'admin', 0, NULL, NULL, NULL, NULL);
INSERT INTO `flw_his_task_actor` VALUES (1939929524124950529, '1', 1939929350795337730, 1939929350984081409, '10037', '李四', 0, NULL, NULL, NULL, NULL);
INSERT INTO `flw_his_task_actor` VALUES (1939952201761988609, '1', 1939952201321586689, 1939952201636159489, '10003', 'admin', 0, NULL, NULL, NULL, NULL);
INSERT INTO `flw_his_task_actor` VALUES (1939952268396896257, '1', 1939952201321586689, 1939952201833291777, '10036', '张三', 0, NULL, NULL, NULL, NULL);
INSERT INTO `flw_his_task_actor` VALUES (1939964244061757442, '1', 1939952201321586689, 1939952268459810817, '10003', 'admin', 0, NULL, NULL, NULL, NULL);
INSERT INTO `flw_his_task_actor` VALUES (1939990918312665089, '1', 1939990917930983425, 1939990918245556225, '10003', 'admin', 0, NULL, NULL, NULL, NULL);
INSERT INTO `flw_his_task_actor` VALUES (1939991276975988737, '1', 1939990917930983425, 1939990918438494210, '10036', '张三', 0, NULL, '12', 2, '{\"actorType\":1,\"actorName\":\"工作流\"}');
INSERT INTO `flw_his_task_actor` VALUES (1939993818271227905, '1', 1939993818078289921, 1939993818208313346, '10003', 'admin', 0, NULL, NULL, NULL, NULL);
INSERT INTO `flw_his_task_actor` VALUES (1939993903105220610, '1', 1939993818078289921, 1939993818329948162, '10040', '王五', 0, NULL, '12', 2, '{\"actorType\":1,\"actorName\":\"工作流\"}');
INSERT INTO `flw_his_task_actor` VALUES (1939995399561584642, '1', 1939995399393812481, 1939995399498670082, '10003', 'admin', 0, NULL, NULL, NULL, NULL);
INSERT INTO `flw_his_task_actor` VALUES (1939995794186870786, '1', 1939995399393812481, 1939995399561584643, '12', '工作流', 1, NULL, NULL, NULL, NULL);
INSERT INTO `flw_his_task_actor` VALUES (1940223618114097154, '1', 1940223617845661697, 1940223617967296514, '10003', 'admin', 0, NULL, NULL, NULL, NULL);
INSERT INTO `flw_his_task_actor` VALUES (1940223686321868802, '1', 1940223617845661697, 1940223618164428802, '12', '工作流', 1, NULL, NULL, NULL, NULL);
INSERT INTO `flw_his_task_actor` VALUES (1940223686519001089, '1', 1940223617845661697, 1940223618164428802, '10036', '张三', 0, 1, NULL, NULL, NULL);
INSERT INTO `flw_his_task_actor` VALUES (1940224000009670657, '1', 1940223999946756097, 1940223999946756098, '10003', 'admin', 0, NULL, NULL, NULL, NULL);
INSERT INTO `flw_his_task_actor` VALUES (1940224087540600833, '1', 1940223999946756097, 1940224000009670658, '10036', '张三', 0, NULL, NULL, NULL, NULL);
INSERT INTO `flw_his_task_actor` VALUES (1940224087796453378, '1', 1940223999946756097, 1940224000009670658, '10036', '张三', 0, 1, NULL, NULL, NULL);
INSERT INTO `flw_his_task_actor` VALUES (1940224209171222529, '1', 1939871644201914369, 1939871644520681474, '10036', '张三', 0, NULL, NULL, NULL, NULL);
INSERT INTO `flw_his_task_actor` VALUES (1940224209171222530, '1', 1939871644201914369, 1939871644520681476, '10037', '李四', 0, NULL, NULL, NULL, NULL);
INSERT INTO `flw_his_task_actor` VALUES (1940224209234137090, '1', 1939871644201914369, 1939871644583596033, '10040', '王五', 0, NULL, NULL, NULL, NULL);
INSERT INTO `flw_his_task_actor` VALUES (1940224209422880769, '1', 1939871644201914369, 1939871644520681476, '10037', '李四', 0, 1, NULL, NULL, NULL);
INSERT INTO `flw_his_task_actor` VALUES (1940224282856755201, '1', 1938532566663602177, 1938532566793625602, '10037', '李四', 0, NULL, NULL, NULL, NULL);
INSERT INTO `flw_his_task_actor` VALUES (1940224283049693186, '1', 1938532566663602177, 1938532566793625602, '10037', '李四', 0, 1, NULL, NULL, NULL);
INSERT INTO `flw_his_task_actor` VALUES (1940225600224645122, '1', 1940225600040095746, 1940225600161730562, '10003', 'admin', 0, NULL, NULL, NULL, NULL);
INSERT INTO `flw_his_task_actor` VALUES (1940225996183719938, '1', 1940225600040095746, 1940225600287559682, '10037', '李四', 0, NULL, '12', 2, '{\"actorType\":1,\"actorName\":\"工作流\"}');
INSERT INTO `flw_his_task_actor` VALUES (1940226044720205825, '1', 1940225600040095746, 1940225996385046529, '10040', '王五', 0, NULL, NULL, NULL, NULL);
INSERT INTO `flw_his_task_actor` VALUES (1940226224118976514, '1', 1940226223984758786, 1940226224051867649, '10003', 'admin', 0, NULL, NULL, NULL, NULL);
INSERT INTO `flw_his_task_actor` VALUES (1940226256444477441, '1', 1940226223984758786, 1940226224186085377, '10037', '李四', 0, NULL, '12', 2, '{\"actorType\":1,\"actorName\":\"工作流\"}');
INSERT INTO `flw_his_task_actor` VALUES (1940226303806558210, '1', 1940226223984758786, 1940226256641609730, '10040', '王五', 0, NULL, NULL, NULL, NULL);
INSERT INTO `flw_his_task_actor` VALUES (1940227673016213506, '1', 1940227672856829954, 1940227672953298945, '10003', 'admin', 0, NULL, NULL, NULL, NULL);
INSERT INTO `flw_his_task_actor` VALUES (1940227827232382977, '1', 1940227672856829954, 1940227673083322370, '12', '工作流', 1, NULL, NULL, NULL, NULL);
INSERT INTO `flw_his_task_actor` VALUES (1940227827479846913, '1', 1940227672856829954, 1940227673083322370, '10037', '李四', 0, 1, NULL, NULL, NULL);
INSERT INTO `flw_his_task_actor` VALUES (1940228222633512962, '1', 1940228222482518017, 1940228222566404097, '10003', 'admin', 0, NULL, NULL, NULL, NULL);
INSERT INTO `flw_his_task_actor` VALUES (1940228354716340226, '1', 1940228222482518017, 1940228222700621825, '10037', '李四', 0, NULL, '12', 2, '{\"actorType\":1,\"actorName\":\"工作流\"}');
INSERT INTO `flw_his_task_actor` VALUES (1940231029898076162, '1', 1940231029705138177, 1940231029835161602, '10003', 'admin', 0, NULL, NULL, NULL, NULL);
INSERT INTO `flw_his_task_actor` VALUES (1940231067038638082, '1', 1940231029705138177, 1940231029956796417, '10037', '李四', 0, NULL, '12', 2, '{\"actorType\":1,\"actorName\":\"工作流\"}');
INSERT INTO `flw_his_task_actor` VALUES (1940231107056492546, '1', 1940231029705138177, 1940231067298684930, '10040', '王五', 0, NULL, NULL, NULL, NULL);
INSERT INTO `flw_his_task_actor` VALUES (1940231360975462401, '1', 1940231029705138177, 1940231107123601410, '10037', '李四', 0, NULL, NULL, NULL, NULL);
INSERT INTO `flw_his_task_actor` VALUES (1940231686008856578, '1', 1940231029705138177, 1940231361168400386, '10040', '王五', 0, NULL, NULL, NULL, NULL);
INSERT INTO `flw_his_task_actor` VALUES (1940232920337915906, '1', 1940232920191115266, 1940232920275001345, '10003', 'admin', 0, NULL, NULL, NULL, NULL);
INSERT INTO `flw_his_task_actor` VALUES (1940233052974391298, '1', 1940232920191115266, 1940232920405024769, '12', '工作流', 1, NULL, NULL, NULL, NULL);
INSERT INTO `flw_his_task_actor` VALUES (1940233202450997249, '1', 1940233202320973825, 1940233202388082689, '10003', 'admin', 0, NULL, NULL, NULL, NULL);
INSERT INTO `flw_his_task_actor` VALUES (1940233235858628610, '1', 1940233202320973825, 1940233202450997250, '12', '工作流', 1, NULL, NULL, NULL, NULL);
INSERT INTO `flw_his_task_actor` VALUES (1940233337167847426, '1', 1940233202320973825, 1940233235929931777, '10003', 'admin', 0, NULL, NULL, NULL, NULL);
INSERT INTO `flw_his_task_actor` VALUES (1940233628185436162, '1', 1940233202320973825, 1940233337364979713, '10036', '张三', 0, NULL, '12', 2, '{\"actorType\":1,\"actorName\":\"工作流\"}');
INSERT INTO `flw_his_task_actor` VALUES (1940283011635519490, '1', 1940223999946756097, 1940224087607709697, '10003', 'admin', 0, NULL, NULL, NULL, NULL);
INSERT INTO `flw_his_task_actor` VALUES (1940283154690646018, '1', 1940223999946756097, 1940283012411465729, '10036', '张三', 0, NULL, NULL, NULL, NULL);
INSERT INTO `flw_his_task_actor` VALUES (1940283313629601794, '1', 1940223999946756097, 1940283154938109953, '10037', '李四', 0, NULL, NULL, NULL, NULL);

-- ----------------------------
-- Table structure for flw_instance
-- ----------------------------
DROP TABLE IF EXISTS `flw_instance`;
CREATE TABLE `flw_instance`  (
  `id` bigint NOT NULL COMMENT '主键ID',
  `tenant_id` varchar(50) CHARACTER SET utf8mb4 COLLATE utf8mb4_0900_ai_ci NULL DEFAULT NULL COMMENT '租户ID',
  `create_id` varchar(50) CHARACTER SET utf8mb4 COLLATE utf8mb4_0900_ai_ci NOT NULL COMMENT '创建人ID',
  `create_by` varchar(50) CHARACTER SET utf8mb4 COLLATE utf8mb4_0900_ai_ci NOT NULL COMMENT '创建人名称',
  `create_time` timestamp NOT NULL DEFAULT CURRENT_TIMESTAMP ON UPDATE CURRENT_TIMESTAMP COMMENT '创建时间',
  `process_id` bigint NOT NULL COMMENT '流程定义ID',
  `parent_instance_id` bigint NULL DEFAULT NULL COMMENT '父流程实例ID',
  `priority` tinyint(1) NULL DEFAULT NULL COMMENT '优先级',
  `instance_no` varchar(50) CHARACTER SET utf8mb4 COLLATE utf8mb4_0900_ai_ci NULL DEFAULT NULL COMMENT '流程实例编号',
  `business_key` varchar(100) CHARACTER SET utf8mb4 COLLATE utf8mb4_0900_ai_ci NULL DEFAULT NULL COMMENT '业务KEY',
  `variable` text CHARACTER SET utf8mb4 COLLATE utf8mb4_0900_ai_ci NULL COMMENT '变量json',
  `current_node_name` varchar(100) CHARACTER SET utf8mb4 COLLATE utf8mb4_0900_ai_ci NOT NULL COMMENT '当前所在节点名称',
  `current_node_key` varchar(100) CHARACTER SET utf8mb4 COLLATE utf8mb4_0900_ai_ci NOT NULL COMMENT '当前所在节点key',
  `expire_time` timestamp NULL DEFAULT NULL COMMENT '期望完成时间',
  `last_update_by` varchar(50) CHARACTER SET utf8mb4 COLLATE utf8mb4_0900_ai_ci NULL DEFAULT NULL COMMENT '上次更新人',
  `last_update_time` timestamp NULL DEFAULT NULL COMMENT '上次更新时间',
  PRIMARY KEY (`id`) USING BTREE,
  INDEX `idx_instance_process_id`(`process_id` ASC) USING BTREE,
  CONSTRAINT `fk_instance_process_id` FOREIGN KEY (`process_id`) REFERENCES `flw_process` (`id`) ON DELETE RESTRICT ON UPDATE RESTRICT
) ENGINE = InnoDB CHARACTER SET = utf8mb4 COLLATE = utf8mb4_0900_ai_ci COMMENT = '流程实例表' ROW_FORMAT = DYNAMIC;

-- ----------------------------
-- Records of flw_instance
-- ----------------------------
INSERT INTO `flw_instance` VALUES (1937099900458360834, '1', '10003', 'admin', '2025-06-23 18:46:20', 1937099843088670722, NULL, NULL, NULL, NULL, '{\"field7483172626689\":\"8678\"}', '审批人1', '', NULL, 'admin', '2025-06-23 18:46:21');
INSERT INTO `flw_instance` VALUES (1937322115892240386, '1', '10003', 'admin', '2025-06-24 09:29:20', 1937099843088670722, NULL, NULL, NULL, NULL, '{\"field7483172626689\":\"王五\"}', '审批人1', '', NULL, 'admin', '2025-06-24 09:29:21');
INSERT INTO `flw_instance` VALUES (1937323981887758338, '1', '10033', '测试', '2025-06-24 09:36:46', 1937099843088670722, NULL, NULL, NULL, NULL, '{\"field7483172626689\":\"123\"}', '审批人1', '', NULL, '测试', '2025-06-24 09:36:47');
INSERT INTO `flw_instance` VALUES (1939952201321586689, '1', '10003', 'admin', '2025-07-01 16:28:13', 1939923574836076546, NULL, 0, NULL, NULL, '{\"field5062039420909\":\"6456\",\"field8314741966315\":\"456\"}', '审批人', 'flk_394230597164', NULL, 'admin', '2025-07-01 16:28:13');
INSERT INTO `flw_instance` VALUES (1940226223984758786, '1', '10003', 'admin', '2025-07-02 09:49:33', 1940226196654673921, NULL, 0, NULL, NULL, '{\"field6721620777230\":\"8678\"}', '审批人', 'flk_207801143630', NULL, '李四', '2025-07-02 09:49:33');

-- ----------------------------
-- Table structure for flw_process
-- ----------------------------
DROP TABLE IF EXISTS `flw_process`;
CREATE TABLE `flw_process`  (
  `id` bigint NOT NULL COMMENT '主键ID',
  `tenant_id` varchar(50) CHARACTER SET utf8mb4 COLLATE utf8mb4_0900_ai_ci NULL DEFAULT NULL COMMENT '租户ID',
  `create_id` varchar(50) CHARACTER SET utf8mb4 COLLATE utf8mb4_0900_ai_ci NOT NULL COMMENT '创建人ID',
  `create_by` varchar(50) CHARACTER SET utf8mb4 COLLATE utf8mb4_0900_ai_ci NOT NULL COMMENT '创建人名称',
  `create_time` timestamp NOT NULL DEFAULT CURRENT_TIMESTAMP ON UPDATE CURRENT_TIMESTAMP COMMENT '创建时间',
  `process_key` varchar(100) CHARACTER SET utf8mb4 COLLATE utf8mb4_0900_ai_ci NOT NULL COMMENT '流程定义 key 唯一标识',
  `process_name` varchar(100) CHARACTER SET utf8mb4 COLLATE utf8mb4_0900_ai_ci NOT NULL COMMENT '流程定义名称',
  `process_icon` varchar(255) CHARACTER SET utf8mb4 COLLATE utf8mb4_0900_ai_ci NULL DEFAULT NULL COMMENT '流程图标地址',
  `process_type` varchar(100) CHARACTER SET utf8mb4 COLLATE utf8mb4_0900_ai_ci NULL DEFAULT NULL COMMENT '流程类型',
  `process_version` int NOT NULL DEFAULT 1 COMMENT '流程版本，默认 1',
  `instance_url` varchar(200) CHARACTER SET utf8mb4 COLLATE utf8mb4_0900_ai_ci NULL DEFAULT NULL COMMENT '实例地址',
  `remark` varchar(255) CHARACTER SET utf8mb4 COLLATE utf8mb4_0900_ai_ci NULL DEFAULT NULL COMMENT '备注说明',
  `use_scope` tinyint(1) NOT NULL DEFAULT 0 COMMENT '使用范围 0，全员 1，指定人员（业务关联） 2，均不可提交',
  `process_state` tinyint(1) NOT NULL DEFAULT 1 COMMENT '流程状态 0，不可用 1，可用',
  `model_content` text CHARACTER SET utf8mb4 COLLATE utf8mb4_0900_ai_ci NULL COMMENT '流程模型定义JSON内容',
  `sort` tinyint(1) NULL DEFAULT 0 COMMENT '排序',
  PRIMARY KEY (`id`) USING BTREE,
  INDEX `idx_process_name`(`process_name` ASC) USING BTREE
) ENGINE = InnoDB CHARACTER SET = utf8mb4 COLLATE = utf8mb4_0900_ai_ci COMMENT = '流程定义表' ROW_FORMAT = DYNAMIC;

-- ----------------------------
-- Records of flw_process
-- ----------------------------
INSERT INTO `flw_process` VALUES (1937099843088670722, '1', '10003', 'admin', '2025-06-23 18:46:07', 'ORDER', '订单', NULL, NULL, 1, '', NULL, 0, 1, '{\"name\":\"订单\",\"key\":\"ORDER\",\"instanceUrl\":\"\",\"nodeConfig\":{\"nodeName\":\"发起人\",\"callProcessKey\":null,\"actionUrl\":null,\"type\":0,\"setType\":null,\"nodeAssigneeList\":[],\"examineLevel\":null,\"directorLevel\":null,\"selectMode\":null,\"term\":null,\"termMode\":null,\"examineMode\":null,\"directorMode\":null,\"passWeight\":null,\"conditionNodes\":null,\"remind\":null,\"allowSelection\":null,\"allowTransfer\":null,\"allowAppendNode\":null,\"allowRollback\":null,\"approveSelf\":null,\"extendConfig\":null,\"childNode\":{\"nodeName\":\"审批人1\",\"callProcessKey\":null,\"actionUrl\":null,\"type\":1,\"setType\":1,\"nodeAssigneeList\":[{\"tenantId\":\"1\",\"id\":\"10036\",\"name\":\"张三\",\"weight\":null}],\"examineLevel\":null,\"directorLevel\":null,\"selectMode\":null,\"term\":5,\"termMode\":0,\"examineMode\":1,\"directorMode\":null,\"passWeight\":null,\"conditionNodes\":null,\"remind\":null,\"allowSelection\":null,\"allowTransfer\":null,\"allowAppendNode\":null,\"allowRollback\":null,\"approveSelf\":null,\"extendConfig\":null,\"childNode\":{\"nodeName\":\"审批人2\",\"callProcessKey\":null,\"actionUrl\":null,\"type\":1,\"setType\":1,\"nodeAssigneeList\":[{\"tenantId\":\"1\",\"id\":\"10037\",\"name\":\"李四\",\"weight\":null}],\"examineLevel\":null,\"directorLevel\":null,\"selectMode\":null,\"term\":5,\"termMode\":0,\"examineMode\":1,\"directorMode\":null,\"passWeight\":null,\"conditionNodes\":null,\"remind\":null,\"allowSelection\":null,\"allowTransfer\":null,\"allowAppendNode\":null,\"allowRollback\":null,\"approveSelf\":null,\"extendConfig\":null,\"childNode\":{\"nodeName\":\"结束\",\"callProcessKey\":null,\"actionUrl\":null,\"type\":-1,\"setType\":null,\"nodeAssigneeList\":[],\"examineLevel\":null,\"directorLevel\":null,\"selectMode\":null,\"term\":null,\"termMode\":null,\"examineMode\":null,\"directorMode\":null,\"passWeight\":null,\"conditionNodes\":null,\"remind\":null,\"allowSelection\":null,\"allowTransfer\":null,\"allowAppendNode\":null,\"allowRollback\":null,\"approveSelf\":null,\"extendConfig\":null,\"childNode\":null,\"parentNode\":null},\"parentNode\":null},\"parentNode\":null},\"parentNode\":null}}', 0);
INSERT INTO `flw_process` VALUES (1937328316436619265, '1', '10036', '张三', '2025-07-01 14:09:23', 'Xe7U1N', '测试-订单-20250624', NULL, NULL, 1, '', NULL, 0, 2, '{\"name\":\"测试-订单-20250624\",\"key\":\"Xe7U1N\",\"instanceUrl\":\"\",\"nodeConfig\":{\"nodeName\":\"发起人\",\"callProcessKey\":null,\"actionUrl\":null,\"type\":0,\"setType\":null,\"nodeAssigneeList\":[],\"examineLevel\":null,\"directorLevel\":null,\"selectMode\":null,\"term\":null,\"termMode\":null,\"examineMode\":null,\"directorMode\":null,\"passWeight\":null,\"conditionNodes\":null,\"remind\":null,\"allowSelection\":null,\"allowTransfer\":null,\"allowAppendNode\":null,\"allowRollback\":null,\"approveSelf\":null,\"extendConfig\":null,\"childNode\":{\"nodeName\":\"审批人\",\"callProcessKey\":null,\"actionUrl\":null,\"type\":1,\"setType\":1,\"nodeAssigneeList\":[{\"tenantId\":\"1\",\"id\":\"10037\",\"name\":\"李四\",\"weight\":null}],\"examineLevel\":null,\"directorLevel\":null,\"selectMode\":null,\"term\":5,\"termMode\":0,\"examineMode\":1,\"directorMode\":null,\"passWeight\":null,\"conditionNodes\":null,\"remind\":null,\"allowSelection\":null,\"allowTransfer\":null,\"allowAppendNode\":null,\"allowRollback\":null,\"approveSelf\":null,\"extendConfig\":null,\"childNode\":{\"nodeName\":\"结束\",\"callProcessKey\":null,\"actionUrl\":null,\"type\":-1,\"setType\":null,\"nodeAssigneeList\":[],\"examineLevel\":null,\"directorLevel\":null,\"selectMode\":null,\"term\":null,\"termMode\":null,\"examineMode\":null,\"directorMode\":null,\"passWeight\":null,\"conditionNodes\":null,\"remind\":null,\"allowSelection\":null,\"allowTransfer\":null,\"allowAppendNode\":null,\"allowRollback\":null,\"approveSelf\":null,\"extendConfig\":null,\"childNode\":null,\"parentNode\":null},\"parentNode\":null},\"parentNode\":null}}', 0);
INSERT INTO `flw_process` VALUES (1937339662800691201, '1', '10036', '张三', '2025-06-24 10:39:04', 'OInk15', '测试普通条件分支-流程', NULL, NULL, 2, '', NULL, 0, 1, '{\"name\":\"测试普通条件分支-流程\",\"key\":\"OInk15\",\"instanceUrl\":\"\",\"nodeConfig\":{\"nodeName\":\"发起人\",\"callProcessKey\":null,\"actionUrl\":null,\"type\":0,\"setType\":null,\"nodeAssigneeList\":[],\"examineLevel\":null,\"directorLevel\":null,\"selectMode\":null,\"term\":null,\"termMode\":null,\"examineMode\":null,\"directorMode\":null,\"passWeight\":null,\"conditionNodes\":null,\"remind\":null,\"allowSelection\":null,\"allowTransfer\":null,\"allowAppendNode\":null,\"allowRollback\":null,\"approveSelf\":null,\"extendConfig\":null,\"childNode\":{\"nodeName\":\"条件分支\",\"callProcessKey\":null,\"actionUrl\":null,\"type\":4,\"setType\":null,\"nodeAssigneeList\":null,\"examineLevel\":null,\"directorLevel\":null,\"selectMode\":null,\"term\":null,\"termMode\":null,\"examineMode\":null,\"directorMode\":null,\"passWeight\":null,\"conditionNodes\":[{\"nodeName\":\"条件1\",\"type\":3,\"priorityLevel\":1,\"conditionList\":[[{\"label\":\"姓名\",\"field\":\"field8086132477668\",\"operator\":\"==\",\"value\":\"张\"}]],\"childNode\":{\"nodeName\":\"审批人1\",\"callProcessKey\":null,\"actionUrl\":null,\"type\":1,\"setType\":1,\"nodeAssigneeList\":[{\"tenantId\":\"1\",\"id\":\"10036\",\"name\":\"张三\",\"weight\":null}],\"examineLevel\":null,\"directorLevel\":null,\"selectMode\":null,\"term\":5,\"termMode\":0,\"examineMode\":1,\"directorMode\":null,\"passWeight\":null,\"conditionNodes\":null,\"remind\":null,\"allowSelection\":null,\"allowTransfer\":null,\"allowAppendNode\":null,\"allowRollback\":null,\"approveSelf\":null,\"extendConfig\":null,\"childNode\":null,\"parentNode\":null}},{\"nodeName\":\"条件2\",\"type\":3,\"priorityLevel\":2,\"conditionList\":[[{\"label\":\"姓名\",\"field\":\"field8086132477668\",\"operator\":\"==\",\"value\":\"李\"}]],\"childNode\":{\"nodeName\":\"审批人2\",\"callProcessKey\":null,\"actionUrl\":null,\"type\":1,\"setType\":1,\"nodeAssigneeList\":[{\"tenantId\":\"1\",\"id\":\"10037\",\"name\":\"李四\",\"weight\":null}],\"examineLevel\":null,\"directorLevel\":null,\"selectMode\":null,\"term\":5,\"termMode\":0,\"examineMode\":1,\"directorMode\":null,\"passWeight\":null,\"conditionNodes\":null,\"remind\":null,\"allowSelection\":null,\"allowTransfer\":null,\"allowAppendNode\":null,\"allowRollback\":null,\"approveSelf\":null,\"extendConfig\":null,\"childNode\":null,\"parentNode\":null}},{\"nodeName\":\"默认条件\",\"type\":3,\"priorityLevel\":3,\"conditionList\":[],\"childNode\":{\"nodeName\":\"审批人3\",\"callProcessKey\":null,\"actionUrl\":null,\"type\":1,\"setType\":1,\"nodeAssigneeList\":[{\"tenantId\":\"1\",\"id\":\"10003\",\"name\":\"admin\",\"weight\":null}],\"examineLevel\":null,\"directorLevel\":null,\"selectMode\":null,\"term\":5,\"termMode\":0,\"examineMode\":1,\"directorMode\":null,\"passWeight\":null,\"conditionNodes\":null,\"remind\":null,\"allowSelection\":null,\"allowTransfer\":null,\"allowAppendNode\":null,\"allowRollback\":null,\"approveSelf\":null,\"extendConfig\":null,\"childNode\":null,\"parentNode\":null}}],\"remind\":null,\"allowSelection\":null,\"allowTransfer\":null,\"allowAppendNode\":null,\"allowRollback\":null,\"approveSelf\":null,\"extendConfig\":null,\"childNode\":{\"nodeName\":\"结束\",\"callProcessKey\":null,\"actionUrl\":null,\"type\":-1,\"setType\":null,\"nodeAssigneeList\":[],\"examineLevel\":null,\"directorLevel\":null,\"selectMode\":null,\"term\":null,\"termMode\":null,\"examineMode\":null,\"directorMode\":null,\"passWeight\":null,\"conditionNodes\":null,\"remind\":null,\"allowSelection\":null,\"allowTransfer\":null,\"allowAppendNode\":null,\"allowRollback\":null,\"approveSelf\":null,\"extendConfig\":null,\"childNode\":null,\"parentNode\":null},\"parentNode\":null},\"parentNode\":null}}', 0);
INSERT INTO `flw_process` VALUES (1937340054053756930, '1', '10036', '张三', '2025-06-24 10:39:04', 'OInk15', '测试普通条件分支-流程', NULL, NULL, 1, '', NULL, 0, 1, '{\"name\":\"测试普通条件分支-流程\",\"key\":\"OInk15\",\"instanceUrl\":\"\",\"nodeConfig\":{\"nodeName\":\"发起人\",\"callProcessKey\":null,\"actionUrl\":null,\"type\":0,\"setType\":null,\"nodeAssigneeList\":[],\"examineLevel\":null,\"directorLevel\":null,\"selectMode\":null,\"term\":null,\"termMode\":null,\"examineMode\":null,\"directorMode\":null,\"passWeight\":null,\"conditionNodes\":null,\"remind\":null,\"allowSelection\":null,\"allowTransfer\":null,\"allowAppendNode\":null,\"allowRollback\":null,\"approveSelf\":null,\"extendConfig\":null,\"childNode\":{\"nodeName\":\"条件分支\",\"callProcessKey\":null,\"actionUrl\":null,\"type\":4,\"setType\":null,\"nodeAssigneeList\":null,\"examineLevel\":null,\"directorLevel\":null,\"selectMode\":null,\"term\":null,\"termMode\":null,\"examineMode\":null,\"directorMode\":null,\"passWeight\":null,\"conditionNodes\":[{\"nodeName\":\"条件1\",\"type\":3,\"priorityLevel\":1,\"conditionList\":[[{\"label\":\"姓名\",\"field\":\"field8086132477668\",\"operator\":\"==\",\"value\":\"张\"}]],\"childNode\":{\"nodeName\":\"审批人\",\"callProcessKey\":null,\"actionUrl\":null,\"type\":1,\"setType\":1,\"nodeAssigneeList\":[{\"tenantId\":\"1\",\"id\":\"10036\",\"name\":\"张三\",\"weight\":null}],\"examineLevel\":null,\"directorLevel\":null,\"selectMode\":null,\"term\":5,\"termMode\":0,\"examineMode\":1,\"directorMode\":null,\"passWeight\":null,\"conditionNodes\":null,\"remind\":null,\"allowSelection\":null,\"allowTransfer\":null,\"allowAppendNode\":null,\"allowRollback\":null,\"approveSelf\":null,\"extendConfig\":null,\"childNode\":null,\"parentNode\":null}},{\"nodeName\":\"条件2\",\"type\":3,\"priorityLevel\":2,\"conditionList\":[[{\"label\":\"姓名\",\"field\":\"field8086132477668\",\"operator\":\"==\",\"value\":\"李\"}]],\"childNode\":{\"nodeName\":\"审批人\",\"callProcessKey\":null,\"actionUrl\":null,\"type\":1,\"setType\":1,\"nodeAssigneeList\":[{\"tenantId\":\"1\",\"id\":\"10037\",\"name\":\"李四\",\"weight\":null}],\"examineLevel\":null,\"directorLevel\":null,\"selectMode\":null,\"term\":5,\"termMode\":0,\"examineMode\":1,\"directorMode\":null,\"passWeight\":null,\"conditionNodes\":null,\"remind\":null,\"allowSelection\":null,\"allowTransfer\":null,\"allowAppendNode\":null,\"allowRollback\":null,\"approveSelf\":null,\"extendConfig\":null,\"childNode\":null,\"parentNode\":null}},{\"nodeName\":\"默认条件\",\"type\":3,\"priorityLevel\":3,\"conditionList\":[],\"childNode\":{\"nodeName\":\"审批人\",\"callProcessKey\":null,\"actionUrl\":null,\"type\":1,\"setType\":1,\"nodeAssigneeList\":[{\"tenantId\":\"1\",\"id\":\"10003\",\"name\":\"admin\",\"weight\":null}],\"examineLevel\":null,\"directorLevel\":null,\"selectMode\":null,\"term\":5,\"termMode\":0,\"examineMode\":1,\"directorMode\":null,\"passWeight\":null,\"conditionNodes\":null,\"remind\":null,\"allowSelection\":null,\"allowTransfer\":null,\"allowAppendNode\":null,\"allowRollback\":null,\"approveSelf\":null,\"extendConfig\":null,\"childNode\":null,\"parentNode\":null}}],\"remind\":null,\"allowSelection\":null,\"allowTransfer\":null,\"allowAppendNode\":null,\"allowRollback\":null,\"approveSelf\":null,\"extendConfig\":null,\"childNode\":{\"nodeName\":\"结束\",\"callProcessKey\":null,\"actionUrl\":null,\"type\":-1,\"setType\":null,\"nodeAssigneeList\":[],\"examineLevel\":null,\"directorLevel\":null,\"selectMode\":null,\"term\":null,\"termMode\":null,\"examineMode\":null,\"directorMode\":null,\"passWeight\":null,\"conditionNodes\":null,\"remind\":null,\"allowSelection\":null,\"allowTransfer\":null,\"allowAppendNode\":null,\"allowRollback\":null,\"approveSelf\":null,\"extendConfig\":null,\"childNode\":null,\"parentNode\":null},\"parentNode\":null},\"parentNode\":null}}', 0);
INSERT INTO `flw_process` VALUES (1937392853718343682, '1', '10003', 'admin', '2025-06-26 17:26:43', 'gJvp0D', '测试抄送', NULL, NULL, 1, '', NULL, 0, 2, '{\"name\":\"测试抄送\",\"key\":\"gJvp0D\",\"instanceUrl\":\"\",\"nodeConfig\":{\"nodeName\":\"发起人\",\"callProcessKey\":null,\"actionUrl\":null,\"type\":0,\"setType\":null,\"nodeAssigneeList\":[],\"examineLevel\":null,\"directorLevel\":null,\"selectMode\":null,\"term\":null,\"termMode\":null,\"examineMode\":null,\"directorMode\":null,\"passWeight\":null,\"conditionNodes\":null,\"remind\":null,\"allowSelection\":null,\"allowTransfer\":null,\"allowAppendNode\":null,\"allowRollback\":null,\"approveSelf\":null,\"extendConfig\":null,\"childNode\":{\"nodeName\":\"抄送人\",\"callProcessKey\":null,\"actionUrl\":null,\"type\":2,\"setType\":1,\"nodeAssigneeList\":[{\"tenantId\":\"1\",\"id\":\"10037\",\"name\":\"李四\",\"weight\":null}],\"examineLevel\":null,\"directorLevel\":null,\"selectMode\":null,\"term\":null,\"termMode\":null,\"examineMode\":null,\"directorMode\":null,\"passWeight\":null,\"conditionNodes\":null,\"remind\":null,\"allowSelection\":null,\"allowTransfer\":null,\"allowAppendNode\":null,\"allowRollback\":null,\"approveSelf\":null,\"extendConfig\":null,\"childNode\":{\"nodeName\":\"结束\",\"callProcessKey\":null,\"actionUrl\":null,\"type\":-1,\"setType\":null,\"nodeAssigneeList\":[],\"examineLevel\":null,\"directorLevel\":null,\"selectMode\":null,\"term\":null,\"termMode\":null,\"examineMode\":null,\"directorMode\":null,\"passWeight\":null,\"conditionNodes\":null,\"remind\":null,\"allowSelection\":null,\"allowTransfer\":null,\"allowAppendNode\":null,\"allowRollback\":null,\"approveSelf\":null,\"extendConfig\":null,\"childNode\":null,\"parentNode\":null},\"parentNode\":null},\"parentNode\":null}}', 0);
INSERT INTO `flw_process` VALUES (1937432321926000641, '1', '10003', 'admin', '2025-06-27 14:49:57', 'HR4XD6', '重构-多节点审批', NULL, NULL, 1, '', NULL, 0, 2, '{\"name\":\"重构-多节点审批\",\"key\":\"HR4XD6\",\"nodeConfig\":{\"nodeName\":\"发起人\",\"nodeKey\":\"flk_548032773774\",\"type\":0,\"childNode\":{\"nodeName\":\"审批人\",\"nodeKey\":\"flk_548155482898\",\"type\":1,\"setType\":1,\"nodeAssigneeList\":[{\"tenantId\":\"1\",\"id\":\"10037\",\"name\":\"李四\"}],\"examineMode\":1,\"termAuto\":false,\"term\":5,\"termMode\":0,\"childNode\":{\"nodeName\":\"审批人\",\"nodeKey\":\"flk_548254003532\",\"type\":1,\"setType\":1,\"nodeAssigneeList\":[{\"tenantId\":\"1\",\"id\":\"10040\",\"name\":\"王五\"}],\"examineMode\":1,\"termAuto\":false,\"term\":5,\"termMode\":0,\"childNode\":{\"nodeName\":\"结束\",\"type\":-1}}}}}', 0);
INSERT INTO `flw_process` VALUES (1937466367653687298, '1', '10003', 'admin', '2025-06-24 19:06:43', 'YSEnWT', '重构-测试条件分支+抄送', NULL, NULL, 1, '', NULL, 0, 2, '{\"name\":\"重构-测试条件分支+抄送\",\"key\":\"YSEnWT\",\"nodeConfig\":{\"nodeName\":\"发起人\",\"nodeKey\":\"flk_628482457278\",\"type\":0,\"childNode\":{\"nodeName\":\"条件分支\",\"nodeKey\":\"flk_628984946601\",\"type\":4,\"conditionNodes\":[{\"nodeName\":\"条件1\",\"nodeKey\":\"flk_628984948863\",\"type\":3,\"priorityLevel\":1,\"conditionList\":[[{\"label\":\"姓名\",\"field\":\"field3121262863434\",\"operator\":\"==\",\"value\":\"张三\"}]],\"childNode\":{\"nodeName\":\"审批人\",\"nodeKey\":\"flk_629136586084\",\"type\":1,\"setType\":1,\"nodeAssigneeList\":[{\"tenantId\":\"1\",\"id\":\"10036\",\"name\":\"张三\"}],\"examineMode\":1,\"termAuto\":false,\"term\":5,\"termMode\":0}},{\"nodeName\":\"条件2\",\"nodeKey\":\"flk_629198407214\",\"type\":3,\"priorityLevel\":2,\"conditionList\":[[{\"label\":\"姓名\",\"field\":\"field3121262863434\",\"operator\":\"==\",\"value\":\"李四\"}]],\"childNode\":{\"nodeName\":\"审批人\",\"nodeKey\":\"flk_629303905253\",\"type\":1,\"setType\":1,\"nodeAssigneeList\":[{\"tenantId\":\"1\",\"id\":\"10037\",\"name\":\"李四\"}],\"examineMode\":1,\"termAuto\":false,\"term\":5,\"termMode\":0}},{\"nodeName\":\"默认条件\",\"nodeKey\":\"flk_628984942929\",\"type\":3,\"priorityLevel\":3}],\"childNode\":{\"nodeName\":\"抄送人\",\"nodeKey\":\"flk_629412428505\",\"type\":2,\"setType\":1,\"nodeAssigneeList\":[{\"tenantId\":\"1\",\"id\":\"10040\",\"name\":\"王五\"}],\"childNode\":{\"nodeName\":\"结束\",\"type\":-1}}}}}', 0);
INSERT INTO `flw_process` VALUES (1937467418800709634, '1', '10003', 'admin', '2025-06-25 09:34:24', 'YSEnWT', '重构-测试条件分支+抄送', NULL, NULL, 2, '', NULL, 0, 2, '{\"name\":\"重构-测试条件分支+抄送\",\"key\":\"YSEnWT\",\"nodeConfig\":{\"nodeName\":\"发起人\",\"nodeKey\":\"flk_628482457278\",\"type\":0,\"childNode\":{\"nodeName\":\"条件分支\",\"nodeKey\":\"flk_628984946601\",\"type\":4,\"conditionNodes\":[{\"nodeName\":\"条件1\",\"nodeKey\":\"flk_628984948863\",\"type\":3,\"priorityLevel\":1,\"conditionList\":[[{\"label\":\"姓名\",\"field\":\"field3121262863434\",\"operator\":\"==\",\"value\":\"张三\"}]],\"childNode\":{\"nodeName\":\"审批人\",\"nodeKey\":\"flk_629136586084\",\"type\":1,\"setType\":1,\"nodeAssigneeList\":[{\"tenantId\":\"1\",\"id\":\"10036\",\"name\":\"张三\"}],\"examineMode\":1,\"termAuto\":false,\"term\":5,\"termMode\":0}},{\"nodeName\":\"条件2\",\"nodeKey\":\"flk_629198407214\",\"type\":3,\"priorityLevel\":2,\"conditionList\":[[{\"label\":\"姓名\",\"field\":\"field3121262863434\",\"operator\":\"==\",\"value\":\"李四\"}]],\"childNode\":{\"nodeName\":\"审批人\",\"nodeKey\":\"flk_629303905253\",\"type\":1,\"setType\":1,\"nodeAssigneeList\":[{\"tenantId\":\"1\",\"id\":\"10037\",\"name\":\"李四\"}],\"examineMode\":1,\"termAuto\":false,\"term\":5,\"termMode\":0}},{\"nodeName\":\"默认条件\",\"nodeKey\":\"flk_628984942929\",\"type\":3,\"priorityLevel\":3,\"childNode\":{\"nodeName\":\"审批人\",\"nodeKey\":\"flk_631933595892\",\"type\":1,\"setType\":1,\"nodeAssigneeList\":[{\"tenantId\":\"1\",\"id\":\"10040\",\"name\":\"王五\"}],\"examineMode\":1,\"termAuto\":false,\"term\":5,\"termMode\":0}}],\"childNode\":{\"nodeName\":\"抄送人\",\"nodeKey\":\"flk_629412428505\",\"type\":2,\"setType\":1,\"nodeAssigneeList\":[{\"tenantId\":\"1\",\"id\":\"10040\",\"name\":\"王五\"}],\"childNode\":{\"nodeName\":\"结束\",\"type\":-1}}}}}', 0);
INSERT INTO `flw_process` VALUES (1937685776246661122, '1', '10003', 'admin', '2025-06-25 09:56:59', 'YSEnWT', '重构-测试条件分支+抄送', NULL, NULL, 3, '', NULL, 0, 2, '{\"name\":\"重构-测试条件分支+抄送\",\"key\":\"YSEnWT\",\"nodeConfig\":{\"nodeName\":\"发起人\",\"nodeKey\":\"flk_628482457278\",\"type\":0,\"childNode\":{\"nodeName\":\"条件分支\",\"nodeKey\":\"flk_628984946601\",\"type\":4,\"conditionNodes\":[{\"nodeName\":\"条件1\",\"nodeKey\":\"flk_628984948863\",\"type\":3,\"priorityLevel\":1,\"conditionList\":[[{\"label\":\"姓名\",\"field\":\"field3121262863434\",\"operator\":\"==\",\"value\":\"张三\"}]],\"childNode\":{\"nodeName\":\"审批人\",\"nodeKey\":\"flk_629136586084\",\"type\":1,\"setType\":1,\"nodeAssigneeList\":[{\"tenantId\":\"1\",\"id\":\"10036\",\"name\":\"张三\"}],\"examineMode\":1,\"termAuto\":false,\"term\":5,\"termMode\":0}},{\"nodeName\":\"条件2\",\"nodeKey\":\"flk_629198407214\",\"type\":3,\"priorityLevel\":2,\"conditionList\":[[{\"label\":\"姓名\",\"field\":\"field3121262863434\",\"operator\":\"==\",\"value\":\"李四\"}]],\"childNode\":{\"nodeName\":\"审批人\",\"nodeKey\":\"flk_629303905253\",\"type\":1,\"setType\":1,\"nodeAssigneeList\":[{\"tenantId\":\"1\",\"id\":\"10037\",\"name\":\"李四\"}],\"examineMode\":1,\"termAuto\":false,\"term\":5,\"termMode\":0}},{\"nodeName\":\"默认条件\",\"nodeKey\":\"flk_628984942929\",\"type\":3,\"priorityLevel\":3,\"childNode\":{\"nodeName\":\"审批人\",\"nodeKey\":\"flk_631933595892\",\"type\":1,\"setType\":1,\"nodeAssigneeList\":[{\"tenantId\":\"1\",\"id\":\"10040\",\"name\":\"王五\"}],\"examineMode\":1,\"termAuto\":false,\"term\":5,\"termMode\":0}}],\"childNode\":{\"nodeName\":\"结束\",\"type\":-1}}}}', 0);
INSERT INTO `flw_process` VALUES (1937691461722284033, '1', '10037', '李四', '2025-06-25 09:57:00', 'YSEnWT', '重构-测试条件分支', NULL, NULL, 4, '', NULL, 0, 1, '{\"name\":\"重构-测试条件分支\",\"key\":\"YSEnWT\",\"nodeConfig\":{\"nodeName\":\"发起人\",\"nodeKey\":\"flk_628482457278\",\"type\":0,\"childNode\":{\"nodeName\":\"条件分支\",\"nodeKey\":\"flk_628984946601\",\"type\":4,\"conditionNodes\":[{\"nodeName\":\"条件1\",\"nodeKey\":\"flk_628984948863\",\"type\":3,\"priorityLevel\":1,\"conditionList\":[[{\"label\":\"姓名\",\"field\":\"field3121262863434\",\"operator\":\"==\",\"value\":\"张三\"}]],\"childNode\":{\"nodeName\":\"审批人\",\"nodeKey\":\"flk_629136586084\",\"type\":1,\"setType\":1,\"nodeAssigneeList\":[{\"tenantId\":\"1\",\"id\":\"10036\",\"name\":\"张三\"}],\"examineMode\":1,\"termAuto\":false,\"term\":5,\"termMode\":0}},{\"nodeName\":\"条件2\",\"nodeKey\":\"flk_629198407214\",\"type\":3,\"priorityLevel\":2,\"conditionList\":[[{\"label\":\"姓名\",\"field\":\"field3121262863434\",\"operator\":\"==\",\"value\":\"李四\"}]],\"childNode\":{\"nodeName\":\"审批人\",\"nodeKey\":\"flk_629303905253\",\"type\":1,\"setType\":1,\"nodeAssigneeList\":[{\"tenantId\":\"1\",\"id\":\"10037\",\"name\":\"李四\"}],\"examineMode\":1,\"termAuto\":false,\"term\":5,\"termMode\":0}},{\"nodeName\":\"默认条件\",\"nodeKey\":\"flk_628984942929\",\"type\":3,\"priorityLevel\":3,\"childNode\":{\"nodeName\":\"审批人\",\"nodeKey\":\"flk_631933595892\",\"type\":1,\"setType\":1,\"nodeAssigneeList\":[{\"tenantId\":\"1\",\"id\":\"10040\",\"name\":\"王五\"}],\"examineMode\":1,\"termAuto\":false,\"term\":5,\"termMode\":0}}],\"childNode\":{\"nodeName\":\"结束\",\"type\":-1}}}}', 0);
INSERT INTO `flw_process` VALUES (1937692423836901377, '1', '10037', '李四', '2025-06-27 14:58:05', '1Z4JAC', '测试抄送流程', NULL, NULL, 1, '', NULL, 0, 2, '{\"name\":\"测试抄送流程\",\"key\":\"1Z4JAC\",\"nodeConfig\":{\"nodeName\":\"发起人\",\"nodeKey\":\"flk_166770395883\",\"type\":0,\"childNode\":{\"nodeName\":\"审批人\",\"nodeKey\":\"flk_167043884676\",\"type\":1,\"setType\":1,\"nodeAssigneeList\":[{\"tenantId\":\"1\",\"id\":\"10036\",\"name\":\"张三\"}],\"examineMode\":1,\"termAuto\":false,\"term\":5,\"termMode\":0,\"childNode\":{\"nodeName\":\"条件分支\",\"nodeKey\":\"flk_167082047420\",\"type\":4,\"conditionNodes\":[{\"nodeName\":\"条件1\",\"nodeKey\":\"flk_167082059493\",\"type\":3,\"priorityLevel\":1,\"conditionList\":[[{\"label\":\"姓名\",\"field\":\"field2045116693264\",\"operator\":\"==\",\"value\":\"张三\"}]],\"childNode\":{\"nodeName\":\"审批人\",\"nodeKey\":\"flk_167991204184\",\"type\":1,\"setType\":1,\"nodeAssigneeList\":[{\"tenantId\":\"1\",\"id\":\"10036\",\"name\":\"张三\"}],\"examineMode\":1,\"termAuto\":false,\"term\":5,\"termMode\":0}},{\"nodeName\":\"条件2\",\"nodeKey\":\"flk_167098557539\",\"type\":3,\"priorityLevel\":2,\"conditionList\":[[{\"label\":\"姓名\",\"field\":\"field2045116693264\",\"operator\":\"==\",\"value\":\"李四\"}]],\"childNode\":{\"nodeName\":\"审批人\",\"nodeKey\":\"flk_168207447907\",\"type\":1,\"setType\":1,\"nodeAssigneeList\":[{\"tenantId\":\"1\",\"id\":\"10037\",\"name\":\"李四\"}],\"examineMode\":1,\"termAuto\":false,\"term\":5,\"termMode\":0}},{\"nodeName\":\"默认条件\",\"nodeKey\":\"flk_167082052937\",\"type\":3,\"priorityLevel\":3,\"childNode\":{\"nodeName\":\"抄送人\",\"nodeKey\":\"flk_168299072759\",\"type\":2,\"setType\":1,\"nodeAssigneeList\":[{\"tenantId\":\"1\",\"id\":\"10040\",\"name\":\"王五\"}]}}],\"childNode\":{\"nodeName\":\"结束\",\"type\":-1}}}}}', 0);
INSERT INTO `flw_process` VALUES (1937705065120940034, '1', '10036', '张三', '2025-06-25 13:51:55', 'o3IXYd', '测试-选择角色审批', NULL, NULL, 1, '', NULL, 0, 2, '{\"name\":\"测试-选择角色审批\",\"key\":\"o3IXYd\",\"nodeConfig\":{\"nodeName\":\"发起人\",\"nodeKey\":\"flk_197793997595\",\"type\":0,\"childNode\":{\"nodeName\":\"审批人\",\"nodeKey\":\"flk_197997386375\",\"type\":1,\"setType\":1,\"nodeAssigneeList\":[{\"id\":\"10036\",\"name\":\"张三\"}],\"examineMode\":1,\"termAuto\":false,\"term\":5,\"termMode\":0,\"childNode\":{\"nodeName\":\"结束\",\"type\":-1}}}}', 0);
INSERT INTO `flw_process` VALUES (1937750584635555842, '1', '10003', 'admin', '2025-06-30 14:45:04', 'o3IXYd', '测试-选择角色审批', NULL, NULL, 2, '', NULL, 0, 2, '{\"name\":\"测试-选择角色审批\",\"key\":\"o3IXYd\",\"nodeConfig\":{\"nodeName\":\"发起人\",\"nodeKey\":\"flk_197793997595\",\"type\":0,\"childNode\":{\"nodeName\":\"审批人\",\"nodeKey\":\"flk_197997386375\",\"type\":1,\"setType\":3,\"nodeAssigneeList\":[{\"id\":\"12\",\"name\":\"工作流\"}],\"examineMode\":1,\"termAuto\":false,\"term\":5,\"termMode\":0,\"childNode\":{\"nodeName\":\"结束\",\"type\":-1}}}}', 0);
INSERT INTO `flw_process` VALUES (1937801779081355265, '1', '10003', 'admin', '2025-06-25 17:15:21', '55811K', '【复合】角色+指定人员', NULL, NULL, 1, '', NULL, 0, 1, '{\"name\":\"【复合】角色+指定人员\",\"key\":\"55811K\",\"nodeConfig\":{\"nodeName\":\"发起人\",\"nodeKey\":\"flk_428316743082\",\"type\":0,\"childNode\":{\"nodeName\":\"审批人\",\"nodeKey\":\"flk_428946854057\",\"type\":1,\"setType\":1,\"nodeAssigneeList\":[{\"id\":\"10036\",\"name\":\"张三\"}],\"examineMode\":1,\"termAuto\":false,\"term\":5,\"termMode\":0,\"childNode\":{\"nodeName\":\"审批人\",\"nodeKey\":\"flk_429063597191\",\"type\":1,\"setType\":3,\"nodeAssigneeList\":[{\"id\":\"12\",\"name\":\"工作流\"}],\"examineMode\":1,\"termAuto\":false,\"term\":5,\"termMode\":0,\"childNode\":{\"nodeName\":\"结束\",\"type\":-1}}}}}', 0);
INSERT INTO `flw_process` VALUES (1937803287306846209, '1', '10003', 'admin', '2025-06-25 17:22:32', 'EDM10j', '【复合】角色+指定人员', NULL, NULL, 1, '', NULL, 0, 2, '{\"name\":\"【复合】角色+指定人员\",\"key\":\"EDM10j\",\"nodeConfig\":{\"nodeName\":\"发起人\",\"nodeKey\":\"flk_432378712209\",\"type\":0,\"childNode\":{\"nodeName\":\"审批人\",\"nodeKey\":\"flk_432540919453\",\"type\":1,\"setType\":1,\"nodeAssigneeList\":[{\"id\":\"10037\",\"name\":\"李四\"}],\"examineMode\":1,\"termAuto\":false,\"term\":5,\"termMode\":0,\"childNode\":{\"nodeName\":\"审批人\",\"nodeKey\":\"flk_432641508345\",\"type\":1,\"setType\":3,\"nodeAssigneeList\":[{\"id\":\"9\",\"name\":\"预览员\"}],\"examineMode\":1,\"termAuto\":false,\"term\":5,\"termMode\":0,\"childNode\":{\"nodeName\":\"结束\",\"type\":-1}}}}}', 0);
INSERT INTO `flw_process` VALUES (1937803585651884034, '1', '10003', 'admin', '2025-06-25 17:22:32', 'EDM10j', '【复合】角色+指定人员2', NULL, NULL, 2, '', NULL, 0, 1, '{\"name\":\"【复合】角色+指定人员2\",\"key\":\"EDM10j\",\"nodeConfig\":{\"nodeName\":\"发起人\",\"nodeKey\":\"flk_432378712209\",\"type\":0,\"childNode\":{\"nodeName\":\"审批人\",\"nodeKey\":\"flk_432540919453\",\"type\":1,\"setType\":1,\"nodeAssigneeList\":[{\"id\":\"10037\",\"name\":\"李四\"}],\"examineMode\":1,\"termAuto\":false,\"term\":5,\"termMode\":0,\"childNode\":{\"nodeName\":\"审批人\",\"nodeKey\":\"flk_432641508345\",\"type\":1,\"setType\":3,\"nodeAssigneeList\":[{\"id\":\"9\",\"name\":\"预览员\"}],\"examineMode\":1,\"termAuto\":false,\"term\":5,\"termMode\":0,\"childNode\":{\"nodeName\":\"结束\",\"type\":-1}}}}}', 0);
INSERT INTO `flw_process` VALUES (1937817323981488130, NULL, 'test001', '测试001', '2025-06-25 18:17:08', 'testAutoClaimRole', '测试自动认领角色审批', NULL, NULL, 1, NULL, NULL, 0, 1, '{\"name\":\"测试自动认领角色审批\",\"key\":\"testAutoClaimRole\",\"nodeConfig\":{\"nodeName\":\"发起人\",\"nodeKey\":\"flk1725161262899\",\"type\":0,\"childNode\":{\"nodeName\":\"审核人\",\"nodeKey\":\"flk1724860316169\",\"type\":1,\"setType\":3,\"nodeAssigneeList\":[{\"id\":\"100200\",\"name\":\"项目经理\"}],\"examineLevel\":1,\"examineMode\":2,\"directorLevel\":1,\"directorMode\":0,\"selectMode\":1,\"termAuto\":false,\"term\":0,\"termMode\":1,\"typeOfApprove\":1,\"remind\":false,\"approveSelf\":1}}}', 0);
INSERT INTO `flw_process` VALUES (1938049827988553729, '1', '10003', 'admin', '2025-06-26 09:41:01', 'x4eON4', '订单退款', NULL, NULL, 1, '', NULL, 0, 1, '{\"name\":\"订单退款\",\"key\":\"x4eON4\",\"nodeConfig\":{\"nodeName\":\"发起人\",\"nodeKey\":\"flk_019729018023\",\"type\":0,\"childNode\":{\"nodeName\":\"审批人\",\"nodeKey\":\"flk_020124362251\",\"type\":1,\"setType\":7,\"nodeAssigneeList\":[{\"id\":\"1937719981278187521\",\"name\":\"开发部\"}],\"examineMode\":1,\"termAuto\":false,\"term\":5,\"termMode\":0,\"childNode\":{\"nodeName\":\"结束\",\"type\":-1}}}}', 0);
INSERT INTO `flw_process` VALUES (1938147565233233921, '1', '10003', 'admin', '2025-06-26 16:15:01', '49er4R', '订单退款', NULL, NULL, 1, '', NULL, 0, 2, '{\"name\":\"订单退款\",\"key\":\"49er4R\",\"nodeConfig\":{\"nodeName\":\"发起人\",\"nodeKey\":\"flk_253368231274\",\"type\":0,\"childNode\":{\"nodeName\":\"审批人\",\"nodeKey\":\"flk_253483278800\",\"type\":1,\"setType\":1,\"nodeAssigneeList\":[{\"id\":\"10036\",\"name\":\"张三\"}],\"examineMode\":1,\"termAuto\":false,\"term\":5,\"termMode\":0,\"childNode\":{\"nodeName\":\"结束\",\"type\":-1}}}}', 0);
INSERT INTO `flw_process` VALUES (1938148983826538497, '1', '10003', 'admin', '2025-06-26 16:17:53', '49er4R', '订单退款', NULL, NULL, 2, '', NULL, 0, 2, '{\"name\":\"订单退款\",\"key\":\"49er4R\",\"nodeConfig\":{\"nodeName\":\"发起人\",\"nodeKey\":\"flk_253368231274\",\"type\":0,\"childNode\":{\"nodeName\":\"审批人\",\"nodeKey\":\"flk_253483278800\",\"type\":1,\"setType\":1,\"nodeAssigneeList\":[{\"id\":\"10036\",\"name\":\"张三\"}],\"examineMode\":1,\"termAuto\":false,\"term\":5,\"termMode\":0,\"childNode\":{\"nodeName\":\"结束\",\"type\":-1}}}}', 0);
INSERT INTO `flw_process` VALUES (1938149705066471426, '1', '10003', 'admin', '2025-06-26 16:17:53', '49er4R', '订单退款', NULL, NULL, 3, '', NULL, 0, 1, '{\"name\":\"订单退款\",\"key\":\"49er4R\",\"nodeConfig\":{\"nodeName\":\"发起人\",\"nodeKey\":\"flk_253368231274\",\"type\":0,\"childNode\":{\"nodeName\":\"审批人\",\"nodeKey\":\"flk_253483278800\",\"type\":1,\"setType\":1,\"nodeAssigneeList\":[{\"id\":\"10036\",\"name\":\"张三\"}],\"examineMode\":1,\"termAuto\":false,\"term\":5,\"termMode\":0,\"childNode\":{\"nodeName\":\"结束\",\"type\":-1}}}}', 0);
INSERT INTO `flw_process` VALUES (1938163789900013569, '1', '10003', 'admin', '2025-07-01 14:17:38', 'c3M3Fw', '未命名流程', NULL, NULL, 1, '', NULL, 0, 2, '{\"name\":\"未命名流程\",\"key\":\"c3M3Fw\",\"nodeConfig\":{\"nodeName\":\"发起人\",\"nodeKey\":\"flk_290705618380\",\"type\":0,\"childNode\":{\"nodeName\":\"审批人\",\"nodeKey\":\"flk_291713659661\",\"type\":1,\"setType\":1,\"nodeAssigneeList\":[{\"id\":\"10003\",\"name\":\"admin\"}],\"examineMode\":1,\"termAuto\":false,\"term\":5,\"termMode\":0,\"childNode\":{\"nodeName\":\"结束\",\"type\":-1}}}}', 0);
INSERT INTO `flw_process` VALUES (1938167029974687745, '1', '10003', 'admin', '2025-06-26 17:26:44', 'gJvp0D', '测试抄送', NULL, NULL, 2, '', NULL, 0, 1, '{\"name\":\"测试抄送\",\"key\":\"gJvp0D\",\"nodeConfig\":{\"nodeName\":\"发起人\",\"type\":0,\"childNode\":{\"nodeName\":\"审批人\",\"nodeKey\":\"flk_299790702653\",\"type\":1,\"setType\":3,\"nodeAssigneeList\":[{\"id\":\"10033\",\"name\":\"测试\"}],\"examineMode\":1,\"termAuto\":false,\"term\":5,\"termMode\":0,\"childNode\":{\"nodeName\":\"抄送人\",\"type\":2,\"setType\":1,\"nodeAssigneeList\":[{\"tenantId\":\"1\",\"id\":\"10037\",\"name\":\"李四\"}],\"childNode\":{\"nodeName\":\"结束\",\"type\":-1}}}}}', 0);
INSERT INTO `flw_process` VALUES (1938198773385850882, '1', '10003', 'admin', '2025-06-26 19:32:52', 'ONC3I3', '订单退款v2', NULL, NULL, 1, '', NULL, 0, 1, '{\"name\":\"订单退款v2\",\"key\":\"ONC3I3\",\"nodeConfig\":{\"nodeName\":\"发起人\",\"nodeKey\":\"flk_375411541805\",\"type\":0,\"childNode\":{\"nodeName\":\"审批人\",\"nodeKey\":\"flk_375568987168\",\"type\":1,\"setType\":1,\"nodeAssigneeList\":[{\"id\":\"10036\",\"name\":\"张三\"}],\"examineMode\":1,\"termAuto\":false,\"term\":5,\"termMode\":0,\"childNode\":{\"nodeName\":\"结束\",\"type\":-1}}}}', 0);
INSERT INTO `flw_process` VALUES (1938481913790681089, '1', '10003', 'admin', '2025-06-27 14:17:58', 'c3jlCS', '订单退款V3', NULL, NULL, 1, '', NULL, 0, 1, '{\"name\":\"订单退款V3\",\"key\":\"c3jlCS\",\"nodeConfig\":{\"nodeName\":\"发起人\",\"nodeKey\":\"flk_049835315035\",\"type\":0,\"childNode\":{\"nodeName\":\"审批人\",\"nodeKey\":\"flk_050649794233\",\"type\":1,\"setType\":1,\"nodeAssigneeList\":[{\"id\":\"10036\",\"name\":\"张三\"}],\"examineMode\":1,\"termAuto\":false,\"term\":5,\"termMode\":0,\"childNode\":{\"nodeName\":\"结束\",\"type\":-1}}}}', 0);
INSERT INTO `flw_process` VALUES (1938489964895539201, '1', '10003', 'admin', '2025-06-27 14:49:58', 'HR4XD6', '重构-多节点审批', NULL, NULL, 2, '', NULL, 0, 1, '{\"name\":\"重构-多节点审批\",\"key\":\"HR4XD6\",\"nodeConfig\":{\"nodeName\":\"发起人\",\"nodeKey\":\"flk_548032773774\",\"type\":0,\"childNode\":{\"nodeName\":\"审批人\",\"nodeKey\":\"flk_548155482898\",\"type\":1,\"setType\":1,\"nodeAssigneeList\":[{\"tenantId\":\"1\",\"id\":\"10037\",\"name\":\"李四\"}],\"examineMode\":1,\"termAuto\":false,\"term\":5,\"termMode\":0,\"childNode\":{\"nodeName\":\"审批人\",\"nodeKey\":\"flk_548254003532\",\"type\":1,\"setType\":1,\"nodeAssigneeList\":[{\"tenantId\":\"1\",\"id\":\"10040\",\"name\":\"王五\"}],\"examineMode\":1,\"termAuto\":false,\"term\":5,\"termMode\":0,\"childNode\":{\"nodeName\":\"结束\",\"type\":-1}}}}}', 0);
INSERT INTO `flw_process` VALUES (1938492010960916481, '1', '10003', 'admin', '2025-06-27 14:58:06', '1Z4JAC', '测试抄送流程', NULL, NULL, 2, '', NULL, 0, 1, '{\"name\":\"测试抄送流程\",\"key\":\"1Z4JAC\",\"nodeConfig\":{\"nodeName\":\"发起人\",\"nodeKey\":\"flk_166770395883\",\"type\":0,\"childNode\":{\"nodeName\":\"条件分支\",\"nodeKey\":\"flk_167082047420\",\"type\":4,\"conditionNodes\":[{\"nodeName\":\"条件1\",\"nodeKey\":\"flk_167082059493\",\"type\":3,\"priorityLevel\":1,\"conditionList\":[[{\"label\":\"姓名\",\"field\":\"field2045116693264\",\"operator\":\"==\",\"value\":\"张三\"}]],\"childNode\":{\"nodeName\":\"审批人\",\"nodeKey\":\"flk_167991204184\",\"type\":1,\"setType\":1,\"nodeAssigneeList\":[{\"tenantId\":\"1\",\"id\":\"10036\",\"name\":\"张三\"}],\"examineMode\":1,\"termAuto\":false,\"term\":5,\"termMode\":0}},{\"nodeName\":\"条件2\",\"nodeKey\":\"flk_167098557539\",\"type\":3,\"priorityLevel\":2,\"conditionList\":[[{\"label\":\"姓名\",\"field\":\"field2045116693264\",\"operator\":\"==\",\"value\":\"李四\"}]],\"childNode\":{\"nodeName\":\"审批人\",\"nodeKey\":\"flk_168207447907\",\"type\":1,\"setType\":1,\"nodeAssigneeList\":[{\"tenantId\":\"1\",\"id\":\"10037\",\"name\":\"李四\"}],\"examineMode\":1,\"termAuto\":false,\"term\":5,\"termMode\":0}},{\"nodeName\":\"默认条件\",\"nodeKey\":\"flk_167082052937\",\"type\":3,\"priorityLevel\":3,\"childNode\":{\"nodeName\":\"审批人\",\"nodeKey\":\"flk_074631663847\",\"type\":1,\"setType\":1,\"nodeAssigneeList\":[{\"id\":\"10040\",\"name\":\"王五\"}],\"examineMode\":1,\"termAuto\":false,\"term\":5,\"termMode\":0}}],\"childNode\":{\"nodeName\":\"抄送人\",\"nodeKey\":\"flk_074420132147\",\"type\":2,\"setType\":1,\"nodeAssigneeList\":[{\"tenantId\":\"1\",\"id\":\"10003\",\"name\":\"admin\"}],\"childNode\":{\"nodeName\":\"结束\",\"type\":-1}}}}}', 0);
INSERT INTO `flw_process` VALUES (1939575900618268674, '1', '10003', 'admin', '2025-07-02 10:16:49', 'o3IXYd', '测试-选择角色审批', NULL, NULL, 3, '', NULL, 0, 2, '{\"name\":\"测试-选择角色审批\",\"key\":\"o3IXYd\",\"nodeConfig\":{\"nodeName\":\"发起人\",\"nodeKey\":\"flk_197793997595\",\"type\":0,\"childNode\":{\"nodeName\":\"审批人\",\"nodeKey\":\"flk_197997386375\",\"type\":1,\"setType\":3,\"nodeAssigneeList\":[{\"id\":\"12\",\"name\":\"工作流\"}],\"examineMode\":1,\"termAuto\":false,\"term\":5,\"termMode\":0,\"childNode\":{\"nodeName\":\"结束\",\"type\":-1}}}}', 0);
INSERT INTO `flw_process` VALUES (1939603839988703234, '1', '10003', 'admin', '2025-06-30 16:36:06', 'X36E3y', '测试或签', NULL, NULL, 1, '', NULL, 0, 1, '{\"name\":\"测试或签\",\"key\":\"X36E3y\",\"nodeConfig\":{\"nodeName\":\"发起人\",\"nodeKey\":\"flk_724805138230\",\"type\":0,\"childNode\":{\"nodeName\":\"审批人\",\"nodeKey\":\"flk_725031434333\",\"type\":1,\"setType\":1,\"nodeAssigneeList\":[{\"id\":\"10036\",\"name\":\"张三\"},{\"id\":\"10037\",\"name\":\"李四\"},{\"id\":\"10040\",\"name\":\"王五\"}],\"examineMode\":3,\"termAuto\":false,\"term\":5,\"termMode\":0,\"childNode\":{\"nodeName\":\"结束\",\"type\":-1}}}}', 0);
INSERT INTO `flw_process` VALUES (1939604855496810497, '1', '10003', 'admin', '2025-07-01 10:19:58', 'A4wnCv', '测试会签-顺序', NULL, NULL, 1, '', NULL, 0, 2, '{\"name\":\"测试会签-顺序\",\"key\":\"A4wnCv\",\"nodeConfig\":{\"nodeName\":\"发起人\",\"nodeKey\":\"flk_727715335785\",\"type\":0,\"childNode\":{\"nodeName\":\"审批人\",\"nodeKey\":\"flk_727902493570\",\"type\":1,\"setType\":1,\"nodeAssigneeList\":[{\"id\":\"10036\",\"name\":\"张三\"},{\"id\":\"10037\",\"name\":\"李四\"},{\"id\":\"10040\",\"name\":\"王五\"}],\"examineMode\":2,\"termAuto\":false,\"term\":5,\"termMode\":0,\"childNode\":{\"nodeName\":\"结束\",\"type\":-1}}}}', 0);
INSERT INTO `flw_process` VALUES (1939871570499604481, '1', '10003', 'admin', '2025-07-01 10:19:58', 'A4wnCv', '测试会签-顺序', NULL, NULL, 2, '', NULL, 0, 1, '{\"name\":\"测试会签-顺序\",\"key\":\"A4wnCv\",\"nodeConfig\":{\"nodeName\":\"发起人\",\"nodeKey\":\"flk_727715335785\",\"type\":0,\"childNode\":{\"nodeName\":\"审批人\",\"nodeKey\":\"flk_727902493570\",\"type\":1,\"setType\":1,\"nodeAssigneeList\":[{\"id\":\"10036\",\"name\":\"张三\"},{\"id\":\"10037\",\"name\":\"李四\"},{\"id\":\"10040\",\"name\":\"王五\"}],\"examineMode\":2,\"termAuto\":false,\"term\":5,\"termMode\":0,\"childNode\":{\"nodeName\":\"结束\",\"type\":-1}}}}', 0);
INSERT INTO `flw_process` VALUES (1939884398623256578, '1', '10003', 'admin', '2025-07-01 11:53:00', 'fGP8EU', '测试-驳回到上一级', NULL, NULL, 1, '', NULL, 0, 2, '{\"name\":\"测试-驳回到上一级\",\"key\":\"fGP8EU\",\"nodeConfig\":{\"nodeName\":\"发起人\",\"nodeKey\":\"flk_394012065005\",\"type\":0,\"childNode\":{\"nodeName\":\"审批人\",\"nodeKey\":\"flk_394230597164\",\"type\":1,\"setType\":1,\"nodeAssigneeList\":[{\"id\":\"10036\",\"name\":\"张三\"}],\"examineMode\":1,\"termAuto\":false,\"term\":5,\"termMode\":0,\"rejectStrategy\":1,\"childNode\":{\"nodeName\":\"审批人\",\"nodeKey\":\"flk_394370542936\",\"type\":1,\"setType\":1,\"nodeAssigneeList\":[{\"id\":\"10037\",\"name\":\"李四\"}],\"examineMode\":1,\"termAuto\":false,\"term\":5,\"termMode\":0,\"rejectStrategy\":2,\"childNode\":{\"nodeName\":\"结束\",\"type\":-1}}}}}', 0);
INSERT INTO `flw_process` VALUES (1939894983750492162, '1', '10003', 'admin', '2025-07-01 13:46:36', 'fGP8EU', '测试-驳回到上一级', NULL, NULL, 2, '', NULL, 0, 2, '{\"name\":\"测试-驳回到上一级\",\"key\":\"fGP8EU\",\"nodeConfig\":{\"nodeName\":\"发起人\",\"nodeKey\":\"flk_394012065005\",\"type\":0,\"childNode\":{\"nodeName\":\"审批人\",\"nodeKey\":\"flk_394230597164\",\"type\":1,\"setType\":1,\"nodeAssigneeList\":[{\"id\":\"10036\",\"name\":\"张三\"}],\"examineMode\":1,\"termAuto\":false,\"term\":5,\"termMode\":0,\"rejectStrategy\":1,\"childNode\":{\"nodeName\":\"审批人\",\"nodeKey\":\"flk_394370542936\",\"type\":1,\"setType\":1,\"nodeAssigneeList\":[{\"id\":\"10037\",\"name\":\"李四\"}],\"examineMode\":1,\"termAuto\":false,\"term\":5,\"termMode\":0,\"rejectStrategy\":2,\"childNode\":{\"nodeName\":\"结束\",\"type\":-1}}}}}', 0);
INSERT INTO `flw_process` VALUES (1939923574836076546, '1', '10003', 'admin', '2025-07-01 13:46:37', 'fGP8EU', '测试-【一级审批驳回到发起人，二级审批驳回到上一级】', NULL, NULL, 3, '', NULL, 0, 1, '{\"name\":\"测试-【一级审批驳回到发起人，二级审批驳回到上一级】\",\"key\":\"fGP8EU\",\"nodeConfig\":{\"nodeName\":\"发起人\",\"nodeKey\":\"flk_394012065005\",\"type\":0,\"childNode\":{\"nodeName\":\"审批人\",\"nodeKey\":\"flk_394230597164\",\"type\":1,\"setType\":1,\"nodeAssigneeList\":[{\"id\":\"10036\",\"name\":\"张三\"}],\"examineMode\":1,\"termAuto\":false,\"term\":5,\"termMode\":0,\"rejectStrategy\":1,\"childNode\":{\"nodeName\":\"审批人\",\"nodeKey\":\"flk_394370542936\",\"type\":1,\"setType\":1,\"nodeAssigneeList\":[{\"id\":\"10037\",\"name\":\"李四\"}],\"examineMode\":1,\"termAuto\":false,\"term\":5,\"termMode\":0,\"rejectStrategy\":2,\"childNode\":{\"nodeName\":\"结束\",\"type\":-1}}}}}', 0);
INSERT INTO `flw_process` VALUES (1939923855212716034, '1', '10003', 'admin', '2025-07-01 13:47:44', 'Xq4cWM', '测试-【一级审批驳回到发起人，二级审批驳回到发起人】', NULL, NULL, 1, '', NULL, 0, 1, '{\"name\":\"测试-【一级审批驳回到发起人，二级审批驳回到发起人】\",\"key\":\"Xq4cWM\",\"nodeConfig\":{\"nodeName\":\"发起人\",\"nodeKey\":\"flk_488038489934\",\"type\":0,\"childNode\":{\"nodeName\":\"审批人\",\"nodeKey\":\"flk_488390858038\",\"type\":1,\"setType\":1,\"nodeAssigneeList\":[{\"id\":\"10036\",\"name\":\"张三\"}],\"examineMode\":1,\"termAuto\":false,\"term\":5,\"termMode\":0,\"rejectStrategy\":1,\"childNode\":{\"nodeName\":\"审批人\",\"nodeKey\":\"flk_488515357857\",\"type\":1,\"setType\":1,\"nodeAssigneeList\":[{\"id\":\"10037\",\"name\":\"李四\"}],\"examineMode\":1,\"termAuto\":false,\"term\":5,\"termMode\":0,\"rejectStrategy\":1,\"childNode\":{\"nodeName\":\"结束\",\"type\":-1}}}}}', 0);
INSERT INTO `flw_process` VALUES (1939927885783670786, '1', '10003', 'admin', '2025-07-01 14:03:45', '4GL5tN', '测试-【一级审批驳回结束流程 】', NULL, NULL, 1, '', NULL, 0, 1, '{\"name\":\"测试-【一级审批驳回结束流程 】\",\"key\":\"4GL5tN\",\"nodeConfig\":{\"nodeName\":\"发起人\",\"nodeKey\":\"flk_497655276944\",\"type\":0,\"childNode\":{\"nodeName\":\"审批人\",\"nodeKey\":\"flk_498022173955\",\"type\":1,\"setType\":1,\"nodeAssigneeList\":[{\"id\":\"10036\",\"name\":\"张三\"}],\"examineMode\":1,\"termAuto\":false,\"term\":5,\"termMode\":0,\"rejectStrategy\":4,\"childNode\":{\"nodeName\":\"结束\",\"type\":-1}}}}', 0);
INSERT INTO `flw_process` VALUES (1939929305622683649, '1', '10003', 'admin', '2025-07-01 14:09:23', 'Xe7U1N', '测试-订单-20250624', NULL, NULL, 2, '', NULL, 0, 1, '{\"name\":\"测试-订单-20250624\",\"key\":\"Xe7U1N\",\"nodeConfig\":{\"nodeName\":\"发起人\",\"nodeKey\":\"node_start\",\"type\":0,\"childNode\":{\"nodeName\":\"审批人\",\"nodeKey\":\"node_300238675717\",\"type\":1,\"setType\":1,\"nodeAssigneeList\":[{\"tenantId\":\"1\",\"id\":\"10037\",\"name\":\"李四\"}],\"examineMode\":1,\"termAuto\":false,\"term\":5,\"termMode\":0,\"childNode\":{\"nodeName\":\"结束\",\"nodeKey\":\"node_end\",\"type\":-1}}}}', 0);
INSERT INTO `flw_process` VALUES (1939931385007611906, '1', '10003', 'admin', '2025-07-01 14:17:39', 'c3M3Fw', '未命名流程', NULL, NULL, 2, '', NULL, 0, 1, '{\"name\":\"未命名流程\",\"key\":\"c3M3Fw\",\"nodeConfig\":{\"nodeName\":\"发起人\",\"nodeKey\":\"flk_290705618380\",\"type\":0,\"childNode\":{\"nodeName\":\"审批人\",\"nodeKey\":\"flk_291713659661\",\"type\":1,\"setType\":1,\"nodeAssigneeList\":[{\"id\":\"10003\",\"name\":\"admin\"}],\"examineMode\":1,\"termAuto\":false,\"term\":5,\"termMode\":0,\"childNode\":{\"nodeName\":\"结束\",\"type\":-1}}}}', 0);
INSERT INTO `flw_process` VALUES (1940225571124563970, '1', '10003', 'admin', '2025-07-02 09:49:07', 'F968x2', '测试-角色+审批人驳回策略', NULL, NULL, 1, '', NULL, 0, 2, '{\"name\":\"测试-角色+审批人驳回策略\",\"key\":\"F968x2\",\"nodeConfig\":{\"nodeName\":\"发起人\",\"nodeKey\":\"flk_207490923710\",\"type\":0,\"childNode\":{\"nodeName\":\"审批人\",\"nodeKey\":\"flk_207801143630\",\"type\":1,\"setType\":3,\"nodeAssigneeList\":[{\"id\":\"12\",\"name\":\"工作流\"}],\"examineMode\":1,\"termAuto\":false,\"term\":5,\"termMode\":0,\"childNode\":{\"nodeName\":\"审批人\",\"nodeKey\":\"flk_207876924670\",\"type\":1,\"setType\":1,\"nodeAssigneeList\":[{\"id\":\"10040\",\"name\":\"王五\"}],\"examineMode\":1,\"termAuto\":false,\"term\":5,\"termMode\":0,\"childNode\":{\"nodeName\":\"结束\",\"type\":-1}}}}}', 0);
INSERT INTO `flw_process` VALUES (1940226196654673921, '1', '10003', 'admin', '2025-07-02 09:49:08', 'F968x2', '测试-角色+审批人驳回策略', NULL, NULL, 2, '', NULL, 0, 1, '{\"name\":\"测试-角色+审批人驳回策略\",\"key\":\"F968x2\",\"nodeConfig\":{\"nodeName\":\"发起人\",\"nodeKey\":\"flk_207490923710\",\"type\":0,\"childNode\":{\"nodeName\":\"审批人\",\"nodeKey\":\"flk_207801143630\",\"type\":1,\"setType\":3,\"nodeAssigneeList\":[{\"id\":\"12\",\"name\":\"工作流\"}],\"examineMode\":1,\"termAuto\":false,\"term\":5,\"termMode\":0,\"rejectStrategy\":4,\"childNode\":{\"nodeName\":\"审批人\",\"nodeKey\":\"flk_207876924670\",\"type\":1,\"setType\":1,\"nodeAssigneeList\":[{\"id\":\"10040\",\"name\":\"王五\"}],\"examineMode\":1,\"termAuto\":false,\"term\":5,\"termMode\":0,\"rejectStrategy\":2,\"childNode\":{\"nodeName\":\"结束\",\"type\":-1}}}}}', 0);
INSERT INTO `flw_process` VALUES (1940233167516639233, '1', '10003', 'admin', '2025-07-02 10:16:50', 'o3IXYd', '测试-选择角色审批', NULL, NULL, 4, '', NULL, 0, 1, '{\"name\":\"测试-选择角色审批\",\"key\":\"o3IXYd\",\"nodeConfig\":{\"nodeName\":\"发起人\",\"nodeKey\":\"flk_197793997595\",\"type\":0,\"childNode\":{\"nodeName\":\"审批人\",\"nodeKey\":\"flk_197997386375\",\"type\":1,\"setType\":3,\"nodeAssigneeList\":[{\"id\":\"12\",\"name\":\"工作流\"}],\"examineMode\":1,\"termAuto\":false,\"term\":5,\"termMode\":0,\"rejectStrategy\":1,\"childNode\":{\"nodeName\":\"结束\",\"type\":-1}}}}', 0);

-- ----------------------------
-- Table structure for flw_task
-- ----------------------------
DROP TABLE IF EXISTS `flw_task`;
CREATE TABLE `flw_task`  (
  `id` bigint NOT NULL COMMENT '主键ID',
  `tenant_id` varchar(50) CHARACTER SET utf8mb4 COLLATE utf8mb4_0900_ai_ci NULL DEFAULT NULL COMMENT '租户ID',
  `create_id` varchar(50) CHARACTER SET utf8mb4 COLLATE utf8mb4_0900_ai_ci NOT NULL COMMENT '创建人ID',
  `create_by` varchar(50) CHARACTER SET utf8mb4 COLLATE utf8mb4_0900_ai_ci NOT NULL COMMENT '创建人名称',
  `create_time` timestamp NOT NULL DEFAULT CURRENT_TIMESTAMP ON UPDATE CURRENT_TIMESTAMP COMMENT '创建时间',
  `instance_id` bigint NOT NULL COMMENT '流程实例ID',
  `parent_task_id` bigint NULL DEFAULT NULL COMMENT '父任务ID',
  `task_name` varchar(100) CHARACTER SET utf8mb4 COLLATE utf8mb4_0900_ai_ci NOT NULL COMMENT '任务名称',
  `task_key` varchar(100) CHARACTER SET utf8mb4 COLLATE utf8mb4_0900_ai_ci NOT NULL COMMENT '任务 key 唯一标识',
  `display_name` varchar(200) CHARACTER SET utf8mb4 COLLATE utf8mb4_0900_ai_ci NULL DEFAULT NULL COMMENT '任务显示名称',
  `task_type` tinyint(1) NOT NULL COMMENT '任务类型',
  `perform_type` tinyint(1) NULL DEFAULT NULL COMMENT '参与类型',
  `action_url` varchar(200) CHARACTER SET utf8mb4 COLLATE utf8mb4_0900_ai_ci NULL DEFAULT NULL COMMENT '任务处理的url',
  `variable` json NULL COMMENT '变量json',
  `assignor_id` varchar(100) CHARACTER SET utf8mb4 COLLATE utf8mb4_0900_ai_ci NULL DEFAULT NULL COMMENT '委托人ID',
  `assignor` varchar(255) CHARACTER SET utf8mb4 COLLATE utf8mb4_0900_ai_ci NULL DEFAULT NULL COMMENT '委托人',
  `expire_time` timestamp NULL DEFAULT NULL COMMENT '任务期望完成时间',
  `remind_time` timestamp NULL DEFAULT NULL COMMENT '提醒时间',
  `remind_repeat` tinyint(1) NOT NULL DEFAULT 0 COMMENT '提醒次数',
  `viewed` tinyint(1) NOT NULL DEFAULT 0 COMMENT '已阅 0，否 1，是',
  PRIMARY KEY (`id`) USING BTREE,
  INDEX `idx_task_instance_id`(`instance_id` ASC) USING BTREE,
  CONSTRAINT `fk_task_instance_id` FOREIGN KEY (`instance_id`) REFERENCES `flw_instance` (`id`) ON DELETE RESTRICT ON UPDATE RESTRICT
) ENGINE = InnoDB CHARACTER SET = utf8mb4 COLLATE = utf8mb4_0900_ai_ci COMMENT = '任务表' ROW_FORMAT = DYNAMIC;

-- ----------------------------
-- Records of flw_task
-- ----------------------------
INSERT INTO `flw_task` VALUES (1937099900726796290, '1', '10003', 'admin', '2025-06-23 18:46:21', 1937099900458360834, 1937099900659687426, '审批人1', '', '审批人1', 1, 1, NULL, '{\"termMode\": 0, \"field7483172626689\": \"8678\"}', NULL, NULL, '2025-06-23 23:46:21', NULL, 0, 0);
INSERT INTO `flw_task` VALUES (1937322116018069506, '1', '10003', 'admin', '2025-06-24 09:29:21', 1937322115892240386, 1937322115955154946, '审批人1', '', '审批人1', 1, 1, NULL, '{\"termMode\": 0, \"field7483172626689\": \"王五\"}', NULL, NULL, '2025-06-24 14:29:21', NULL, 0, 0);
INSERT INTO `flw_task` VALUES (1937323988061773825, '1', '10033', '测试', '2025-06-24 09:36:47', 1937323981887758338, 1937323986455355394, '审批人1', '', '审批人1', 1, 1, NULL, '{\"termMode\": 0, \"field7483172626689\": \"123\"}', NULL, NULL, '2025-06-24 14:36:47', NULL, 0, 0);
INSERT INTO `flw_task` VALUES (1939964244510547970, '1', '10003', 'admin', '2025-07-01 16:28:13', 1939952201321586689, 1939952268459810817, '审批人', 'flk_394230597164', NULL, 1, 1, NULL, '{\"termMode\": 0, \"field5062039420909\": \"6456\", \"field8314741966315\": \"456\"}', NULL, NULL, '2025-07-01 21:28:13', NULL, 0, 0);
INSERT INTO `flw_task` VALUES (1940226303873667074, '1', '10037', '李四', '2025-07-02 09:49:33', 1940226223984758786, 1940226224051867649, '审批人', 'flk_207801143630', NULL, 19, 1, NULL, '{\"termMode\": 0, \"field6721620777230\": \"8678\"}', NULL, NULL, '2025-07-02 14:49:14', NULL, 0, 0);

-- ----------------------------
-- Table structure for flw_task_actor
-- ----------------------------
DROP TABLE IF EXISTS `flw_task_actor`;
CREATE TABLE `flw_task_actor`  (
  `id` bigint NOT NULL COMMENT '主键 ID',
  `tenant_id` varchar(50) CHARACTER SET utf8mb4 COLLATE utf8mb4_0900_ai_ci NULL DEFAULT NULL COMMENT '租户ID',
  `instance_id` bigint NOT NULL COMMENT '流程实例ID',
  `task_id` bigint NOT NULL COMMENT '任务ID',
  `actor_id` varchar(100) CHARACTER SET utf8mb4 COLLATE utf8mb4_0900_ai_ci NOT NULL COMMENT '参与者ID',
  `actor_name` varchar(100) CHARACTER SET utf8mb4 COLLATE utf8mb4_0900_ai_ci NOT NULL COMMENT '参与者名称',
  `actor_type` int NOT NULL COMMENT '参与者类型 0，用户 1，角色 2，部门',
  `weight` int NULL DEFAULT NULL COMMENT '权重，票签任务时，该值为不同处理人员的分量比例，代理任务时，该值为 1 时为代理人',
  `agent_id` varchar(100) CHARACTER SET utf8mb4 COLLATE utf8mb4_0900_ai_ci NULL DEFAULT NULL COMMENT '代理人ID',
  `agent_type` int NULL DEFAULT NULL COMMENT '代理人类型 0，代理 1，被代理 2，认领角色 3，认领部门',
  `extend` text CHARACTER SET utf8mb4 COLLATE utf8mb4_0900_ai_ci NULL COMMENT '扩展json',
  PRIMARY KEY (`id`) USING BTREE,
  INDEX `idx_task_actor_task_id`(`task_id` ASC) USING BTREE,
  CONSTRAINT `fk_task_actor_task_id` FOREIGN KEY (`task_id`) REFERENCES `flw_task` (`id`) ON DELETE RESTRICT ON UPDATE RESTRICT
) ENGINE = InnoDB CHARACTER SET = utf8mb4 COLLATE = utf8mb4_0900_ai_ci COMMENT = '任务参与者表' ROW_FORMAT = DYNAMIC;

-- ----------------------------
-- Records of flw_task_actor
-- ----------------------------
INSERT INTO `flw_task_actor` VALUES (1937099900793905153, '1', 1937099900458360834, 1937099900726796290, '10036', '张三', 0, NULL, NULL, NULL, NULL);
INSERT INTO `flw_task_actor` VALUES (1937322116018069507, '1', 1937322115892240386, 1937322116018069506, '10036', '张三', 0, NULL, NULL, NULL, NULL);
INSERT INTO `flw_task_actor` VALUES (1937323988195991554, '1', 1937323981887758338, 1937323988061773825, '10036', '张三', 0, NULL, NULL, NULL, NULL);
INSERT INTO `flw_task_actor` VALUES (1939964244510547971, '1', 1939952201321586689, 1939964244510547970, '10036', '张三', 0, NULL, NULL, NULL, NULL);
INSERT INTO `flw_task_actor` VALUES (1940226303936581634, '1', 1940226223984758786, 1940226303873667074, '10037', '李四', 0, NULL, NULL, NULL, NULL);

-- ----------------------------
-- Table structure for sys_dept
-- ----------------------------
DROP TABLE IF EXISTS `sys_dept`;
CREATE TABLE `sys_dept`  (
  `dept_id` varchar(32) CHARACTER SET utf8 COLLATE utf8_general_ci NOT NULL,
  `dept_name` varchar(64) CHARACTER SET utf8 COLLATE utf8_general_ci NOT NULL COMMENT '部门名称',
  `level` int NOT NULL COMMENT '部门层级数',
  `parent` varchar(32) CHARACTER SET utf8 COLLATE utf8_general_ci NULL DEFAULT NULL COMMENT '上级部门id',
  `deputy_leaders` text CHARACTER SET utf8 COLLATE utf8_general_ci NULL,
  `main_leader` varchar(32) CHARACTER SET utf8 COLLATE utf8_general_ci NULL DEFAULT NULL COMMENT '部门主管理员',
  `order_num` int NULL DEFAULT NULL COMMENT '排序',
  `is_enable` tinyint(1) NULL DEFAULT 0 COMMENT '是否启用',
  `create_time` timestamp NULL DEFAULT CURRENT_TIMESTAMP ON UPDATE CURRENT_TIMESTAMP COMMENT '创建时间',
  `update_time` timestamp NULL DEFAULT NULL COMMENT '更新时间',
  `tenant_id` varchar(32) CHARACTER SET utf8 COLLATE utf8_general_ci NULL DEFAULT NULL COMMENT '租户id',
  PRIMARY KEY (`dept_id`) USING BTREE,
  INDEX `FK9E19DA6CFE1E12FB11`(`parent` ASC) USING BTREE
) ENGINE = InnoDB CHARACTER SET = utf8 COLLATE = utf8_general_ci COMMENT = '部门' ROW_FORMAT = DYNAMIC;

-- ----------------------------
-- Records of sys_dept
-- ----------------------------
INSERT INTO `sys_dept` VALUES ('12', '总部', 1, '0', NULL, NULL, 3, 1, '2024-01-20 11:18:29', '2024-05-23 13:52:20', '1');
INSERT INTO `sys_dept` VALUES ('1937719981278187521', '开发部', 2, '12', NULL, NULL, 0, 1, '2025-06-25 11:50:19', '2025-06-25 11:50:19', '1');
INSERT INTO `sys_dept` VALUES ('1937720045404901378', '运营部', 2, '12', NULL, NULL, 0, 1, '2025-06-25 11:50:35', '2025-06-25 11:50:35', '1');
INSERT INTO `sys_dept` VALUES ('1937720104376815617', '财务部', 2, '12', NULL, NULL, 0, 1, '2025-06-25 11:50:49', '2025-06-25 11:50:49', '1');

-- ----------------------------
-- Table structure for sys_file_detail
-- ----------------------------
DROP TABLE IF EXISTS `sys_file_detail`;
CREATE TABLE `sys_file_detail`  (
  `id` varchar(32) CHARACTER SET utf8 COLLATE utf8_general_ci NOT NULL COMMENT '文件id',
  `url` varchar(512) CHARACTER SET utf8 COLLATE utf8_general_ci NOT NULL COMMENT '文件访问地址',
  `size` bigint NULL DEFAULT NULL COMMENT '文件大小，单位字节',
  `filename` varchar(256) CHARACTER SET utf8 COLLATE utf8_general_ci NULL DEFAULT NULL COMMENT '文件名称',
  `original_filename` varchar(256) CHARACTER SET utf8 COLLATE utf8_general_ci NULL DEFAULT NULL COMMENT '原始文件名',
  `base_path` varchar(256) CHARACTER SET utf8 COLLATE utf8_general_ci NULL DEFAULT NULL COMMENT '基础存储路径',
  `path` varchar(256) CHARACTER SET utf8 COLLATE utf8_general_ci NULL DEFAULT NULL COMMENT '存储路径',
  `ext` varchar(32) CHARACTER SET utf8 COLLATE utf8_general_ci NULL DEFAULT NULL COMMENT '文件扩展名',
  `content_type` varchar(128) CHARACTER SET utf8 COLLATE utf8_general_ci NULL DEFAULT NULL COMMENT 'MIME类型',
  `platform` varchar(32) CHARACTER SET utf8 COLLATE utf8_general_ci NULL DEFAULT NULL COMMENT '存储平台',
  `th_url` varchar(512) CHARACTER SET utf8 COLLATE utf8_general_ci NULL DEFAULT NULL COMMENT '缩略图访问路径',
  `th_filename` varchar(256) CHARACTER SET utf8 COLLATE utf8_general_ci NULL DEFAULT NULL COMMENT '缩略图名称',
  `th_size` bigint NULL DEFAULT NULL COMMENT '缩略图大小，单位字节',
  `th_content_type` varchar(128) CHARACTER SET utf8 COLLATE utf8_general_ci NULL DEFAULT NULL COMMENT '缩略图MIME类型',
  `object_id` varchar(32) CHARACTER SET utf8 COLLATE utf8_general_ci NULL DEFAULT NULL COMMENT '文件所属对象id',
  `object_type` varchar(32) CHARACTER SET utf8 COLLATE utf8_general_ci NULL DEFAULT NULL COMMENT '文件所属对象类型，例如用户头像，评价图片',
  `metadata` text CHARACTER SET utf8 COLLATE utf8_general_ci NULL COMMENT '文件元数据',
  `user_metadata` text CHARACTER SET utf8 COLLATE utf8_general_ci NULL COMMENT '文件用户元数据',
  `th_metadata` text CHARACTER SET utf8 COLLATE utf8_general_ci NULL COMMENT '缩略图元数据',
  `th_user_metadata` text CHARACTER SET utf8 COLLATE utf8_general_ci NULL COMMENT '缩略图用户元数据',
  `attr` text CHARACTER SET utf8 COLLATE utf8_general_ci NULL COMMENT '附加属性',
  `file_acl` varchar(32) CHARACTER SET utf8 COLLATE utf8_general_ci NULL DEFAULT NULL COMMENT '文件ACL',
  `th_file_acl` varchar(32) CHARACTER SET utf8 COLLATE utf8_general_ci NULL DEFAULT NULL COMMENT '缩略图文件ACL',
  `hash_info` text CHARACTER SET utf8 COLLATE utf8_general_ci NULL COMMENT '哈希信息',
  `upload_id` varchar(128) CHARACTER SET utf8 COLLATE utf8_general_ci NULL DEFAULT NULL COMMENT '上传ID，仅在手动分片上传时使用',
  `upload_status` int NULL DEFAULT NULL COMMENT '上传状态，仅在手动分片上传时使用，1：初始化完成，2：上传完成',
  `create_time` datetime NULL DEFAULT NULL COMMENT '创建时间',
  `tenant_id` varchar(32) CHARACTER SET utf8 COLLATE utf8_general_ci NULL DEFAULT NULL,
  PRIMARY KEY (`id`) USING BTREE
) ENGINE = InnoDB CHARACTER SET = utf8 COLLATE = utf8_general_ci COMMENT = '文件记录表' ROW_FORMAT = DYNAMIC;

-- ----------------------------
-- Records of sys_file_detail
-- ----------------------------
INSERT INTO `sys_file_detail` VALUES ('1940260801239736321', '/api/oss/file/1751429197969_84aa1c6ff06c46a1ac94f9807e094371.png', 31462, '1751429197969_84aa1c6ff06c46a1ac94f9807e094371.png', 'template.png', 'C:/fileUpload', '1751429197969_84aa1c6ff06c46a1ac94f9807e094371.png', '.png', 'image/png', 'local', NULL, NULL, NULL, NULL, NULL, NULL, NULL, NULL, NULL, NULL, NULL, NULL, NULL, NULL, NULL, NULL, '2025-07-02 12:06:38', NULL);
INSERT INTO `sys_file_detail` VALUES ('1940261430976733185', '/api/oss/file/1751429348123_f5c17c1a97314b7daf0957d3aae1708a.png', 31462, '1751429348123_f5c17c1a97314b7daf0957d3aae1708a.png', 'template.png', 'C:/fileUpload', '1751429348123_f5c17c1a97314b7daf0957d3aae1708a.png', '.png', 'image/png', 'local', NULL, NULL, NULL, NULL, NULL, NULL, NULL, NULL, NULL, NULL, NULL, NULL, NULL, NULL, NULL, NULL, '2025-07-02 12:09:08', '1');
INSERT INTO `sys_file_detail` VALUES ('1940263734622724097', '1751429897341_9406444df94f4fb790862e375985c5ec.png', 65386, '1751429897341_9406444df94f4fb790862e375985c5ec.png', 'wechat_2025-07-01_161808_514.png', 'C:/fileUpload', '1751429897341_9406444df94f4fb790862e375985c5ec.png', '.png', 'image/png', 'local', NULL, NULL, NULL, NULL, NULL, NULL, NULL, NULL, NULL, NULL, NULL, NULL, NULL, NULL, NULL, NULL, '2025-07-02 12:18:17', '1');
INSERT INTO `sys_file_detail` VALUES ('1940283135459762178', '1751434522860_f8566eaab4c8433099a19374f103e3a3.png', 49149, '1751434522860_f8566eaab4c8433099a19374f103e3a3.png', 'workspace.png', 'C:/fileUpload', '1751434522860_f8566eaab4c8433099a19374f103e3a3.png', '.png', 'image/png', 'local', NULL, NULL, NULL, NULL, NULL, NULL, NULL, NULL, NULL, NULL, NULL, NULL, NULL, NULL, NULL, NULL, '2025-07-02 13:35:23', '1');
INSERT INTO `sys_file_detail` VALUES ('1940283306566393858', '1751434563672_866916f0fccc410ea88ff22c597f8b91.png', 31462, '1751434563672_866916f0fccc410ea88ff22c597f8b91.png', 'template.png', 'C:/fileUpload', '1751434563672_866916f0fccc410ea88ff22c597f8b91.png', '.png', 'image/png', 'local', NULL, NULL, NULL, NULL, NULL, NULL, NULL, NULL, NULL, NULL, NULL, NULL, NULL, NULL, NULL, NULL, '2025-07-02 13:36:04', '1');
INSERT INTO `sys_file_detail` VALUES ('1940300537257930754', '1751438671728_0ec80a4d744546a4b39650ca0492a523.sql', 16449, '1751438671728_0ec80a4d744546a4b39650ca0492a523.sql', 'flw_init.sql', 'C:/fileUpload', '1751438671728_0ec80a4d744546a4b39650ca0492a523.sql', '.sql', 'application/octet-stream', 'local', NULL, NULL, NULL, NULL, NULL, NULL, NULL, NULL, NULL, NULL, NULL, NULL, NULL, NULL, NULL, NULL, '2025-07-02 14:44:32', '1');

-- ----------------------------
-- Table structure for sys_file_part_detail
-- ----------------------------
DROP TABLE IF EXISTS `sys_file_part_detail`;
CREATE TABLE `sys_file_part_detail`  (
  `id` varchar(32) CHARACTER SET utf8 COLLATE utf8_general_ci NOT NULL COMMENT '分片id',
  `platform` varchar(32) CHARACTER SET utf8 COLLATE utf8_general_ci NULL DEFAULT NULL COMMENT '存储平台',
  `upload_id` varchar(128) CHARACTER SET utf8 COLLATE utf8_general_ci NULL DEFAULT NULL COMMENT '上传ID，仅在手动分片上传时使用',
  `e_tag` varchar(255) CHARACTER SET utf8 COLLATE utf8_general_ci NULL DEFAULT NULL COMMENT '分片 ETag',
  `part_number` int NULL DEFAULT NULL COMMENT '分片号。每一个上传的分片都有一个分片号，一般情况下取值范围是1~10000',
  `part_size` bigint NULL DEFAULT NULL COMMENT '文件大小，单位字节',
  `hash_info` text CHARACTER SET utf8 COLLATE utf8_general_ci NULL COMMENT '哈希信息',
  `create_time` datetime NULL DEFAULT NULL COMMENT '创建时间',
  `tenant_id` varchar(32) CHARACTER SET utf8 COLLATE utf8_general_ci NULL DEFAULT NULL,
  PRIMARY KEY (`id`) USING BTREE
) ENGINE = InnoDB CHARACTER SET = utf8 COLLATE = utf8_general_ci COMMENT = '文件分片信息表，仅在手动分片上传时使用' ROW_FORMAT = DYNAMIC;

-- ----------------------------
-- Records of sys_file_part_detail
-- ----------------------------

-- ----------------------------
-- Table structure for sys_permission
-- ----------------------------
DROP TABLE IF EXISTS `sys_permission`;
CREATE TABLE `sys_permission`  (
  `id` varchar(32) CHARACTER SET utf8 COLLATE utf8_general_ci NOT NULL COMMENT 'ID',
  `menu_name` varchar(255) CHARACTER SET utf8 COLLATE utf8_general_ci NULL DEFAULT '' COMMENT '菜单名称',
  `permission_code` varchar(255) CHARACTER SET utf8 COLLATE utf8_general_ci NULL DEFAULT '' COMMENT '权限码',
  `permission_name` varchar(255) CHARACTER SET utf8 COLLATE utf8_general_ci NULL DEFAULT '' COMMENT '本权限的中文释义',
  `menu_type` char(1) CHARACTER SET utf8 COLLATE utf8_general_ci NULL DEFAULT NULL COMMENT '0=目录;1=菜单;2=按钮',
  `open_type` varchar(16) CHARACTER SET utf8 COLLATE utf8_general_ci NULL DEFAULT NULL COMMENT 'self_=当前窗口;blank_=新窗口',
  `level` int NULL DEFAULT NULL COMMENT '层级',
  `parent_id` varchar(32) CHARACTER SET utf8 COLLATE utf8_general_ci NULL DEFAULT NULL COMMENT '上级id',
  `route_path` varchar(255) CHARACTER SET utf8 COLLATE utf8_general_ci NULL DEFAULT NULL COMMENT '路由地址',
  `icon` varchar(200) CHARACTER SET utf8 COLLATE utf8_general_ci NULL DEFAULT NULL COMMENT '菜单图标',
  `hide_in_menu` tinyint(1) NOT NULL DEFAULT 0 COMMENT '菜单显示状态',
  `status` char(1) CHARACTER SET utf8 COLLATE utf8_general_ci NOT NULL DEFAULT '0' COMMENT '菜单状态:0=正常;1=停用',
  `order_num` int NULL DEFAULT 0 COMMENT '显示顺序',
  `keep_alive` tinyint(1) NULL DEFAULT 0 COMMENT '是否缓存',
  `is_frame` int NULL DEFAULT 1 COMMENT '是否为外链',
  `component` varchar(250) CHARACTER SET utf8 COLLATE utf8_general_ci NULL DEFAULT NULL COMMENT '组件路径',
  `active_menu` varchar(250) CHARACTER SET utf8 COLLATE utf8_general_ci NULL DEFAULT NULL COMMENT '选中路由名称',
  `fixed_index_in_tab` int NULL DEFAULT 0 COMMENT '是否固定多页签',
  `route_name` varchar(250) CHARACTER SET utf8 COLLATE utf8_general_ci NULL DEFAULT NULL COMMENT '路由名称',
  `href` varchar(1000) CHARACTER SET utf8 COLLATE utf8_general_ci NULL DEFAULT NULL COMMENT '外部链接地址',
  `title` varchar(32) CHARACTER SET utf8 COLLATE utf8_general_ci NULL DEFAULT NULL,
  `i18n_key` varchar(64) CHARACTER SET utf8 COLLATE utf8_general_ci NULL DEFAULT NULL,
  `local_icon` varchar(64) CHARACTER SET utf8 COLLATE utf8_general_ci NULL DEFAULT NULL,
  `multi_tab` tinyint(1) NULL DEFAULT NULL,
  `constant` tinyint(1) NULL DEFAULT NULL,
  `create_time` timestamp NULL DEFAULT NULL COMMENT '创建时间',
  `create_by` varchar(32) CHARACTER SET utf8 COLLATE utf8_general_ci NULL DEFAULT NULL COMMENT '创建人',
  `update_time` timestamp NULL DEFAULT NULL COMMENT '更新时间',
  `update_by` varchar(32) CHARACTER SET utf8 COLLATE utf8_general_ci NULL DEFAULT NULL COMMENT '更新人',
  `tenant_id` varchar(32) CHARACTER SET utf8 COLLATE utf8_general_ci NULL DEFAULT NULL,
  PRIMARY KEY (`id`) USING BTREE
) ENGINE = InnoDB CHARACTER SET = utf8 COLLATE = utf8_general_ci COMMENT = '权限菜单' ROW_FORMAT = COMPACT;

-- ----------------------------
-- Records of sys_permission
-- ----------------------------
INSERT INTO `sys_permission` VALUES ('958', '关于', '', '', '1', NULL, 1, '0', '/about', 'fluent:book-information-24-regular', 0, '1', 10, 0, 0, 'layout.base$view.about', NULL, NULL, 'about', NULL, '关于', '', NULL, NULL, NULL, '2024-02-26 12:42:27', '10003', '2024-02-26 14:44:57', '10003', '1');
INSERT INTO `sys_permission` VALUES ('959', '首页', '', '', '1', NULL, 1, '0', '/home', 'mdi:monitor-dashboard', 0, '1', 1, 0, 0, 'layout.base$view.home', NULL, NULL, 'home', NULL, '首页', NULL, NULL, NULL, NULL, '2024-02-26 13:14:49', '10003', '2024-02-26 13:14:49', '10003', '1');
INSERT INTO `sys_permission` VALUES ('960', '系统管理', '', '', '0', NULL, 1, '0', '/manage', 'carbon:cloud-service-management', 0, '1', 9, 0, 0, 'layout.base', NULL, NULL, 'manage', NULL, '系统管理', NULL, NULL, NULL, NULL, '2024-02-26 13:17:51', '10003', '2024-02-26 13:17:51', '10003', '1');
INSERT INTO `sys_permission` VALUES ('961', '用户管理', '', '', '1', NULL, 2, '960', '/manage/user', 'ic:round-manage-accounts', 0, '1', 9, 0, 0, 'view.manage_user', NULL, NULL, 'manage_user', NULL, '用户管理', NULL, NULL, NULL, NULL, '2024-02-26 13:21:03', '10003', '2024-02-26 13:21:03', '10003', '1');
INSERT INTO `sys_permission` VALUES ('963', '菜单管理', '', '', '1', NULL, 2, '960', '/manage/menu', 'material-symbols:route', 0, '1', 3, 0, 0, 'view.manage_menu', NULL, NULL, 'manage_menu', NULL, '菜单管理', NULL, NULL, NULL, NULL, '2024-02-26 13:26:51', '10003', '2024-02-26 13:26:51', '10003', '1');
INSERT INTO `sys_permission` VALUES ('969', '角色管理', '', '', '1', NULL, 2, '960', '/manage/role', 'carbon:user-role', 0, '1', 0, 0, 0, 'view.manage_role', NULL, NULL, 'manage_role', NULL, '角色管理', 'route.manage_role', '', NULL, NULL, '2024-02-26 22:43:49', '10003', '2024-02-26 22:43:49', '10003', '1');
INSERT INTO `sys_permission` VALUES ('970', '部门管理', '', '', '1', NULL, 2, '960', '/manage/dept', 'carbon:load-balancer-application', 0, '1', 3, 0, 0, 'view.manage_dept', NULL, NULL, 'manage_dept', NULL, '部门管理', NULL, '', NULL, NULL, '2024-02-27 10:39:45', '10003', '2024-02-27 10:39:45', '10003', '1');
INSERT INTO `sys_permission` VALUES ('971', '岗位管理', '', '', '1', NULL, 2, '960', '/manage/post', 'carbon:product', 0, '1', 5, 0, 0, 'view.manage_post', NULL, 3, 'manage_post', NULL, '岗位管理', NULL, '', NULL, NULL, '2024-02-27 11:55:02', '10003', '2024-02-27 11:55:02', '10003', '1');
INSERT INTO `sys_permission` VALUES ('972', '租户管理', '', '', '1', NULL, 2, '960', '/manage/tenant', 'carbon:building-insights-1', 0, '1', 4, 0, 0, 'view.manage_tenant', NULL, NULL, 'manage_tenant', NULL, '租户管理', NULL, '', NULL, NULL, '2024-02-27 14:57:10', '10003', '2024-02-27 14:57:10', '10003', '1');
INSERT INTO `sys_permission` VALUES ('976', '流程设计', '', '', '1', NULL, 1, '0', '/workflow/designer', 'bi:feather', 0, '1', 0, 0, 0, 'layout.base$view.workflow_designer', NULL, NULL, 'workflow-designer', NULL, '流程设计', NULL, '', NULL, NULL, '2024-05-22 11:34:53', '10003', '2024-05-22 11:34:53', '10003', '1');
INSERT INTO `sys_permission` VALUES ('977', '创建流程', '', '', '1', NULL, 1, '0', '/workflow/designer/create', '', 1, '1', 0, 0, 0, 'layout.base$view.workflow_designer_create', NULL, NULL, 'workflow-designer-create', NULL, '创建流程', NULL, '', NULL, NULL, '2024-05-22 14:08:25', '10003', '2024-05-22 14:08:25', '10003', '1');
INSERT INTO `sys_permission` VALUES ('978', '工作台', '', '', '0', NULL, 1, '0', '/workflow/workspace', 'material-symbols-light:cards-sharp', 0, '1', 0, 0, 0, 'layout.base', NULL, NULL, 'workflow-workspace', NULL, '工作台', NULL, '', NULL, NULL, '2024-05-22 16:45:31', '10003', '2024-05-22 16:45:31', '10003', '1');
INSERT INTO `sys_permission` VALUES ('979', '发起申请', '', '', '1', NULL, 2, '978', '/workflow/workspace/approval', 'ic:baseline-edit', 0, '1', 10, 0, 0, 'view.workflow_workspace_approval', NULL, NULL, 'workflow_workspace_approval', NULL, '发起申请', NULL, '', NULL, NULL, '2024-05-22 16:45:31', '10003', '2024-05-22 16:45:31', '10003', '1');
INSERT INTO `sys_permission` VALUES ('980', '我的申请', '', '', '1', NULL, 2, '978', '/workflow/workspace/apply', 'mdi:card-text', 0, '1', 20, 0, 0, 'view.workflow_workspace_apply', NULL, NULL, 'workflow_workspace_apply', NULL, '我的申请', NULL, '', NULL, NULL, '2024-05-22 16:45:31', '10003', '2024-05-22 16:45:31', '10003', '1');
INSERT INTO `sys_permission` VALUES ('981', '我收到的', '', '', '1', NULL, 2, '978', '/workflow/workspace/about', 'mdi:content-copy', 0, '1', 30, 0, 0, 'view.workflow_workspace_about', NULL, NULL, 'workflow_workspace_about', NULL, '我收到的', NULL, '', NULL, NULL, '2024-05-22 16:45:31', '10003', '2024-05-22 16:45:31', '10003', '1');
INSERT INTO `sys_permission` VALUES ('982', '待审批', '', '', '1', NULL, 2, '978', '/workflow/workspace/todo', 'ic:round-approval', 0, '1', 40, 0, 0, 'view.workflow_workspace_todo', NULL, NULL, 'workflow_workspace_todo', NULL, '待审批', NULL, '', NULL, NULL, '2024-05-22 17:48:54', '10003', '2024-05-22 17:48:54', '10003', '1');
INSERT INTO `sys_permission` VALUES ('983', '已审批', '', '', '1', NULL, 2, '978', '/workflow/workspace/done', 'ic:baseline-done-all', 0, '1', 50, 0, 0, 'view.workflow_workspace_done', NULL, NULL, 'workflow_workspace_done', NULL, '已审批', NULL, '', NULL, NULL, '2024-05-22 17:50:00', '10003', '2024-05-22 17:50:00', '10003', '1');

-- ----------------------------
-- Table structure for sys_post
-- ----------------------------
DROP TABLE IF EXISTS `sys_post`;
CREATE TABLE `sys_post`  (
  `post_id` varchar(32) CHARACTER SET utf8 COLLATE utf8_general_ci NOT NULL,
  `post_name` varchar(64) CHARACTER SET utf8 COLLATE utf8_general_ci NOT NULL COMMENT '岗位名称',
  `post_code` varchar(64) CHARACTER SET utf8 COLLATE utf8_general_ci NOT NULL COMMENT '岗位编码',
  `status` char(1) CHARACTER SET utf8 COLLATE utf8_general_ci NULL DEFAULT '\0' COMMENT '状态',
  `order_num` int NULL DEFAULT NULL COMMENT '排序',
  `tenant_id` varchar(32) CHARACTER SET utf8 COLLATE utf8_general_ci NULL DEFAULT NULL COMMENT '租户id',
  `create_time` timestamp NULL DEFAULT NULL COMMENT '创建时间',
  `update_time` timestamp NULL DEFAULT NULL COMMENT '更新时间',
  PRIMARY KEY (`post_id`) USING BTREE
) ENGINE = InnoDB CHARACTER SET = utf8 COLLATE = utf8_general_ci COMMENT = '岗位/职务' ROW_FORMAT = DYNAMIC;

-- ----------------------------
-- Records of sys_post
-- ----------------------------
INSERT INTO `sys_post` VALUES ('4', '研发', 'M001', '1', 3, '1', '2022-07-27 14:05:16', '2024-05-23 13:53:13');
INSERT INTO `sys_post` VALUES ('7', '测试', 'M002', '1', 6, '1', '2022-11-16 17:28:35', '2024-05-23 13:53:21');

-- ----------------------------
-- Table structure for sys_role
-- ----------------------------
DROP TABLE IF EXISTS `sys_role`;
CREATE TABLE `sys_role`  (
  `id` varchar(32) CHARACTER SET utf8 COLLATE utf8_general_ci NOT NULL,
  `role_name` varchar(20) CHARACTER SET utf8 COLLATE utf8_general_ci NULL DEFAULT NULL COMMENT '角色名',
  `role_code` varchar(100) CHARACTER SET utf8 COLLATE utf8_general_ci NOT NULL DEFAULT '' COMMENT '角色编码(Key值)',
  `remark` varchar(128) CHARACTER SET utf8 COLLATE utf8_general_ci NULL DEFAULT NULL COMMENT '说明',
  `status` tinyint(1) NULL DEFAULT NULL,
  `create_time` timestamp NULL DEFAULT CURRENT_TIMESTAMP,
  `update_time` timestamp NULL DEFAULT NULL,
  `delete_flag` tinyint(1) NULL DEFAULT 1 COMMENT '逻辑删除',
  `tenant_id` varchar(32) CHARACTER SET utf8 COLLATE utf8_general_ci NULL DEFAULT NULL,
  PRIMARY KEY (`id`) USING BTREE
) ENGINE = InnoDB CHARACTER SET = utf8 COLLATE = utf8_general_ci COMMENT = '角色' ROW_FORMAT = COMPACT;

-- ----------------------------
-- Records of sys_role
-- ----------------------------
INSERT INTO `sys_role` VALUES ('1', '超级管理员', 'super-admin', '拥有全部权限', 1, '2017-11-22 16:24:34', '2022-07-26 17:24:11', 0, '1');
INSERT INTO `sys_role` VALUES ('10', '管理员', 'admin', '管理员', 1, '2022-11-18 11:45:02', '2024-05-23 11:52:04', 0, '1');
INSERT INTO `sys_role` VALUES ('12', '工作流', 'workflow', '工作流', 1, '2024-05-23 13:54:29', '2025-06-25 12:01:53', 0, '1');
INSERT INTO `sys_role` VALUES ('9', '预览员', 'guest', '预览权限', 1, '2022-05-31 22:48:20', '2024-02-27 22:05:49', 0, '1');

-- ----------------------------
-- Table structure for sys_role_permission
-- ----------------------------
DROP TABLE IF EXISTS `sys_role_permission`;
CREATE TABLE `sys_role_permission`  (
  `id` varchar(32) CHARACTER SET utf8 COLLATE utf8_general_ci NOT NULL,
  `role_id` varchar(32) CHARACTER SET utf8 COLLATE utf8_general_ci NULL DEFAULT NULL COMMENT '角色id',
  `permission_id` varchar(32) CHARACTER SET utf8 COLLATE utf8_general_ci NULL DEFAULT NULL COMMENT '权限id',
  `create_time` timestamp NULL DEFAULT CURRENT_TIMESTAMP,
  `update_time` timestamp NULL DEFAULT NULL,
  `tenant_id` varchar(32) CHARACTER SET utf8 COLLATE utf8_general_ci NULL DEFAULT NULL,
  PRIMARY KEY (`id`) USING BTREE
) ENGINE = InnoDB CHARACTER SET = utf8 COLLATE = utf8_general_ci COMMENT = '角色权限菜单关联' ROW_FORMAT = DYNAMIC;

-- ----------------------------
-- Records of sys_role_permission
-- ----------------------------
INSERT INTO `sys_role_permission` VALUES ('1253', '11', '958', '2024-02-27 11:46:15', NULL, '1');
INSERT INTO `sys_role_permission` VALUES ('1254', '11', '959', '2024-02-27 11:46:15', NULL, '1');
INSERT INTO `sys_role_permission` VALUES ('1255', '11', '963', '2024-02-27 11:46:15', NULL, '1');
INSERT INTO `sys_role_permission` VALUES ('1256', '11', '960', '2024-02-27 11:46:15', NULL, '1');
INSERT INTO `sys_role_permission` VALUES ('1257', '9', '959', '2024-02-27 22:05:49', NULL, '1');
INSERT INTO `sys_role_permission` VALUES ('1258', '9', '969', '2024-02-27 22:05:49', NULL, '1');
INSERT INTO `sys_role_permission` VALUES ('1259', '9', '963', '2024-02-27 22:05:49', NULL, '1');
INSERT INTO `sys_role_permission` VALUES ('1260', '9', '958', '2024-02-27 22:05:49', NULL, '1');
INSERT INTO `sys_role_permission` VALUES ('1261', '9', '960', '2024-02-27 22:05:49', NULL, '1');
INSERT INTO `sys_role_permission` VALUES ('1262', '9', '961', '2024-02-27 22:05:49', NULL, '1');
INSERT INTO `sys_role_permission` VALUES ('1263', '10', '102', '2024-05-23 11:52:04', NULL, '1');
INSERT INTO `sys_role_permission` VALUES ('1264', '10', '103', '2024-05-23 11:52:04', NULL, '1');
INSERT INTO `sys_role_permission` VALUES ('1265', '10', '104', '2024-05-23 11:52:04', NULL, '1');
INSERT INTO `sys_role_permission` VALUES ('1266', '10', '105', '2024-05-23 11:52:04', NULL, '1');
INSERT INTO `sys_role_permission` VALUES ('1267', '10', '302', '2024-05-23 11:52:04', NULL, '1');
INSERT INTO `sys_role_permission` VALUES ('1268', '10', '303', '2024-05-23 11:52:04', NULL, '1');
INSERT INTO `sys_role_permission` VALUES ('1269', '10', '304', '2024-05-23 11:52:04', NULL, '1');
INSERT INTO `sys_role_permission` VALUES ('1270', '10', '305', '2024-05-23 11:52:04', NULL, '1');
INSERT INTO `sys_role_permission` VALUES ('1271', '10', '401', '2024-05-23 11:52:04', NULL, '1');
INSERT INTO `sys_role_permission` VALUES ('1272', '10', '501', '2024-05-23 11:52:04', NULL, '1');
INSERT INTO `sys_role_permission` VALUES ('1273', '10', '502', '2024-05-23 11:52:04', NULL, '1');
INSERT INTO `sys_role_permission` VALUES ('1274', '10', '503', '2024-05-23 11:52:04', NULL, '1');
INSERT INTO `sys_role_permission` VALUES ('1275', '10', '504', '2024-05-23 11:52:04', NULL, '1');
INSERT INTO `sys_role_permission` VALUES ('1276', '10', '505', '2024-05-23 11:52:04', NULL, '1');
INSERT INTO `sys_role_permission` VALUES ('1277', '10', '601', '2024-05-23 11:52:04', NULL, '1');
INSERT INTO `sys_role_permission` VALUES ('1278', '10', '602', '2024-05-23 11:52:04', NULL, '1');
INSERT INTO `sys_role_permission` VALUES ('1279', '10', '603', '2024-05-23 11:52:04', NULL, '1');
INSERT INTO `sys_role_permission` VALUES ('1280', '10', '604', '2024-05-23 11:52:04', NULL, '1');
INSERT INTO `sys_role_permission` VALUES ('1281', '10', '605', '2024-05-23 11:52:04', NULL, '1');
INSERT INTO `sys_role_permission` VALUES ('1282', '10', '701', '2024-05-23 11:52:04', NULL, '1');
INSERT INTO `sys_role_permission` VALUES ('1283', '10', '702', '2024-05-23 11:52:04', NULL, '1');
INSERT INTO `sys_role_permission` VALUES ('1284', '10', '703', '2024-05-23 11:52:04', NULL, '1');
INSERT INTO `sys_role_permission` VALUES ('1285', '10', '704', '2024-05-23 11:52:04', NULL, '1');
INSERT INTO `sys_role_permission` VALUES ('1286', '10', '705', '2024-05-23 11:52:04', NULL, '1');
INSERT INTO `sys_role_permission` VALUES ('1287', '10', '802', '2024-05-23 11:52:04', NULL, '1');
INSERT INTO `sys_role_permission` VALUES ('1288', '10', '803', '2024-05-23 11:52:04', NULL, '1');
INSERT INTO `sys_role_permission` VALUES ('1289', '10', '804', '2024-05-23 11:52:04', NULL, '1');
INSERT INTO `sys_role_permission` VALUES ('1290', '10', '805', '2024-05-23 11:52:04', NULL, '1');
INSERT INTO `sys_role_permission` VALUES ('1291', '10', '902', '2024-05-23 11:52:04', NULL, '1');
INSERT INTO `sys_role_permission` VALUES ('1292', '10', '903', '2024-05-23 11:52:04', NULL, '1');
INSERT INTO `sys_role_permission` VALUES ('1293', '10', '904', '2024-05-23 11:52:04', NULL, '1');
INSERT INTO `sys_role_permission` VALUES ('1294', '10', '905', '2024-05-23 11:52:04', NULL, '1');
INSERT INTO `sys_role_permission` VALUES ('1295', '10', '906', '2024-05-23 11:52:04', NULL, '1');
INSERT INTO `sys_role_permission` VALUES ('1296', '10', '907', '2024-05-23 11:52:04', NULL, '1');
INSERT INTO `sys_role_permission` VALUES ('1297', '10', '909', '2024-05-23 11:52:04', NULL, '1');
INSERT INTO `sys_role_permission` VALUES ('1298', '10', '910', '2024-05-23 11:52:04', NULL, '1');
INSERT INTO `sys_role_permission` VALUES ('1299', '10', '911', '2024-05-23 11:52:04', NULL, '1');
INSERT INTO `sys_role_permission` VALUES ('1300', '10', '912', '2024-05-23 11:52:04', NULL, '1');
INSERT INTO `sys_role_permission` VALUES ('1301', '10', '914', '2024-05-23 11:52:04', NULL, '1');
INSERT INTO `sys_role_permission` VALUES ('1302', '10', '915', '2024-05-23 11:52:04', NULL, '1');
INSERT INTO `sys_role_permission` VALUES ('1303', '10', '916', '2024-05-23 11:52:04', NULL, '1');
INSERT INTO `sys_role_permission` VALUES ('1304', '10', '917', '2024-05-23 11:52:04', NULL, '1');
INSERT INTO `sys_role_permission` VALUES ('1305', '10', '919', '2024-05-23 11:52:04', NULL, '1');
INSERT INTO `sys_role_permission` VALUES ('1306', '10', '920', '2024-05-23 11:52:04', NULL, '1');
INSERT INTO `sys_role_permission` VALUES ('1307', '10', '921', '2024-05-23 11:52:04', NULL, '1');
INSERT INTO `sys_role_permission` VALUES ('1308', '10', '922', '2024-05-23 11:52:04', NULL, '1');
INSERT INTO `sys_role_permission` VALUES ('1309', '10', '938', '2024-05-23 11:52:04', NULL, '1');
INSERT INTO `sys_role_permission` VALUES ('1310', '10', '2', '2024-05-23 11:52:04', NULL, '1');
INSERT INTO `sys_role_permission` VALUES ('1311', '10', '4', '2024-05-23 11:52:04', NULL, '1');
INSERT INTO `sys_role_permission` VALUES ('1312', '10', '926', '2024-05-23 11:52:04', NULL, '1');
INSERT INTO `sys_role_permission` VALUES ('1313', '10', '5', '2024-05-23 11:52:04', NULL, '1');
INSERT INTO `sys_role_permission` VALUES ('1314', '10', '946', '2024-05-23 11:52:04', NULL, '1');
INSERT INTO `sys_role_permission` VALUES ('1315', '10', '948', '2024-05-23 11:52:04', NULL, '1');
INSERT INTO `sys_role_permission` VALUES ('1316', '10', '949', '2024-05-23 11:52:04', NULL, '1');
INSERT INTO `sys_role_permission` VALUES ('1317', '10', '955', '2024-05-23 11:52:04', NULL, '1');
INSERT INTO `sys_role_permission` VALUES ('1318', '10', '956', '2024-05-23 11:52:04', NULL, '1');
INSERT INTO `sys_role_permission` VALUES ('1319', '10', '957', '2024-05-23 11:52:04', NULL, '1');
INSERT INTO `sys_role_permission` VALUES ('1320', '10', '958', '2024-05-23 11:52:04', NULL, '1');
INSERT INTO `sys_role_permission` VALUES ('1321', '10', '959', '2024-05-23 11:52:04', NULL, '1');
INSERT INTO `sys_role_permission` VALUES ('1322', '10', '960', '2024-05-23 11:52:04', NULL, '1');
INSERT INTO `sys_role_permission` VALUES ('1323', '10', '961', '2024-05-23 11:52:04', NULL, '1');
INSERT INTO `sys_role_permission` VALUES ('1324', '10', '969', '2024-05-23 11:52:04', NULL, '1');
INSERT INTO `sys_role_permission` VALUES ('1325', '10', '963', '2024-05-23 11:52:04', NULL, '1');
INSERT INTO `sys_role_permission` VALUES ('1326', '10', '970', '2024-05-23 11:52:04', NULL, '1');
INSERT INTO `sys_role_permission` VALUES ('1327', '10', '972', '2024-05-23 11:52:04', NULL, '1');
INSERT INTO `sys_role_permission` VALUES ('1328', '10', '971', '2024-05-23 11:52:04', NULL, '1');
INSERT INTO `sys_role_permission` VALUES ('1329', '10', '978', '2024-05-23 11:52:04', NULL, '1');
INSERT INTO `sys_role_permission` VALUES ('1330', '10', '979', '2024-05-23 11:52:04', NULL, '1');
INSERT INTO `sys_role_permission` VALUES ('1331', '10', '980', '2024-05-23 11:52:04', NULL, '1');
INSERT INTO `sys_role_permission` VALUES ('1332', '10', '981', '2024-05-23 11:52:04', NULL, '1');
INSERT INTO `sys_role_permission` VALUES ('1333', '10', '982', '2024-05-23 11:52:04', NULL, '1');
INSERT INTO `sys_role_permission` VALUES ('1334', '10', '983', '2024-05-23 11:52:04', NULL, '1');
INSERT INTO `sys_role_permission` VALUES ('1335', '10', '977', '2024-05-23 11:52:04', NULL, '1');
INSERT INTO `sys_role_permission` VALUES ('1336', '10', '976', '2024-05-23 11:52:04', NULL, '1');
INSERT INTO `sys_role_permission` VALUES ('161', '1', '721', '2022-06-14 09:15:01', NULL, '1');
INSERT INTO `sys_role_permission` VALUES ('162', '1', '722', '2022-06-14 09:15:01', NULL, '1');
INSERT INTO `sys_role_permission` VALUES ('163', '1', '723', '2022-06-14 09:15:01', NULL, '1');
INSERT INTO `sys_role_permission` VALUES ('164', '1', '727', '2022-06-14 09:15:01', NULL, '1');
INSERT INTO `sys_role_permission` VALUES ('165', '1', '104', '2022-06-14 09:15:01', NULL, '1');
INSERT INTO `sys_role_permission` VALUES ('166', '1', '105', '2022-06-14 09:15:01', NULL, '1');
INSERT INTO `sys_role_permission` VALUES ('167', '1', '728', '2022-06-14 09:15:01', NULL, '1');
INSERT INTO `sys_role_permission` VALUES ('168', '1', '729', '2022-06-14 09:15:01', NULL, '1');
INSERT INTO `sys_role_permission` VALUES ('169', '1', '730', '2022-06-14 09:15:01', NULL, '1');
INSERT INTO `sys_role_permission` VALUES ('170', '1', '731', '2022-06-14 09:15:01', NULL, '1');
INSERT INTO `sys_role_permission` VALUES ('171', '1', '732', '2022-06-14 09:15:01', NULL, '1');
INSERT INTO `sys_role_permission` VALUES ('172', '1', '733', '2022-06-14 09:15:01', NULL, '1');
INSERT INTO `sys_role_permission` VALUES ('173', '1', '734', '2022-06-14 09:15:01', NULL, '1');
INSERT INTO `sys_role_permission` VALUES ('174', '1', '735', '2022-06-14 09:15:01', NULL, '1');
INSERT INTO `sys_role_permission` VALUES ('175', '1', '736', '2022-06-14 09:15:01', NULL, '1');
INSERT INTO `sys_role_permission` VALUES ('176', '1', '737', '2022-06-14 09:15:01', NULL, '1');
INSERT INTO `sys_role_permission` VALUES ('177', '1', '738', '2022-06-14 09:15:01', NULL, '1');
INSERT INTO `sys_role_permission` VALUES ('178', '1', '739', '2022-06-14 09:15:01', NULL, '1');
INSERT INTO `sys_role_permission` VALUES ('179', '1', '744', '2022-06-14 09:15:01', NULL, '1');
INSERT INTO `sys_role_permission` VALUES ('180', '1', '745', '2022-06-14 09:15:01', NULL, '1');
INSERT INTO `sys_role_permission` VALUES ('181', '1', '740', '2022-06-14 09:15:01', NULL, '1');
INSERT INTO `sys_role_permission` VALUES ('182', '1', '746', '2022-06-14 09:15:01', NULL, '1');
INSERT INTO `sys_role_permission` VALUES ('183', '1', '747', '2022-06-14 09:15:01', NULL, '1');
INSERT INTO `sys_role_permission` VALUES ('184', '1', '748', '2022-06-14 09:15:01', NULL, '1');
INSERT INTO `sys_role_permission` VALUES ('185', '1', '749', '2022-06-14 09:15:01', NULL, '1');
INSERT INTO `sys_role_permission` VALUES ('186', '1', '750', '2022-06-14 09:15:01', NULL, '1');
INSERT INTO `sys_role_permission` VALUES ('187', '1', '751', '2022-06-14 09:15:01', NULL, '1');
INSERT INTO `sys_role_permission` VALUES ('188', '1', '752', '2022-06-14 09:15:01', NULL, '1');
INSERT INTO `sys_role_permission` VALUES ('189', '1', '753', '2022-06-14 09:15:01', NULL, '1');
INSERT INTO `sys_role_permission` VALUES ('190', '1', '754', '2022-06-14 09:15:01', NULL, '1');
INSERT INTO `sys_role_permission` VALUES ('191', '1', '741', '2022-06-14 09:15:01', NULL, '1');
INSERT INTO `sys_role_permission` VALUES ('192', '1', '768', '2022-06-14 09:15:01', NULL, '1');
INSERT INTO `sys_role_permission` VALUES ('193', '1', '769', '2022-06-14 09:15:01', NULL, '1');
INSERT INTO `sys_role_permission` VALUES ('1937722892955582466', '12', '976', '2025-06-25 12:01:53', '2025-06-25 12:01:53', '1');
INSERT INTO `sys_role_permission` VALUES ('1937722893014302722', '12', '977', '2025-06-25 12:01:54', '2025-06-25 12:01:54', '1');
INSERT INTO `sys_role_permission` VALUES ('1937722893077217282', '12', '978', '2025-06-25 12:01:54', '2025-06-25 12:01:54', '1');
INSERT INTO `sys_role_permission` VALUES ('1937722893135937537', '12', '959', '2025-06-25 12:01:54', '2025-06-25 12:01:54', '1');
INSERT INTO `sys_role_permission` VALUES ('1937722893261766657', '12', '958', '2025-06-25 12:01:54', '2025-06-25 12:01:54', '1');
INSERT INTO `sys_role_permission` VALUES ('1937722893333069826', '12', '979', '2025-06-25 12:01:54', '2025-06-25 12:01:54', '1');
INSERT INTO `sys_role_permission` VALUES ('1937722893333069827', '12', '980', '2025-06-25 12:01:54', '2025-06-25 12:01:54', '1');
INSERT INTO `sys_role_permission` VALUES ('1937722893395984386', '12', '981', '2025-06-25 12:01:54', '2025-06-25 12:01:54', '1');
INSERT INTO `sys_role_permission` VALUES ('1937722893458898946', '12', '982', '2025-06-25 12:01:54', '2025-06-25 12:01:54', '1');
INSERT INTO `sys_role_permission` VALUES ('1937722893458898947', '12', '983', '2025-06-25 12:01:54', '2025-06-25 12:01:54', '1');
INSERT INTO `sys_role_permission` VALUES ('194', '1', '770', '2022-06-14 09:15:01', NULL, '1');
INSERT INTO `sys_role_permission` VALUES ('195', '1', '771', '2022-06-14 09:15:01', NULL, '1');
INSERT INTO `sys_role_permission` VALUES ('196', '1', '755', '2022-06-14 09:15:01', NULL, '1');
INSERT INTO `sys_role_permission` VALUES ('197', '1', '756', '2022-06-14 09:15:01', NULL, '1');
INSERT INTO `sys_role_permission` VALUES ('198', '1', '757', '2022-06-14 09:15:01', NULL, '1');
INSERT INTO `sys_role_permission` VALUES ('199', '1', '758', '2022-06-14 09:15:01', NULL, '1');
INSERT INTO `sys_role_permission` VALUES ('20', '1', '1', '2024-01-20 11:18:29', '2022-05-26 11:18:19', '1');
INSERT INTO `sys_role_permission` VALUES ('200', '1', '759', '2022-06-14 09:15:01', NULL, '1');
INSERT INTO `sys_role_permission` VALUES ('201', '1', '760', '2022-06-14 09:15:01', NULL, '1');
INSERT INTO `sys_role_permission` VALUES ('202', '1', '761', '2022-06-14 09:15:01', NULL, '1');
INSERT INTO `sys_role_permission` VALUES ('203', '1', '762', '2022-06-14 09:15:01', NULL, '1');
INSERT INTO `sys_role_permission` VALUES ('204', '1', '763', '2022-06-14 09:15:01', NULL, '1');
INSERT INTO `sys_role_permission` VALUES ('205', '1', '764', '2022-06-14 09:15:01', NULL, '1');
INSERT INTO `sys_role_permission` VALUES ('206', '1', '765', '2022-06-14 09:15:01', NULL, '1');
INSERT INTO `sys_role_permission` VALUES ('207', '1', '766', '2022-06-14 09:15:01', NULL, '1');
INSERT INTO `sys_role_permission` VALUES ('208', '1', '767', '2022-06-14 09:15:01', NULL, '1');
INSERT INTO `sys_role_permission` VALUES ('209', '1', '742', '2022-06-14 09:15:01', NULL, '1');
INSERT INTO `sys_role_permission` VALUES ('21', '1', '2', '2024-01-20 11:18:29', '2022-05-26 11:18:39', '1');
INSERT INTO `sys_role_permission` VALUES ('210', '1', '774', '2022-06-14 09:15:01', NULL, '1');
INSERT INTO `sys_role_permission` VALUES ('211', '1', '775', '2022-06-14 09:15:01', NULL, '1');
INSERT INTO `sys_role_permission` VALUES ('212', '1', '743', '2022-06-14 09:15:01', NULL, '1');
INSERT INTO `sys_role_permission` VALUES ('213', '1', '772', '2022-06-14 09:15:01', NULL, '1');
INSERT INTO `sys_role_permission` VALUES ('214', '1', '773', '2022-06-14 09:15:01', NULL, '1');
INSERT INTO `sys_role_permission` VALUES ('22', '1', '3', '2022-05-26 11:18:49', '2022-05-26 11:18:49', '1');
INSERT INTO `sys_role_permission` VALUES ('23', '1', '4', '2022-05-26 11:18:58', '2022-05-26 11:19:01', '1');
INSERT INTO `sys_role_permission` VALUES ('24', '1', '5', '2022-05-26 11:19:10', '2022-05-26 11:19:10', '1');
INSERT INTO `sys_role_permission` VALUES ('25', '1', '6', '2022-05-26 11:19:20', '2022-05-26 11:21:27', '1');
INSERT INTO `sys_role_permission` VALUES ('26', '1', '101', '2022-05-26 11:19:39', '2022-05-26 11:19:39', '1');
INSERT INTO `sys_role_permission` VALUES ('27', '1', '102', '2022-05-26 11:19:47', '2022-05-26 11:19:47', '1');
INSERT INTO `sys_role_permission` VALUES ('274', '1', '8', '2022-06-25 15:27:22', '2022-06-25 15:27:20', '1');
INSERT INTO `sys_role_permission` VALUES ('275', '1', '801', '2022-06-25 15:27:34', '2022-06-25 15:27:32', '1');
INSERT INTO `sys_role_permission` VALUES ('276', '1', '802', '2022-06-25 15:27:43', '2022-06-25 15:27:42', '1');
INSERT INTO `sys_role_permission` VALUES ('277', '1', '803', '2022-06-25 15:27:52', '2022-06-25 15:27:55', '1');
INSERT INTO `sys_role_permission` VALUES ('278', '1', '804', '2022-06-25 15:28:08', '2022-06-25 15:28:07', '1');
INSERT INTO `sys_role_permission` VALUES ('279', '1', '805', '2022-06-25 15:28:22', '2022-06-25 15:28:21', '1');
INSERT INTO `sys_role_permission` VALUES ('28', '1', '103', '2022-05-26 11:19:57', '2022-05-26 11:19:56', '1');
INSERT INTO `sys_role_permission` VALUES ('29', '1', '301', '2022-05-26 11:20:12', '2022-05-26 11:20:11', '1');
INSERT INTO `sys_role_permission` VALUES ('30', '1', '302', '2022-05-26 11:20:26', '2022-05-26 11:20:26', '1');
INSERT INTO `sys_role_permission` VALUES ('304', '1', '9', '2022-07-11 09:12:47', NULL, '1');
INSERT INTO `sys_role_permission` VALUES ('305', '1', '901', '2022-07-11 09:12:47', NULL, '1');
INSERT INTO `sys_role_permission` VALUES ('306', '1', '902', '2022-07-11 09:12:47', NULL, '1');
INSERT INTO `sys_role_permission` VALUES ('307', '1', '903', '2022-07-11 09:12:47', NULL, '1');
INSERT INTO `sys_role_permission` VALUES ('308', '1', '904', '2022-07-11 09:12:47', NULL, '1');
INSERT INTO `sys_role_permission` VALUES ('309', '1', '905', '2022-07-11 09:12:47', NULL, '1');
INSERT INTO `sys_role_permission` VALUES ('31', '1', '303', '2022-05-26 11:20:34', '2022-05-26 11:20:34', '1');
INSERT INTO `sys_role_permission` VALUES ('310', '1', '779', '2022-07-11 09:12:47', NULL, '1');
INSERT INTO `sys_role_permission` VALUES ('311', '1', '780', '2022-07-11 09:12:47', NULL, '1');
INSERT INTO `sys_role_permission` VALUES ('312', '1', '781', '2022-07-11 09:12:47', NULL, '1');
INSERT INTO `sys_role_permission` VALUES ('316', '1', '781', '2022-07-11 15:40:57', NULL, '1');
INSERT INTO `sys_role_permission` VALUES ('32', '1', '304', '2022-05-26 11:20:42', '2022-05-26 11:20:42', '1');
INSERT INTO `sys_role_permission` VALUES ('321', '1', '923', '2022-07-25 21:16:07', NULL, '1');
INSERT INTO `sys_role_permission` VALUES ('322', '1', '924', '2022-07-25 21:16:07', NULL, '1');
INSERT INTO `sys_role_permission` VALUES ('323', '1', '10', '2022-07-25 21:16:07', NULL, '1');
INSERT INTO `sys_role_permission` VALUES ('324', '1', '908', '2022-07-25 21:16:07', NULL, '1');
INSERT INTO `sys_role_permission` VALUES ('325', '1', '909', '2022-07-25 21:16:07', NULL, '1');
INSERT INTO `sys_role_permission` VALUES ('326', '1', '910', '2022-07-25 21:16:07', NULL, '1');
INSERT INTO `sys_role_permission` VALUES ('327', '1', '911', '2022-07-25 21:16:07', NULL, '1');
INSERT INTO `sys_role_permission` VALUES ('328', '1', '912', '2022-07-25 21:16:07', NULL, '1');
INSERT INTO `sys_role_permission` VALUES ('329', '1', '11', '2022-07-25 21:16:07', NULL, '1');
INSERT INTO `sys_role_permission` VALUES ('33', '1', '305', '2022-05-26 11:20:51', '2022-05-26 11:20:51', '1');
INSERT INTO `sys_role_permission` VALUES ('330', '1', '913', '2022-07-25 21:16:07', NULL, '1');
INSERT INTO `sys_role_permission` VALUES ('331', '1', '914', '2022-07-25 21:16:07', NULL, '1');
INSERT INTO `sys_role_permission` VALUES ('332', '1', '915', '2022-07-25 21:16:07', NULL, '1');
INSERT INTO `sys_role_permission` VALUES ('333', '1', '916', '2022-07-25 21:16:07', NULL, '1');
INSERT INTO `sys_role_permission` VALUES ('334', '1', '917', '2022-07-25 21:16:07', NULL, '1');
INSERT INTO `sys_role_permission` VALUES ('335', '1', '12', '2022-07-25 21:16:07', NULL, '1');
INSERT INTO `sys_role_permission` VALUES ('336', '1', '918', '2022-07-25 21:16:07', NULL, '1');
INSERT INTO `sys_role_permission` VALUES ('337', '1', '919', '2022-07-25 21:16:07', NULL, '1');
INSERT INTO `sys_role_permission` VALUES ('338', '1', '920', '2022-07-25 21:16:07', NULL, '1');
INSERT INTO `sys_role_permission` VALUES ('339', '1', '921', '2022-07-25 21:16:07', NULL, '1');
INSERT INTO `sys_role_permission` VALUES ('34', '1', '501', '2022-05-26 11:21:08', '2022-05-26 11:21:08', '1');
INSERT INTO `sys_role_permission` VALUES ('340', '1', '922', '2022-07-25 21:16:07', NULL, '1');
INSERT INTO `sys_role_permission` VALUES ('341', '1', '776', '2022-07-25 21:16:07', NULL, '1');
INSERT INTO `sys_role_permission` VALUES ('342', '1', '777', '2022-07-25 21:16:07', NULL, '1');
INSERT INTO `sys_role_permission` VALUES ('343', '1', '778', '2022-07-25 21:16:07', NULL, '1');
INSERT INTO `sys_role_permission` VALUES ('344', '1', '781', '2022-07-25 21:16:07', NULL, '1');
INSERT INTO `sys_role_permission` VALUES ('345', '1', '906', '2022-07-25 21:16:07', NULL, '1');
INSERT INTO `sys_role_permission` VALUES ('346', '1', '907', '2022-07-25 21:16:07', NULL, '1');
INSERT INTO `sys_role_permission` VALUES ('347', '1', '925', '2022-07-25 21:51:00', NULL, '1');
INSERT INTO `sys_role_permission` VALUES ('348', '1', '927', '2022-07-26 17:09:14', NULL, '1');
INSERT INTO `sys_role_permission` VALUES ('349', '1', '926', '2022-07-26 17:09:14', NULL, '1');
INSERT INTO `sys_role_permission` VALUES ('35', '1', '502', '2022-05-26 11:21:14', '2022-05-26 11:21:49', '1');
INSERT INTO `sys_role_permission` VALUES ('350', '1', '928', '2022-07-26 17:09:14', NULL, '1');
INSERT INTO `sys_role_permission` VALUES ('36', '1', '503', '2022-05-26 11:22:01', '2022-05-26 11:22:00', '1');
INSERT INTO `sys_role_permission` VALUES ('37', '1', '504', '2022-05-26 11:22:08', '2022-05-26 11:22:08', '1');
INSERT INTO `sys_role_permission` VALUES ('38', '1', '505', '2022-05-26 11:22:16', '2022-05-26 11:22:16', '1');
INSERT INTO `sys_role_permission` VALUES ('39', '1', '601', '2022-05-26 11:22:44', '2022-05-26 11:22:44', '1');
INSERT INTO `sys_role_permission` VALUES ('40', '1', '602', '2022-05-26 11:22:52', '2022-05-26 11:22:52', '1');
INSERT INTO `sys_role_permission` VALUES ('41', '1', '603', '2022-05-26 11:23:01', '2022-05-26 11:23:01', '1');
INSERT INTO `sys_role_permission` VALUES ('42', '1', '604', '2022-05-26 11:23:10', '2022-05-26 11:23:09', '1');
INSERT INTO `sys_role_permission` VALUES ('43', '1', '605', '2022-05-26 11:23:24', '2022-05-26 11:23:24', '1');
INSERT INTO `sys_role_permission` VALUES ('44', '1', '701', '2022-05-26 11:23:33', '2022-05-26 11:23:33', '1');
INSERT INTO `sys_role_permission` VALUES ('45', '1', '702', '2022-05-26 11:23:42', '2022-05-26 11:23:42', '1');
INSERT INTO `sys_role_permission` VALUES ('47', '1', '703', '2022-05-26 11:24:03', '2022-05-26 11:24:03', '1');
INSERT INTO `sys_role_permission` VALUES ('48', '1', '704', '2022-05-26 11:24:13', '2022-05-26 11:24:12', '1');
INSERT INTO `sys_role_permission` VALUES ('49', '1', '705', '2022-05-26 11:24:22', '2022-05-26 11:24:22', '1');
INSERT INTO `sys_role_permission` VALUES ('50', '1', '7', '2022-05-26 15:16:20', '2022-05-26 15:16:18', '1');
INSERT INTO `sys_role_permission` VALUES ('51', '1', '401', '2022-05-26 15:16:40', '2022-05-26 15:16:25', '1');

-- ----------------------------
-- Table structure for sys_storage_config
-- ----------------------------
DROP TABLE IF EXISTS `sys_storage_config`;
CREATE TABLE `sys_storage_config`  (
  `id` varchar(32) CHARACTER SET utf8mb4 COLLATE utf8mb4_0900_ai_ci NOT NULL,
  `name` varchar(64) CHARACTER SET utf8mb4 COLLATE utf8mb4_0900_ai_ci NULL DEFAULT NULL COMMENT '名称',
  `platform` varchar(64) CHARACTER SET utf8mb4 COLLATE utf8mb4_0900_ai_ci NULL DEFAULT NULL COMMENT '平台',
  `config` json NULL COMMENT '配置',
  `enable` tinyint(1) NULL DEFAULT NULL COMMENT '是否启用',
  PRIMARY KEY (`id`) USING BTREE
) ENGINE = InnoDB CHARACTER SET = utf8mb4 COLLATE = utf8mb4_0900_ai_ci COMMENT = '对象存储配置' ROW_FORMAT = DYNAMIC;

-- ----------------------------
-- Records of sys_storage_config
-- ----------------------------
INSERT INTO `sys_storage_config` VALUES ('1', '七牛云', 'qiniu-kodo', '{\"domain\": \"\", \"basePath\": \"file/\", \"accessKey\": \"\", \"secretKey\": \"\", \"bucketName\": \"flowlong-oss\"}', 1);

-- ----------------------------
-- Table structure for sys_tenant
-- ----------------------------
DROP TABLE IF EXISTS `sys_tenant`;
CREATE TABLE `sys_tenant`  (
  `id` varchar(32) CHARACTER SET utf8mb4 COLLATE utf8mb4_0900_ai_ci NOT NULL,
  `tenant_code` varchar(64) CHARACTER SET utf8mb4 COLLATE utf8mb4_0900_ai_ci NOT NULL COMMENT '租户编码',
  `tenant_name` varchar(64) CHARACTER SET utf8mb4 COLLATE utf8mb4_0900_ai_ci NOT NULL COMMENT '租户名称',
  `begin_date` datetime NOT NULL COMMENT '开始时间',
  `end_date` datetime NOT NULL COMMENT '结束时间',
  `status` tinyint(1) NULL DEFAULT 0 COMMENT '租户状态',
  `create_time` datetime NOT NULL,
  `update_time` datetime NOT NULL,
  `delete_flag` tinyint(1) NULL DEFAULT 0 COMMENT '逻辑删除',
  `tenant_id` varchar(32) CHARACTER SET utf8mb4 COLLATE utf8mb4_0900_ai_ci NULL DEFAULT NULL,
  PRIMARY KEY (`id`) USING BTREE
) ENGINE = InnoDB CHARACTER SET = utf8mb4 COLLATE = utf8mb4_0900_ai_ci COMMENT = '租户信息' ROW_FORMAT = DYNAMIC;

-- ----------------------------
-- Records of sys_tenant
-- ----------------------------
INSERT INTO `sys_tenant` VALUES ('1', 'workflow', '工作流测试租户', '2022-10-01 14:54:31', '2030-10-25 14:54:38', 1, '2022-11-05 21:45:06', '2024-06-02 23:51:37', 0, '1');

-- ----------------------------
-- Table structure for sys_user
-- ----------------------------
DROP TABLE IF EXISTS `sys_user`;
CREATE TABLE `sys_user`  (
  `id` varchar(32) CHARACTER SET utf8 COLLATE utf8_general_ci NOT NULL,
  `account` varchar(32) CHARACTER SET utf8 COLLATE utf8_general_ci NULL DEFAULT NULL COMMENT '登录账号',
  `password` varchar(128) CHARACTER SET utf8 COLLATE utf8_general_ci NULL DEFAULT NULL COMMENT '密码',
  `nickname` varchar(128) CHARACTER SET utf8 COLLATE utf8_general_ci NULL DEFAULT NULL COMMENT '昵称',
  `sex` int NULL DEFAULT NULL COMMENT '性别',
  `mobile` varchar(16) CHARACTER SET utf8 COLLATE utf8_general_ci NULL DEFAULT NULL COMMENT '手机号',
  `remark` varchar(128) CHARACTER SET utf8 COLLATE utf8_general_ci NULL DEFAULT NULL COMMENT '个人介绍',
  `email` varchar(128) CHARACTER SET utf8 COLLATE utf8_general_ci NOT NULL DEFAULT '' COMMENT '邮箱',
  `delete_flag` tinyint(1) NULL DEFAULT 1 COMMENT '逻辑删除',
  `dept_id` varchar(32) CHARACTER SET utf8 COLLATE utf8_general_ci NULL DEFAULT NULL COMMENT '部门id',
  `post_id` varchar(32) CHARACTER SET utf8 COLLATE utf8_general_ci NULL DEFAULT NULL COMMENT '岗位id',
  `leader_id` varchar(32) CHARACTER SET utf8 COLLATE utf8_general_ci NULL DEFAULT NULL COMMENT '直属上级id',
  `is_enable` tinyint(1) NULL DEFAULT 1 COMMENT '是否启用:0=禁用;1=启用',
  `create_time` timestamp NULL DEFAULT CURRENT_TIMESTAMP COMMENT '创建时间',
  `update_time` timestamp NULL DEFAULT NULL COMMENT '修改时间',
  `tenant_id` varchar(32) CHARACTER SET utf8 COLLATE utf8_general_ci NULL DEFAULT NULL COMMENT '租户id',
  PRIMARY KEY (`id`) USING BTREE
) ENGINE = InnoDB CHARACTER SET = utf8 COLLATE = utf8_general_ci COMMENT = '用户信息' ROW_FORMAT = DYNAMIC;

-- ----------------------------
-- Records of sys_user
-- ----------------------------
INSERT INTO `sys_user` VALUES ('10003', 'admin', '48e9e0d3e6ac939b60995a3600acb27b', 'admin', 1, '', '超级管理员', '', 0, '12', NULL, NULL, 1, '2024-01-20 11:18:29', '2024-05-30 13:59:28', '1');
INSERT INTO `sys_user` VALUES ('10033', 'test', '48e9e0d3e6ac939b60995a3600acb27b', '测试', 1, '', '', '', 0, '1937720045404901378', '4', NULL, 1, '2024-01-20 11:18:29', '2024-05-24 14:20:35', '1');
INSERT INTO `sys_user` VALUES ('10036', 'zhangsan', '48e9e0d3e6ac939b60995a3600acb27b', '张三', 2, '', '', '', 0, '1937719981278187521', '4', NULL, 1, '2024-01-20 11:18:29', '2024-05-24 10:45:18', '1');
INSERT INTO `sys_user` VALUES ('10037', 'lisi', '48e9e0d3e6ac939b60995a3600acb27b', '李四', 1, '', '', '', 0, '1937719981278187521', '7', NULL, 1, '2024-01-20 11:18:29', '2024-02-21 22:22:56', '1');
INSERT INTO `sys_user` VALUES ('10038', 'xiongda', '48e9e0d3e6ac939b60995a3600acb27b', '熊大', 1, '', NULL, '', 0, '12', '4', NULL, 1, '2024-05-23 13:55:18', '2024-05-24 10:10:27', '1');
INSERT INTO `sys_user` VALUES ('10039', 'xionger', '48e9e0d3e6ac939b60995a3600acb27b', '熊二', 1, '', NULL, '', 0, '12', '4', NULL, 1, '2024-05-23 13:55:48', '2025-06-24 10:24:10', '1');
INSERT INTO `sys_user` VALUES ('10040', 'wangwu', '48e9e0d3e6ac939b60995a3600acb27b', '王五', 1, '', '', '', 0, '1937719981278187521', '7', NULL, 1, '2024-01-20 11:18:29', '2024-02-21 22:22:56', '1');

-- ----------------------------
-- Table structure for sys_user_role
-- ----------------------------
DROP TABLE IF EXISTS `sys_user_role`;
CREATE TABLE `sys_user_role`  (
  `id` varchar(32) CHARACTER SET utf8 COLLATE utf8_general_ci NOT NULL,
  `user_id` varchar(32) CHARACTER SET utf8 COLLATE utf8_general_ci NULL DEFAULT NULL COMMENT '角色id',
  `role_id` varchar(32) CHARACTER SET utf8 COLLATE utf8_general_ci NULL DEFAULT NULL COMMENT '权限id',
  `create_time` timestamp NULL DEFAULT CURRENT_TIMESTAMP,
  `update_time` timestamp NULL DEFAULT NULL,
  `tenant_id` varchar(32) CHARACTER SET utf8 COLLATE utf8_general_ci NULL DEFAULT NULL,
  PRIMARY KEY (`id`) USING BTREE
) ENGINE = InnoDB CHARACTER SET = utf8 COLLATE = utf8_general_ci COMMENT = '用户角色关联' ROW_FORMAT = DYNAMIC;

-- ----------------------------
-- Records of sys_user_role
-- ----------------------------
INSERT INTO `sys_user_role` VALUES ('1', '10003', '1', '2022-06-24 11:43:07', '2022-06-24 11:43:05', '1');
INSERT INTO `sys_user_role` VALUES ('28', '10031', '1', '2023-08-20 22:28:41', '2023-08-20 22:28:41', '1');
INSERT INTO `sys_user_role` VALUES ('43', '10037', '12', '2024-02-21 22:22:56', '2024-02-21 22:22:56', '1');
INSERT INTO `sys_user_role` VALUES ('53', '10038', '10', '2024-02-26 22:40:14', '2024-02-26 22:40:14', '1');
INSERT INTO `sys_user_role` VALUES ('61', '10038', '12', '2024-05-23 13:55:18', '2024-05-23 13:55:18', '1');
INSERT INTO `sys_user_role` VALUES ('62', '10039', '12', '2024-05-23 13:55:48', '2024-05-23 13:55:48', '1');
INSERT INTO `sys_user_role` VALUES ('63', '10036', '12', '2024-05-24 10:45:18', '2024-05-24 10:45:18', '1');
INSERT INTO `sys_user_role` VALUES ('64', '10033', '10', '2024-05-24 13:57:48', '2024-05-24 13:57:48', '1');
INSERT INTO `sys_user_role` VALUES ('65', '10040', '1', '2024-02-21 22:22:56', '2024-02-21 22:22:56', '1');

-- ----------------------------
-- Table structure for wflow_ext_instance
-- ----------------------------
DROP TABLE IF EXISTS `wflow_ext_instance`;
CREATE TABLE `wflow_ext_instance`  (
  `id` varchar(32) CHARACTER SET utf8mb4 COLLATE utf8mb4_0900_ai_ci NOT NULL COMMENT 'flowlong实例ID',
  `tenant_id` varchar(32) CHARACTER SET utf8mb4 COLLATE utf8mb4_0900_ai_ci NULL DEFAULT NULL COMMENT '租户ID',
  `template_id` varchar(32) CHARACTER SET utf8mb4 COLLATE utf8mb4_0900_ai_ci NULL DEFAULT NULL COMMENT '流程模版id',
  `process_id` varchar(32) CHARACTER SET utf8mb4 COLLATE utf8mb4_0900_ai_ci NULL DEFAULT NULL COMMENT 'flowlong流程id',
  `process_version` int NULL DEFAULT NULL COMMENT 'flowlong流程版本',
  PRIMARY KEY (`id`) USING BTREE
) ENGINE = InnoDB CHARACTER SET = utf8mb4 COLLATE = utf8mb4_0900_ai_ci COMMENT = '流程实例扩展数据' ROW_FORMAT = DYNAMIC;

-- ----------------------------
-- Records of wflow_ext_instance
-- ----------------------------
INSERT INTO `wflow_ext_instance` VALUES ('1937099900458360834', '1', '1937099843159973889', '1937099843088670722', 1);
INSERT INTO `wflow_ext_instance` VALUES ('1937322115892240386', '1', '1937099843159973889', '1937099843088670722', 1);
INSERT INTO `wflow_ext_instance` VALUES ('1937323981887758338', '1', '1937099843159973889', '1937099843088670722', 1);
INSERT INTO `wflow_ext_instance` VALUES ('1937328410523246593', '1', '1937328316503728129', '1937328316436619265', 1);
INSERT INTO `wflow_ext_instance` VALUES ('1937337119773204482', '1', '1937099843159973889', '1937099843088670722', 1);
INSERT INTO `wflow_ext_instance` VALUES ('1937340144197738497', '1', '1937340054053756931', '1937339662800691201', 2);
INSERT INTO `wflow_ext_instance` VALUES ('1937340712228134913', '1', '1937340054053756931', '1937339662800691201', 2);
INSERT INTO `wflow_ext_instance` VALUES ('1937392902825254913', '1', '1937392854003556354', '1937392853718343682', 1);
INSERT INTO `wflow_ext_instance` VALUES ('1937435848714907649', '1', '1937432321988915202', '1937432321926000641', 1);
INSERT INTO `wflow_ext_instance` VALUES ('1937690140994662401', '1', '1937685776372490242', '1937685776246661122', 3);
INSERT INTO `wflow_ext_instance` VALUES ('1937692767237152770', '1', '1937692423904010241', '1937692423836901377', 1);
INSERT INTO `wflow_ext_instance` VALUES ('1937755697328640002', '1', '1937750584878825473', '1937750584635555842', 2);
INSERT INTO `wflow_ext_instance` VALUES ('1937757372881784833', '1', '1937750584878825473', '1937750584635555842', 2);
INSERT INTO `wflow_ext_instance` VALUES ('1937770308987748354', '1', '1937750584878825473', '1937750584635555842', 2);
INSERT INTO `wflow_ext_instance` VALUES ('1937771016306786306', '1', '1937750584878825473', '1937750584635555842', 2);
INSERT INTO `wflow_ext_instance` VALUES ('1937801845053562881', '1', '1937801779265904642', '1937801779081355265', 1);
INSERT INTO `wflow_ext_instance` VALUES ('1937803623874576385', '1', '1937803585651884035', '1937803585651884034', 2);
INSERT INTO `wflow_ext_instance` VALUES ('1938071853298085890', '1', '1937432321988915202', '1937432321926000641', 1);
INSERT INTO `wflow_ext_instance` VALUES ('1938073993240371201', '1', '1937750584878825473', '1937750584635555842', 2);
INSERT INTO `wflow_ext_instance` VALUES ('1938200097225633793', '1', '1938198773440376833', '1938198773385850882', 1);
INSERT INTO `wflow_ext_instance` VALUES ('1938412446083616769', '1', '1938198773440376833', '1938198773385850882', 1);
INSERT INTO `wflow_ext_instance` VALUES ('1938490018926563330', '1', '1938489964929093633', '1938489964895539201', 2);
INSERT INTO `wflow_ext_instance` VALUES ('1938492139470196738', '1', '1938492011023831041', '1938492010960916481', 2);
INSERT INTO `wflow_ext_instance` VALUES ('1938530984232394754', '1', '1937691461772615681', '1937691461722284033', 4);
INSERT INTO `wflow_ext_instance` VALUES ('1938532566663602177', '1', '1938489964929093633', '1938489964895539201', 2);
INSERT INTO `wflow_ext_instance` VALUES ('1939603875996803074', '1', '1939603840248750081', '1939603839988703234', 1);
INSERT INTO `wflow_ext_instance` VALUES ('1939604888564703234', '1', '1939604855563919362', '1939604855496810497', 1);
INSERT INTO `wflow_ext_instance` VALUES ('1939605374403518466', '1', '1939604855563919362', '1939604855496810497', 1);
INSERT INTO `wflow_ext_instance` VALUES ('1939871644201914369', '1', '1939871570524770306', '1939871570499604481', 2);
INSERT INTO `wflow_ext_instance` VALUES ('1939884528495685634', '1', '1939884398677782530', '1939884398623256578', 1);
INSERT INTO `wflow_ext_instance` VALUES ('1939885051311484929', '1', '1939884398677782530', '1939884398623256578', 1);
INSERT INTO `wflow_ext_instance` VALUES ('1939890177124245505', '1', '1939884398677782530', '1939884398623256578', 1);
INSERT INTO `wflow_ext_instance` VALUES ('1939895048103698434', '1', '1939894983813406722', '1939894983750492162', 2);
INSERT INTO `wflow_ext_instance` VALUES ('1939924022385090561', '1', '1939923855275630594', '1939923855212716034', 1);
INSERT INTO `wflow_ext_instance` VALUES ('1939927925474369538', '1', '1939927885850779649', '1939927885783670786', 1);
INSERT INTO `wflow_ext_instance` VALUES ('1939929350795337730', '1', '1939929305622683650', '1939929305622683649', 2);
INSERT INTO `wflow_ext_instance` VALUES ('1939952201321586689', '1', '1939923574966099970', '1939923574836076546', 3);
INSERT INTO `wflow_ext_instance` VALUES ('1939990917930983425', '1', '1939575900748292098', '1939575900618268674', 3);
INSERT INTO `wflow_ext_instance` VALUES ('1939993818078289921', '1', '1939575900748292098', '1939575900618268674', 3);
INSERT INTO `wflow_ext_instance` VALUES ('1939995399393812481', '1', '1939575900748292098', '1939575900618268674', 3);
INSERT INTO `wflow_ext_instance` VALUES ('1940223617845661697', '1', '1939575900748292098', '1939575900618268674', 3);
INSERT INTO `wflow_ext_instance` VALUES ('1940223999946756097', '1', '1939923855275630594', '1939923855212716034', 1);
INSERT INTO `wflow_ext_instance` VALUES ('1940225600040095746', '1', '1940225571166507010', '1940225571124563970', 1);
INSERT INTO `wflow_ext_instance` VALUES ('1940226223984758786', '1', '1940226196717588482', '1940226196654673921', 2);
INSERT INTO `wflow_ext_instance` VALUES ('1940227672856829954', '1', '1939575900748292098', '1939575900618268674', 3);
INSERT INTO `wflow_ext_instance` VALUES ('1940228222482518017', '1', '1939575900748292098', '1939575900618268674', 3);
INSERT INTO `wflow_ext_instance` VALUES ('1940231029705138177', '1', '1940226196717588482', '1940226196654673921', 2);
INSERT INTO `wflow_ext_instance` VALUES ('1940232920191115266', '1', '1939575900748292098', '1939575900618268674', 3);
INSERT INTO `wflow_ext_instance` VALUES ('1940233202320973825', '1', '1940233167579553793', '1940233167516639233', 4);

-- ----------------------------
-- Table structure for wflow_instance_action_record
-- ----------------------------
DROP TABLE IF EXISTS `wflow_instance_action_record`;
CREATE TABLE `wflow_instance_action_record`  (
  `id` varchar(32) CHARACTER SET utf8mb4 COLLATE utf8mb4_0900_ai_ci NOT NULL COMMENT 'ID',
  `instance_id` varchar(32) CHARACTER SET utf8mb4 COLLATE utf8mb4_0900_ai_ci NOT NULL COMMENT '流程实例id',
  `comment` varchar(255) CHARACTER SET utf8mb4 COLLATE utf8mb4_0900_ai_ci NULL DEFAULT NULL COMMENT '评论',
  `attachments` json NULL COMMENT '附件',
  `create_time` datetime NULL DEFAULT NULL COMMENT '创建时间',
  `robot` tinyint(1) NULL DEFAULT NULL COMMENT '抄送或者自动审批的话为true',
  `auditor_id` varchar(32) CHARACTER SET utf8mb4 COLLATE utf8mb4_0900_ai_ci NULL DEFAULT NULL COMMENT '审批办理人id',
  `action_type` tinyint NULL DEFAULT NULL COMMENT '动作类型',
  `user_ids` json NULL COMMENT '用户的ids,例如抄送的人可以放进来',
  `assignee_id` varchar(32) CHARACTER SET utf8mb4 COLLATE utf8mb4_0900_ai_ci NULL DEFAULT NULL COMMENT '分配人ID，例如加签给谁，减签给谁，转交给谁ID',
  `node_id` varchar(32) CHARACTER SET utf8mb4 COLLATE utf8mb4_0900_ai_ci NULL DEFAULT NULL COMMENT 'flowlong中的nodeName,例如加签、减签、转交给谁，将当前节点记录一下',
  `tenant_id` varchar(32) CHARACTER SET utf8mb4 COLLATE utf8mb4_0900_ai_ci NULL DEFAULT NULL COMMENT '租户id',
  PRIMARY KEY (`id`) USING BTREE
) ENGINE = InnoDB CHARACTER SET = utf8mb4 COLLATE = utf8mb4_0900_ai_ci COMMENT = '流程动作记录' ROW_FORMAT = DYNAMIC;

-- ----------------------------
-- Records of wflow_instance_action_record
-- ----------------------------
INSERT INTO `wflow_instance_action_record` VALUES ('1937099900793905154', '1937099900458360834', NULL, NULL, '2025-06-23 18:46:21', NULL, '10003', 0, NULL, NULL, NULL, '1');
INSERT INTO `wflow_instance_action_record` VALUES ('1937322116018069508', '1937322115892240386', NULL, NULL, '2025-06-24 09:29:21', NULL, '10003', 0, NULL, NULL, NULL, '1');
INSERT INTO `wflow_instance_action_record` VALUES ('1937323988271489025', '1937323981887758338', NULL, NULL, '2025-06-24 09:36:47', NULL, '10033', 0, NULL, NULL, NULL, '1');
INSERT INTO `wflow_instance_action_record` VALUES ('1937328410711990273', '1937328410523246593', NULL, NULL, '2025-06-24 09:54:22', NULL, '10036', 0, NULL, NULL, NULL, '1');
INSERT INTO `wflow_instance_action_record` VALUES ('1937334010032332801', '1937328410523246593', '6456', '[]', '2025-06-24 10:16:37', NULL, '10037', 4, NULL, NULL, NULL, '1');
INSERT INTO `wflow_instance_action_record` VALUES ('1937337119903227908', '1937337119773204482', NULL, NULL, '2025-06-24 10:28:58', NULL, '10040', 0, NULL, NULL, NULL, '1');
INSERT INTO `wflow_instance_action_record` VALUES ('1937337409264066563', '1937337119773204482', '978979', '[]', '2025-06-24 10:30:07', NULL, '10036', 4, NULL, NULL, NULL, '1');
INSERT INTO `wflow_instance_action_record` VALUES ('1937337648062570497', '1937337119773204482', '测试评论', '[]', '2025-06-24 10:31:04', NULL, '10037', 14, NULL, NULL, NULL, '1');
INSERT INTO `wflow_instance_action_record` VALUES ('1937337937364688897', '1937337119773204482', '测试审批', '[]', '2025-06-24 10:32:13', NULL, '10037', 4, NULL, NULL, NULL, '1');
INSERT INTO `wflow_instance_action_record` VALUES ('1937340144327761923', '1937340144197738497', NULL, NULL, '2025-06-24 10:40:59', NULL, '10040', 0, NULL, NULL, NULL, '1');
INSERT INTO `wflow_instance_action_record` VALUES ('1937340282764959746', '1937340144197738497', '同意', '[]', '2025-06-24 10:41:32', NULL, '10036', 3, NULL, NULL, NULL, '1');
INSERT INTO `wflow_instance_action_record` VALUES ('1937340712353964036', '1937340712228134913', NULL, NULL, '2025-06-24 10:43:15', NULL, '10040', 0, NULL, NULL, NULL, '1');
INSERT INTO `wflow_instance_action_record` VALUES ('1937340874224738305', '1937340712228134913', '测试审批同意', '[]', '2025-06-24 10:43:53', NULL, '10037', 4, NULL, NULL, NULL, '1');
INSERT INTO `wflow_instance_action_record` VALUES ('1937392903148216321', '1937392902825254913', NULL, NULL, '2025-06-24 14:10:43', 1, NULL, 12, '[\"10037\"]', NULL, NULL, '1');
INSERT INTO `wflow_instance_action_record` VALUES ('1937392903274045442', '1937392902825254913', NULL, NULL, '2025-06-24 14:10:38', NULL, '10003', 0, NULL, NULL, NULL, '1');
INSERT INTO `wflow_instance_action_record` VALUES ('1937435849096589313', '1937435848714907649', NULL, NULL, '2025-06-24 17:01:17', NULL, '10003', 0, NULL, NULL, NULL, '1');
INSERT INTO `wflow_instance_action_record` VALUES ('1937465182678937603', '1937435848714907649', '243', '[]', '2025-06-24 18:57:51', NULL, '10037', 4, NULL, NULL, NULL, '1');
INSERT INTO `wflow_instance_action_record` VALUES ('1937465363566686209', '1937435848714907649', '统一', '[]', '2025-06-24 18:58:34', NULL, '10040', 4, NULL, NULL, NULL, '1');
INSERT INTO `wflow_instance_action_record` VALUES ('1937465815742001153', '1937435848714907649', '7567567', '[]', '2025-06-24 19:00:22', NULL, '10040', 14, NULL, NULL, NULL, '1');
INSERT INTO `wflow_instance_action_record` VALUES ('1937465840710692865', '1937435848714907649', '456456', '[]', '2025-06-24 19:00:27', NULL, '10040', 14, NULL, NULL, NULL, '1');
INSERT INTO `wflow_instance_action_record` VALUES ('1937690141657362434', '1937690140994662401', NULL, NULL, '2025-06-25 09:51:45', NULL, '10003', 0, NULL, NULL, NULL, '1');
INSERT INTO `wflow_instance_action_record` VALUES ('1937690548760702978', '1937690140994662401', '测试评论', '[]', '2025-06-25 09:53:22', NULL, '10037', 14, NULL, NULL, NULL, '1');
INSERT INTO `wflow_instance_action_record` VALUES ('1937690670064168961', '1937690140994662401', '测试条件分支通过', '[]', '2025-06-25 09:53:51', NULL, '10037', 4, NULL, NULL, NULL, '1');
INSERT INTO `wflow_instance_action_record` VALUES ('1937692767484616707', '1937692767237152770', NULL, NULL, '2025-06-25 10:02:11', NULL, '10037', 0, NULL, NULL, NULL, '1');
INSERT INTO `wflow_instance_action_record` VALUES ('1937693075409444867', '1937692767237152770', NULL, NULL, '2025-06-25 10:03:29', 1, NULL, 12, '[\"10040\"]', NULL, NULL, '1');
INSERT INTO `wflow_instance_action_record` VALUES ('1937693075535273986', '1937692767237152770', '43545', '[]', '2025-06-25 10:03:24', NULL, '10036', 4, NULL, NULL, NULL, '1');
INSERT INTO `wflow_instance_action_record` VALUES ('1937755697756459010', '1937755697328640002', NULL, NULL, '2025-06-25 14:12:15', NULL, '10037', 0, NULL, NULL, NULL, '1');
INSERT INTO `wflow_instance_action_record` VALUES ('1937757373204746242', '1937757372881784833', NULL, NULL, '2025-06-25 14:18:54', NULL, '10003', 0, NULL, NULL, NULL, '1');
INSERT INTO `wflow_instance_action_record` VALUES ('1937770238389223425', '1937755697328640002', '867', '[]', '2025-06-25 15:10:02', NULL, '10037', 5, NULL, NULL, 'flk_197997386375', '1');
INSERT INTO `wflow_instance_action_record` VALUES ('1937770309373624322', '1937770308987748354', NULL, NULL, '2025-06-25 15:10:18', NULL, '10003', 0, NULL, NULL, NULL, '1');
INSERT INTO `wflow_instance_action_record` VALUES ('1937771075408723969', '1937771016306786306', NULL, NULL, '2025-06-25 15:13:21', NULL, '10003', 0, NULL, NULL, NULL, '1');
INSERT INTO `wflow_instance_action_record` VALUES ('1937801845758205955', '1937801845053562881', NULL, NULL, '2025-06-25 17:15:37', NULL, '10003', 0, NULL, NULL, NULL, '1');
INSERT INTO `wflow_instance_action_record` VALUES ('1937802153955663875', '1937801845053562881', '4234', '[]', '2025-06-25 17:16:51', NULL, '10036', 4, NULL, NULL, NULL, '1');
INSERT INTO `wflow_instance_action_record` VALUES ('1937803624197537794', '1937803623874576385', NULL, NULL, '2025-06-25 17:22:41', NULL, '10003', 0, NULL, NULL, NULL, '1');
INSERT INTO `wflow_instance_action_record` VALUES ('1937804829506289666', '1937803623874576385', '2434', '[]', '2025-06-25 17:27:29', NULL, '10037', 4, NULL, NULL, NULL, '1');
INSERT INTO `wflow_instance_action_record` VALUES ('1938057527283625985', '1937801845053562881', '6456', '[]', '2025-06-26 10:11:37', NULL, '10040', 4, NULL, NULL, NULL, '1');
INSERT INTO `wflow_instance_action_record` VALUES ('1938058181800570881', '1937771016306786306', '6456', '[]', '2025-06-26 10:14:13', NULL, '10040', 4, NULL, NULL, NULL, '1');
INSERT INTO `wflow_instance_action_record` VALUES ('1938059151305551874', '1937770308987748354', '5345345', '[]', '2025-06-26 10:18:04', NULL, '10036', 4, NULL, NULL, NULL, '1');
INSERT INTO `wflow_instance_action_record` VALUES ('1938062169166049282', '1937803623874576385', '5767', '[]', '2025-06-26 10:30:03', NULL, '10003', 5, NULL, NULL, 'flk_432641508345', '1');
INSERT INTO `wflow_instance_action_record` VALUES ('1938064754811858945', '1937757372881784833', '6456', '[]', '2025-06-26 10:40:20', NULL, '10036', 4, NULL, NULL, NULL, '1');
INSERT INTO `wflow_instance_action_record` VALUES ('1938071854329884674', '1938071853298085890', NULL, NULL, '2025-06-26 11:08:32', NULL, '10003', 0, NULL, NULL, NULL, '1');
INSERT INTO `wflow_instance_action_record` VALUES ('1938071973917880322', '1938071853298085890', '6456', '[]', '2025-06-26 11:09:01', NULL, '10037', 4, NULL, NULL, NULL, '1');
INSERT INTO `wflow_instance_action_record` VALUES ('1938072347873636354', '1938071853298085890', '7567', '[]', '2025-06-26 11:10:30', NULL, '10040', 4, NULL, NULL, NULL, '1');
INSERT INTO `wflow_instance_action_record` VALUES ('1938073993496223746', '1938073993240371201', NULL, NULL, '2025-06-26 11:17:02', NULL, '10003', 0, NULL, NULL, NULL, '1');
INSERT INTO `wflow_instance_action_record` VALUES ('1938074090577584130', '1938073993240371201', '74567', '[]', '2025-06-26 11:17:26', NULL, '10036', 3, NULL, NULL, NULL, '1');
INSERT INTO `wflow_instance_action_record` VALUES ('1938200097544400897', '1938200097225633793', NULL, NULL, '2025-06-26 19:38:08', NULL, '10003', 0, NULL, NULL, NULL, '1');
INSERT INTO `wflow_instance_action_record` VALUES ('1938412240692744194', '1938200097225633793', '4234', '[]', '2025-06-27 09:41:07', NULL, '10036', 4, NULL, NULL, NULL, '1');
INSERT INTO `wflow_instance_action_record` VALUES ('1938412446284943362', '1938412446083616769', NULL, NULL, '2025-06-27 09:41:56', NULL, '10003', 0, NULL, NULL, NULL, '1');
INSERT INTO `wflow_instance_action_record` VALUES ('1938412487087132673', '1938412446083616769', '7567', '[]', '2025-06-27 09:42:06', NULL, '10036', 4, NULL, NULL, NULL, '1');
INSERT INTO `wflow_instance_action_record` VALUES ('1938490019643789313', '1938490018926563330', NULL, NULL, '2025-06-27 14:50:11', NULL, '10003', 0, NULL, NULL, NULL, '1');
INSERT INTO `wflow_instance_action_record` VALUES ('1938490455327117316', '1938490018926563330', '234', '[]', '2025-06-27 14:51:55', NULL, '10037', 4, NULL, NULL, NULL, '1');
INSERT INTO `wflow_instance_action_record` VALUES ('1938491249799598082', '1938490018926563330', '5345', '[]', '2025-06-27 14:55:04', NULL, '10040', 4, NULL, NULL, NULL, '1');
INSERT INTO `wflow_instance_action_record` VALUES ('1938492139604414468', '1938492139470196738', NULL, NULL, '2025-06-27 14:58:36', NULL, '10003', 0, NULL, NULL, NULL, '1');
INSERT INTO `wflow_instance_action_record` VALUES ('1938492283183828994', '1938492139470196738', NULL, NULL, '2025-06-27 14:59:15', 1, NULL, 12, '[\"10003\"]', NULL, NULL, '1');
INSERT INTO `wflow_instance_action_record` VALUES ('1938492283246743553', '1938492139470196738', '345', '[]', '2025-06-27 14:59:10', NULL, '10037', 4, NULL, NULL, NULL, '1');
INSERT INTO `wflow_instance_action_record` VALUES ('1938530984869928962', '1938530984232394754', NULL, NULL, '2025-06-27 17:32:58', NULL, '10003', 0, NULL, NULL, NULL, '1');
INSERT INTO `wflow_instance_action_record` VALUES ('1938531660056403969', '1938530984232394754', '234', '[]', '2025-06-27 17:35:39', NULL, '10040', 4, NULL, NULL, NULL, '1');
INSERT INTO `wflow_instance_action_record` VALUES ('1938532566793625604', '1938532566663602177', NULL, NULL, '2025-06-27 17:39:15', NULL, '10003', 0, NULL, NULL, NULL, '1');
INSERT INTO `wflow_instance_action_record` VALUES ('1939603876571422723', '1939603875996803074', NULL, NULL, '2025-06-30 16:36:15', NULL, '10003', 0, NULL, NULL, NULL, '1');
INSERT INTO `wflow_instance_action_record` VALUES ('1939604457658687490', '1939603875996803074', '4234', '[]', '2025-06-30 16:38:33', NULL, '10040', 4, NULL, NULL, NULL, '1');
INSERT INTO `wflow_instance_action_record` VALUES ('1939604888870887428', '1939604888564703234', NULL, NULL, '2025-06-30 16:40:16', NULL, '10003', 0, NULL, NULL, NULL, '1');
INSERT INTO `wflow_instance_action_record` VALUES ('1939604951068221441', '1939604888564703234', '6456', '[]', '2025-06-30 16:40:31', NULL, '10036', 4, NULL, NULL, NULL, '1');
INSERT INTO `wflow_instance_action_record` VALUES ('1939605080789655554', '1939604888564703234', '8678', '[]', '2025-06-30 16:41:02', NULL, '10037', 4, NULL, NULL, NULL, '1');
INSERT INTO `wflow_instance_action_record` VALUES ('1939605287963107329', '1939604888564703234', '7567', '[]', '2025-06-30 16:41:51', NULL, '10040', 4, NULL, NULL, NULL, '1');
INSERT INTO `wflow_instance_action_record` VALUES ('1939605374596456453', '1939605374403518466', NULL, NULL, '2025-06-30 16:42:12', NULL, '10003', 0, NULL, NULL, NULL, '1');
INSERT INTO `wflow_instance_action_record` VALUES ('1939605419987214337', '1939605374403518466', '8678', '[]', '2025-06-30 16:42:23', NULL, '10036', 4, NULL, NULL, NULL, '1');
INSERT INTO `wflow_instance_action_record` VALUES ('1939605457857585153', '1939605374403518466', '8678', '[]', '2025-06-30 16:42:32', NULL, '10037', 3, NULL, NULL, NULL, '1');
INSERT INTO `wflow_instance_action_record` VALUES ('1939609155379830786', '1938412446083616769', '4234', '[]', '2025-06-30 16:57:14', NULL, '10003', 14, NULL, NULL, NULL, '1');
INSERT INTO `wflow_instance_action_record` VALUES ('1939871644583596035', '1939871644201914369', NULL, NULL, '2025-07-01 10:20:16', NULL, '10003', 0, NULL, NULL, NULL, '1');
INSERT INTO `wflow_instance_action_record` VALUES ('1939884528755732484', '1939884528495685634', NULL, NULL, '2025-07-01 11:11:28', NULL, '10003', 0, NULL, NULL, NULL, '1');
INSERT INTO `wflow_instance_action_record` VALUES ('1939884666370846721', '1939884528495685634', '5345', '[]', '2025-07-01 11:12:00', NULL, '10036', 3, NULL, NULL, NULL, '1');
INSERT INTO `wflow_instance_action_record` VALUES ('1939884936110731265', '1939884528495685634', '345', '[]', '2025-07-01 11:13:05', NULL, '10003', 5, NULL, NULL, 'flk_394012065005', '1');
INSERT INTO `wflow_instance_action_record` VALUES ('1939885051433119748', '1939885051311484929', NULL, NULL, '2025-07-01 11:13:32', NULL, '10003', 0, NULL, NULL, NULL, '1');
INSERT INTO `wflow_instance_action_record` VALUES ('1939885096177954818', '1939885051311484929', '45646', '[]', '2025-07-01 11:13:43', NULL, '10036', 4, NULL, NULL, NULL, '1');
INSERT INTO `wflow_instance_action_record` VALUES ('1939885339887988737', '1939885051311484929', '驳回到上一级', '[]', '2025-07-01 11:14:41', NULL, '10037', 3, NULL, NULL, NULL, '1');
INSERT INTO `wflow_instance_action_record` VALUES ('1939885643664650244', '1939885051311484929', '5345', '[]', '2025-07-01 11:15:53', NULL, '10036', 4, NULL, NULL, NULL, '1');
INSERT INTO `wflow_instance_action_record` VALUES ('1939885729836625921', '1939885051311484929', '同意', '[]', '2025-07-01 11:16:14', NULL, '10037', 4, NULL, NULL, NULL, '1');
INSERT INTO `wflow_instance_action_record` VALUES ('1939890177438818306', '1939890177124245505', NULL, NULL, '2025-07-01 11:33:54', NULL, '10003', 0, NULL, NULL, NULL, '1');
INSERT INTO `wflow_instance_action_record` VALUES ('1939890216756224002', '1939890177124245505', '23424', '[]', '2025-07-01 11:34:04', NULL, '10036', 3, NULL, NULL, NULL, '1');
INSERT INTO `wflow_instance_action_record` VALUES ('1939894670737973250', '1939890177124245505', '再次驳回', '[]', '2025-07-01 11:51:46', NULL, '10036', 3, NULL, NULL, NULL, '1');
INSERT INTO `wflow_instance_action_record` VALUES ('1939894887096950786', '1939890177124245505', '不玩了', '[]', '2025-07-01 11:52:37', NULL, '10003', 5, NULL, NULL, 'flk_394012065005', '1');
INSERT INTO `wflow_instance_action_record` VALUES ('1939895048229527556', '1939895048103698434', NULL, NULL, '2025-07-01 11:53:16', NULL, '10003', 0, NULL, NULL, NULL, '1');
INSERT INTO `wflow_instance_action_record` VALUES ('1939896817890271234', '1939895048103698434', '567', '[]', '2025-07-01 12:00:18', NULL, '10036', 3, NULL, NULL, NULL, '1');
INSERT INTO `wflow_instance_action_record` VALUES ('1939897405151551489', '1939895048103698434', '不同意', '[]', '2025-07-01 12:02:38', NULL, '10036', 3, NULL, NULL, NULL, '1');
INSERT INTO `wflow_instance_action_record` VALUES ('1939897787005181954', '1939895048103698434', '还是不同意', '[]', '2025-07-01 12:04:09', NULL, '10036', 3, NULL, NULL, NULL, '1');
INSERT INTO `wflow_instance_action_record` VALUES ('1939899619337216004', '1939895048103698434', '同意', '[]', '2025-07-01 12:11:26', NULL, '10036', 4, NULL, NULL, NULL, '1');
INSERT INTO `wflow_instance_action_record` VALUES ('1939921726838317058', '1939895048103698434', '驳回到上一级', '[]', '2025-07-01 13:39:16', NULL, '10037', 3, NULL, NULL, NULL, '1');
INSERT INTO `wflow_instance_action_record` VALUES ('1939921956715536387', '1939895048103698434', '通过111', '[]', '2025-07-01 13:40:11', NULL, '10036', 4, NULL, NULL, NULL, '1');
INSERT INTO `wflow_instance_action_record` VALUES ('1939922023035871233', '1939895048103698434', '6456', '[]', '2025-07-01 13:40:27', NULL, '10037', 4, NULL, NULL, NULL, '1');
INSERT INTO `wflow_instance_action_record` VALUES ('1939924022842269697', '1939924022385090561', NULL, NULL, '2025-07-01 13:48:24', NULL, '10003', 0, NULL, NULL, NULL, '1');
INSERT INTO `wflow_instance_action_record` VALUES ('1939924113766391809', '1939924022385090561', '6456', '[]', '2025-07-01 13:48:45', NULL, '10036', 3, NULL, NULL, NULL, '1');
INSERT INTO `wflow_instance_action_record` VALUES ('1939924401097187332', '1939924022385090561', '同意进入下一级', '[]', '2025-07-01 13:49:54', NULL, '10036', 4, NULL, NULL, NULL, '1');
INSERT INTO `wflow_instance_action_record` VALUES ('1939924478897332225', '1939924022385090561', '测试驳回到发起人', '[]', '2025-07-01 13:50:12', NULL, '10037', 3, NULL, NULL, NULL, '1');
INSERT INTO `wflow_instance_action_record` VALUES ('1939927527313285123', '1939924022385090561', '同意', '[]', '2025-07-01 14:02:19', NULL, '10036', 4, NULL, NULL, NULL, '1');
INSERT INTO `wflow_instance_action_record` VALUES ('1939927581252034561', '1939924022385090561', '同意', '[]', '2025-07-01 14:02:32', NULL, '10037', 4, NULL, NULL, NULL, '1');
INSERT INTO `wflow_instance_action_record` VALUES ('1939927925612781570', '1939927925474369538', NULL, NULL, '2025-07-01 14:03:54', NULL, '10003', 0, NULL, NULL, NULL, '1');
INSERT INTO `wflow_instance_action_record` VALUES ('1939927985054457857', '1939927925474369538', '6456', '[]', '2025-07-01 14:04:08', NULL, '10036', 3, NULL, NULL, NULL, '1');
INSERT INTO `wflow_instance_action_record` VALUES ('1939929350984081411', '1939929350795337730', NULL, NULL, '2025-07-01 14:09:34', NULL, '10003', 0, NULL, NULL, NULL, '1');
INSERT INTO `wflow_instance_action_record` VALUES ('1939929524313694209', '1939929350795337730', '678', '[]', '2025-07-01 14:10:15', NULL, '10037', 4, NULL, NULL, NULL, '1');
INSERT INTO `wflow_instance_action_record` VALUES ('1939952201892012035', '1939952201321586689', NULL, NULL, '2025-07-01 15:40:22', NULL, '10003', 0, NULL, NULL, NULL, '1');
INSERT INTO `wflow_instance_action_record` VALUES ('1939952268648554498', '1939952201321586689', '驳回', '[]', '2025-07-01 15:40:38', NULL, '10036', 3, NULL, NULL, NULL, '1');
INSERT INTO `wflow_instance_action_record` VALUES ('1939990918438494212', '1939990917930983425', NULL, NULL, '2025-07-01 18:14:13', NULL, '10003', 0, NULL, NULL, NULL, '1');
INSERT INTO `wflow_instance_action_record` VALUES ('1939991277437362177', '1939990917930983425', '545', '[]', '2025-07-01 18:15:39', NULL, '10036', 4, NULL, NULL, NULL, '1');
INSERT INTO `wflow_instance_action_record` VALUES ('1939993818329948164', '1939993818078289921', NULL, NULL, '2025-07-01 18:25:44', NULL, '10003', 0, NULL, NULL, NULL, '1');
INSERT INTO `wflow_instance_action_record` VALUES ('1939993903365267457', '1939993818078289921', '5677', '[]', '2025-07-01 18:26:05', NULL, '10040', 4, NULL, NULL, NULL, '1');
INSERT INTO `wflow_instance_action_record` VALUES ('1939995399628693506', '1939995399393812481', NULL, NULL, '2025-07-01 18:32:01', NULL, '10003', 0, NULL, NULL, NULL, '1');
INSERT INTO `wflow_instance_action_record` VALUES ('1939995794249785345', '1939995399393812481', '456', '[]', '2025-07-01 18:33:35', NULL, '10037', 3, NULL, NULL, NULL, '1');
INSERT INTO `wflow_instance_action_record` VALUES ('1940223618164428804', '1940223617845661697', NULL, NULL, '2025-07-02 09:38:53', NULL, '10003', 0, NULL, NULL, NULL, '1');
INSERT INTO `wflow_instance_action_record` VALUES ('1940223686384783361', '1940223617845661697', '456', '[]', '2025-07-02 09:39:09', NULL, '10036', 3, NULL, NULL, NULL, '1');
INSERT INTO `wflow_instance_action_record` VALUES ('1940224000076779522', '1940223999946756097', NULL, NULL, '2025-07-02 09:40:24', NULL, '10003', 0, NULL, NULL, NULL, '1');
INSERT INTO `wflow_instance_action_record` VALUES ('1940224087670624257', '1940223999946756097', '7567', '[]', '2025-07-02 09:40:45', NULL, '10036', 3, NULL, NULL, NULL, '1');
INSERT INTO `wflow_instance_action_record` VALUES ('1940224209359966209', '1939871644201914369', '7567', '[]', '2025-07-02 09:41:14', NULL, '10037', 3, NULL, NULL, NULL, '1');
INSERT INTO `wflow_instance_action_record` VALUES ('1940224282986778626', '1938532566663602177', '7567', '[]', '2025-07-02 09:41:31', NULL, '10037', 3, NULL, NULL, NULL, '1');
INSERT INTO `wflow_instance_action_record` VALUES ('1940225600287559684', '1940225600040095746', NULL, NULL, '2025-07-02 09:46:45', NULL, '10003', 0, NULL, NULL, NULL, '1');
INSERT INTO `wflow_instance_action_record` VALUES ('1940225996447961090', '1940225600040095746', '4655', '[]', '2025-07-02 09:48:20', NULL, '10037', 4, NULL, NULL, NULL, '1');
INSERT INTO `wflow_instance_action_record` VALUES ('1940226044783120386', '1940225600040095746', '7567', '[]', '2025-07-02 09:48:31', NULL, '10040', 3, NULL, NULL, NULL, '1');
INSERT INTO `wflow_instance_action_record` VALUES ('1940226224186085379', '1940226223984758786', NULL, NULL, '2025-07-02 09:49:14', NULL, '10003', 0, NULL, NULL, NULL, '1');
INSERT INTO `wflow_instance_action_record` VALUES ('1940226256641609732', '1940226223984758786', '8657', '[]', '2025-07-02 09:49:22', NULL, '10037', 4, NULL, NULL, NULL, '1');
INSERT INTO `wflow_instance_action_record` VALUES ('1940226303999496194', '1940226223984758786', '8567', '[]', '2025-07-02 09:49:33', NULL, '10040', 3, NULL, NULL, NULL, '1');
INSERT INTO `wflow_instance_action_record` VALUES ('1940227673083322372', '1940227672856829954', NULL, NULL, '2025-07-02 09:55:00', NULL, '10003', 0, NULL, NULL, NULL, '1');
INSERT INTO `wflow_instance_action_record` VALUES ('1940227827349823489', '1940227672856829954', '645', '[]', '2025-07-02 09:55:36', NULL, '10037', 3, NULL, NULL, NULL, '1');
INSERT INTO `wflow_instance_action_record` VALUES ('1940228222700621827', '1940228222482518017', NULL, NULL, '2025-07-02 09:57:11', NULL, '10003', 0, NULL, NULL, NULL, '1');
INSERT INTO `wflow_instance_action_record` VALUES ('1940228354984775682', '1940228222482518017', '567', '[]', '2025-07-02 09:57:42', NULL, '10037', 4, NULL, NULL, NULL, '1');
INSERT INTO `wflow_instance_action_record` VALUES ('1940231030019710979', '1940231029705138177', NULL, NULL, '2025-07-02 10:08:20', NULL, '10003', 0, NULL, NULL, NULL, '1');
INSERT INTO `wflow_instance_action_record` VALUES ('1940231067365793794', '1940231029705138177', '7567', '[]', '2025-07-02 10:08:29', NULL, '10037', 4, NULL, NULL, NULL, '1');
INSERT INTO `wflow_instance_action_record` VALUES ('1940231107253624833', '1940231029705138177', '6456', '[]', '2025-07-02 10:08:38', NULL, '10040', 3, NULL, NULL, NULL, '1');
INSERT INTO `wflow_instance_action_record` VALUES ('1940231361168400388', '1940231029705138177', '6456', '[]', '2025-07-02 10:09:39', NULL, '10037', 4, NULL, NULL, NULL, '1');
INSERT INTO `wflow_instance_action_record` VALUES ('1940231686201794562', '1940231029705138177', '7867', '[]', '2025-07-02 10:10:56', NULL, '10040', 4, NULL, NULL, NULL, '1');
INSERT INTO `wflow_instance_action_record` VALUES ('1940232920472133634', '1940232920191115266', NULL, NULL, '2025-07-02 10:15:51', NULL, '10003', 0, NULL, NULL, NULL, '1');
INSERT INTO `wflow_instance_action_record` VALUES ('1940233053041500162', '1940232920191115266', '354', '[]', '2025-07-02 10:16:22', NULL, '10037', 3, NULL, NULL, NULL, '1');
INSERT INTO `wflow_instance_action_record` VALUES ('1940233202450997252', '1940233202320973825', NULL, NULL, '2025-07-02 10:16:58', NULL, '10003', 0, NULL, NULL, NULL, '1');
INSERT INTO `wflow_instance_action_record` VALUES ('1940233235988652033', '1940233202320973825', '5345', '[]', '2025-07-02 10:17:06', NULL, '10037', 3, NULL, NULL, NULL, '1');
INSERT INTO `wflow_instance_action_record` VALUES ('1940233628441288705', '1940233202320973825', '5345', '[]', '2025-07-02 10:18:39', NULL, '10036', 4, NULL, NULL, NULL, '1');
INSERT INTO `wflow_instance_action_record` VALUES ('1940260947562225666', '1940223999946756097', '6456', '[\"1940260801239736321\"]', '2025-07-02 12:07:13', NULL, '10003', 14, NULL, NULL, NULL, '1');
INSERT INTO `wflow_instance_action_record` VALUES ('1940261540569702402', '1940223999946756097', '6456', '[\"1940261430976733185\"]', '2025-07-02 12:09:34', NULL, '10003', 14, NULL, NULL, NULL, '1');
INSERT INTO `wflow_instance_action_record` VALUES ('1940263769049571330', '1940223999946756097', '测试文件上传', '[\"1940263734622724097\"]', '2025-07-02 12:18:26', NULL, '10003', 14, NULL, NULL, NULL, '1');
INSERT INTO `wflow_instance_action_record` VALUES ('1940283155009413121', '1940223999946756097', '7567', '[\"1940283135459762178\"]', '2025-07-02 13:35:28', NULL, '10036', 4, NULL, NULL, NULL, '1');
INSERT INTO `wflow_instance_action_record` VALUES ('1940283313696710657', '1940223999946756097', '5345', '[\"1940283306566393858\"]', '2025-07-02 13:36:05', NULL, '10036', 5, NULL, NULL, 'flk_488515357857', '1');
INSERT INTO `wflow_instance_action_record` VALUES ('1940300549534658562', '1940233202320973825', '6456', '[\"1940300537257930754\"]', '2025-07-02 14:44:35', NULL, '10003', 14, NULL, NULL, NULL, '1');

-- ----------------------------
-- Table structure for wflow_process_groups
-- ----------------------------
DROP TABLE IF EXISTS `wflow_process_groups`;
CREATE TABLE `wflow_process_groups`  (
  `group_id` varchar(20) CHARACTER SET utf8mb4 COLLATE utf8mb4_0900_ai_ci NOT NULL COMMENT 'id',
  `group_name` varchar(50) CHARACTER SET utf8mb4 COLLATE utf8mb4_0900_ai_ci NULL DEFAULT NULL COMMENT '组名',
  `sort_num` int NULL DEFAULT NULL COMMENT '排序号',
  `created` datetime NULL DEFAULT NULL COMMENT '创建时间',
  `updated` datetime NULL DEFAULT NULL COMMENT '更新时间',
  `tenant_id` varchar(32) CHARACTER SET utf8mb4 COLLATE utf8mb4_0900_ai_ci NULL DEFAULT NULL COMMENT '租户id',
  PRIMARY KEY (`group_id`) USING BTREE
) ENGINE = InnoDB CHARACTER SET = utf8mb4 COLLATE = utf8mb4_0900_ai_ci COMMENT = '流程分组' ROW_FORMAT = DYNAMIC;

-- ----------------------------
-- Records of wflow_process_groups
-- ----------------------------
INSERT INTO `wflow_process_groups` VALUES ('1793813591874510849', '测试分组', 1, '2024-05-24 09:17:42', '2024-05-24 09:17:42', '1');
INSERT INTO `wflow_process_groups` VALUES ('1937359036643246081', '行政11', 1, '2025-06-24 11:56:03', '2025-06-24 11:56:03', '1');
INSERT INTO `wflow_process_groups` VALUES ('1937421537816780801', '代码重构测试', 1, '2025-06-24 16:04:25', '2025-06-24 16:04:25', '1');
INSERT INTO `wflow_process_groups` VALUES ('1938145615624175618', '订单退款分组', 1, '2025-06-26 16:01:38', '2025-06-26 16:01:38', '1');
INSERT INTO `wflow_process_groups` VALUES ('1938153199068504066', '测试11', 1, '2025-06-26 16:31:46', '2025-06-26 16:31:46', '1');
INSERT INTO `wflow_process_groups` VALUES ('1938543394485870594', '456', 1, '2025-06-27 18:22:16', '2025-06-27 18:22:16', '1');

-- ----------------------------
-- Table structure for wflow_process_templates
-- ----------------------------
DROP TABLE IF EXISTS `wflow_process_templates`;
CREATE TABLE `wflow_process_templates`  (
  `template_id` varchar(50) CHARACTER SET utf8mb4 COLLATE utf8mb4_0900_ai_ci NOT NULL COMMENT '审批摸板ID',
  `template_key` varchar(32) CHARACTER SET utf8mb4 COLLATE utf8mb4_0900_ai_ci NULL DEFAULT NULL COMMENT '模版标识',
  `template_version` int NULL DEFAULT 1 COMMENT '版本，默认1',
  `template_name` varchar(50) CHARACTER SET utf8mb4 COLLATE utf8mb4_0900_ai_ci NULL DEFAULT NULL COMMENT '模版名称',
  `settings` longtext CHARACTER SET utf8mb4 COLLATE utf8mb4_0900_ai_ci NULL COMMENT '基础设置',
  `form_items` longtext CHARACTER SET utf8mb4 COLLATE utf8mb4_0900_ai_ci NULL COMMENT '模版表单',
  `process` longtext CHARACTER SET utf8mb4 COLLATE utf8mb4_0900_ai_ci NULL COMMENT '流程定义',
  `logo` text CHARACTER SET utf8mb4 COLLATE utf8mb4_0900_ai_ci NULL COMMENT '图标url',
  `notify` text CHARACTER SET utf8mb4 COLLATE utf8mb4_0900_ai_ci NULL COMMENT '通知',
  `who_commit` longtext CHARACTER SET utf8mb4 COLLATE utf8mb4_0900_ai_ci NULL COMMENT '谁能提交',
  `who_edit` longtext CHARACTER SET utf8mb4 COLLATE utf8mb4_0900_ai_ci NULL COMMENT '谁能编辑',
  `who_export` longtext CHARACTER SET utf8mb4 COLLATE utf8mb4_bin NULL COMMENT '谁能导出数据',
  `remark` varchar(200) CHARACTER SET utf8mb4 COLLATE utf8mb4_0900_ai_ci NULL DEFAULT NULL COMMENT '备注',
  `group_id` bigint NULL DEFAULT NULL COMMENT '由wflow_template_group记录',
  `status` tinyint NULL DEFAULT NULL COMMENT '0:停用;1:正常',
  `create_time` datetime NULL DEFAULT NULL COMMENT '创建时间',
  `update_time` datetime NULL DEFAULT NULL COMMENT '更新时间',
  `workflow_id` bigint NULL DEFAULT NULL COMMENT '流程id==>flw_process.id',
  `workflow_version` int NULL DEFAULT NULL COMMENT 'workflow流程版本，默认 1',
  `tenant_id` varchar(32) CHARACTER SET utf8mb4 COLLATE utf8mb4_0900_ai_ci NULL DEFAULT NULL COMMENT '租户id',
  PRIMARY KEY (`template_id`) USING BTREE
) ENGINE = InnoDB CHARACTER SET = utf8mb4 COLLATE = utf8mb4_0900_ai_ci COMMENT = '流程定义模版' ROW_FORMAT = DYNAMIC;

-- ----------------------------
-- Records of wflow_process_templates
-- ----------------------------
INSERT INTO `wflow_process_templates` VALUES ('1937088827793596418', 'ORDER', 1, '订单', '{\"sign\":false}', '[{\"title\":\"单行文本输入\",\"name\":\"TextInput\",\"icon\":\"x-icon-edit\",\"value\":\"\",\"valueType\":\"String\",\"props\":{\"required\":false,\"enablePrint\":true},\"id\":\"field7483172626689\"}]', '{\"id\":\"node_start\",\"parentId\":null,\"type\":0,\"nodeName\":\"发起人\",\"nodeKey\":\"node_start\",\"nodeAssigneeList\":[],\"childNode\":{\"id\":\"node_727363009961\",\"parentId\":\"node_start\",\"nodeKey\":\"node_727363009961\",\"type\":1,\"nodeName\":\"审批人\",\"setType\":1,\"nodeAssigneeList\":[{\"id\":\"10036\",\"name\":\"张三\",\"username\":\"zhangsan\",\"nickname\":\"张三\",\"type\":\"user\",\"avatar\":\"\",\"sex\":\"2\",\"selected\":true,\"tenantId\":\"1\"}],\"examineMode\":1,\"termAuto\":false,\"term\":5,\"termMode\":0,\"childNode\":{\"id\":\"node_728940283325\",\"parentId\":\"node_727363009961\",\"nodeKey\":\"node_728940283325\",\"type\":1,\"nodeName\":\"审批人\",\"setType\":1,\"nodeAssigneeList\":[{\"id\":\"10037\",\"name\":\"李四\",\"username\":\"lisi\",\"nickname\":\"李四\",\"type\":\"user\",\"avatar\":\"\",\"sex\":\"1\",\"selected\":true,\"tenantId\":\"1\"}],\"examineMode\":1,\"termAuto\":false,\"term\":5,\"termMode\":0,\"childNode\":{\"id\":\"node_end\",\"parentId\":\"node_728940283325\",\"type\":-1,\"nodeName\":\"结束\",\"nodeKey\":\"node_end\",\"nodeAssigneeList\":[]}}}}', NULL, NULL, NULL, NULL, NULL, '订单', 1793813591874510849, NULL, '2025-06-23 18:02:21', '2025-06-23 18:02:21', 1937088827776819201, 1, '1');
INSERT INTO `wflow_process_templates` VALUES ('1937089995588493315', 'ORDER', 2, '订单', '{\"sign\":false}', '[{\"title\":\"姓名\",\"name\":\"TextInput\",\"icon\":\"x-icon-edit\",\"value\":\"\",\"valueType\":\"String\",\"props\":{\"required\":false,\"enablePrint\":true},\"id\":\"field7483172626689\"}]', '{\"id\":\"node_start\",\"parentId\":null,\"type\":0,\"nodeName\":\"发起人\",\"nodeKey\":\"node_start\",\"nodeAssigneeList\":[],\"childNode\":{\"id\":\"node_727363009961\",\"parentId\":\"node_start\",\"nodeKey\":\"node_727363009961\",\"type\":1,\"nodeName\":\"审批人\",\"setType\":1,\"nodeAssigneeList\":[{\"id\":\"10036\",\"name\":\"张三\",\"username\":\"zhangsan\",\"nickname\":\"张三\",\"type\":\"user\",\"avatar\":\"\",\"sex\":\"2\",\"selected\":true,\"tenantId\":\"1\"}],\"examineMode\":1,\"termAuto\":false,\"term\":5,\"termMode\":0,\"childNode\":{\"id\":\"node_728940283325\",\"parentId\":\"node_727363009961\",\"nodeKey\":\"node_728940283325\",\"type\":1,\"nodeName\":\"审批人\",\"setType\":1,\"nodeAssigneeList\":[{\"id\":\"10037\",\"name\":\"李四\",\"username\":\"lisi\",\"nickname\":\"李四\",\"type\":\"user\",\"avatar\":\"\",\"sex\":\"1\",\"selected\":true,\"tenantId\":\"1\"}],\"examineMode\":1,\"termAuto\":false,\"term\":5,\"termMode\":0,\"childNode\":{\"id\":\"node_end\",\"parentId\":\"node_728940283325\",\"type\":-1,\"nodeName\":\"结束\",\"nodeKey\":\"node_end\",\"nodeAssigneeList\":[]}}}}', NULL, NULL, NULL, NULL, NULL, '订单', 1793813591874510849, NULL, '2025-06-23 18:06:59', '2025-06-23 18:06:59', 1937088827776819201, 2, '1');
INSERT INTO `wflow_process_templates` VALUES ('1937099843159973889', 'ORDER', 3, '订单', '{\"sign\":false}', '[{\"title\":\"姓名\",\"name\":\"TextInput\",\"icon\":\"x-icon-edit\",\"value\":\"\",\"valueType\":\"String\",\"props\":{\"required\":false,\"enablePrint\":true},\"id\":\"field7483172626689\"}]', '{\"id\":\"node_start\",\"parentId\":null,\"type\":0,\"nodeName\":\"发起人\",\"nodeKey\":\"node_start\",\"nodeAssigneeList\":[],\"childNode\":{\"id\":\"node_727363009961\",\"parentId\":\"node_start\",\"nodeKey\":\"node_727363009961\",\"type\":1,\"nodeName\":\"审批人1\",\"setType\":1,\"nodeAssigneeList\":[{\"id\":\"10036\",\"name\":\"张三\",\"username\":\"zhangsan\",\"nickname\":\"张三\",\"type\":\"user\",\"avatar\":\"\",\"sex\":\"2\",\"selected\":true,\"tenantId\":\"1\"}],\"examineMode\":1,\"termAuto\":false,\"term\":5,\"termMode\":0,\"childNode\":{\"id\":\"node_728940283325\",\"parentId\":\"node_727363009961\",\"nodeKey\":\"node_728940283325\",\"type\":1,\"nodeName\":\"审批人2\",\"setType\":1,\"nodeAssigneeList\":[{\"id\":\"10037\",\"name\":\"李四\",\"username\":\"lisi\",\"nickname\":\"李四\",\"type\":\"user\",\"avatar\":\"\",\"sex\":\"1\",\"selected\":true,\"tenantId\":\"1\"}],\"examineMode\":1,\"termAuto\":false,\"term\":5,\"termMode\":0,\"childNode\":{\"id\":\"node_end\",\"parentId\":\"node_728940283325\",\"type\":-1,\"nodeName\":\"结束\",\"nodeKey\":\"node_end\",\"nodeAssigneeList\":[]}}}}', NULL, NULL, NULL, NULL, NULL, '订单', 1793813591874510849, NULL, '2025-06-23 18:46:07', '2025-06-23 18:46:07', 1937099843088670722, 1, '1');
INSERT INTO `wflow_process_templates` VALUES ('1937328316503728129', 'Xe7U1N', 1, '测试-订单-20250624', '{\"sign\":false}', '[{\"title\":\"单行文本输入\",\"name\":\"TextInput\",\"icon\":\"x-icon-edit\",\"value\":\"\",\"valueType\":\"String\",\"props\":{\"required\":false,\"enablePrint\":true},\"id\":\"field9667230021065\"}]', '{\"id\":\"node_start\",\"parentId\":null,\"type\":0,\"nodeName\":\"发起人\",\"nodeKey\":\"node_start\",\"nodeAssigneeList\":[],\"childNode\":{\"id\":\"node_300238675717\",\"parentId\":\"node_start\",\"nodeKey\":\"node_300238675717\",\"type\":1,\"nodeName\":\"审批人\",\"setType\":1,\"nodeAssigneeList\":[{\"id\":\"10037\",\"name\":\"李四\",\"username\":\"lisi\",\"nickname\":\"李四\",\"type\":\"user\",\"avatar\":\"\",\"sex\":\"1\",\"selected\":true,\"tenantId\":\"1\"}],\"examineMode\":1,\"termAuto\":false,\"term\":5,\"termMode\":0,\"childNode\":{\"id\":\"node_end\",\"parentId\":\"node_300238675717\",\"type\":-1,\"nodeName\":\"结束\",\"nodeKey\":\"node_end\",\"nodeAssigneeList\":[]}}}', NULL, NULL, NULL, NULL, NULL, '', 1793813591874510849, NULL, '2025-06-24 09:53:59', '2025-06-24 09:53:59', 1937328316436619265, 1, '1');
INSERT INTO `wflow_process_templates` VALUES ('1937339662884577281', 'OInk15', 1, '测试普通条件分支-流程', '{\"sign\":false}', '[{\"title\":\"姓名\",\"name\":\"TextInput\",\"icon\":\"x-icon-edit\",\"value\":\"\",\"valueType\":\"String\",\"props\":{\"required\":true,\"enablePrint\":true},\"id\":\"field8086132477668\"},{\"title\":\"年龄\",\"name\":\"NumberInput\",\"icon\":\"x-icon-edit-outline\",\"value\":\"\",\"valueType\":\"Number\",\"props\":{\"required\":true,\"enablePrint\":true},\"id\":\"field8929432485598\"}]', '{\"id\":\"node_start\",\"parentId\":null,\"type\":0,\"nodeName\":\"发起人\",\"nodeKey\":\"node_start\",\"nodeAssigneeList\":[],\"childNode\":{\"id\":\"node_324992331281\",\"parentId\":\"node_start\",\"nodeKey\":\"node_324992331281\",\"type\":4,\"nodeName\":\"条件分支\",\"conditionNodes\":[{\"id\":\"node_324992335434\",\"parentId\":\"node_324992331281\",\"nodeName\":\"条件1\",\"nodeKey\":\"node_324992335434\",\"type\":3,\"priorityLevel\":1,\"conditionList\":[[{\"field\":\"field8086132477668\",\"label\":\"姓名\",\"operator\":\"==\",\"value\":\"张\"}]],\"childNode\":{\"id\":\"node_326979993823\",\"parentId\":\"node_324992335434\",\"nodeKey\":\"node_326979993823\",\"type\":1,\"nodeName\":\"审批人\",\"setType\":1,\"nodeAssigneeList\":[{\"id\":\"10036\",\"name\":\"张三\",\"username\":\"zhangsan\",\"nickname\":\"张三\",\"type\":\"user\",\"avatar\":\"\",\"sex\":\"2\",\"selected\":true,\"tenantId\":\"1\"}],\"examineMode\":1,\"termAuto\":false,\"term\":5,\"termMode\":0}},{\"id\":\"node_326718573280\",\"parentId\":\"node_324992331281\",\"nodeName\":\"条件2\",\"nodeKey\":\"node_326718573280\",\"priorityLevel\":2,\"conditionList\":[[{\"field\":\"field8086132477668\",\"label\":\"姓名\",\"operator\":\"==\",\"value\":\"李\"}]],\"type\":3,\"childNode\":{\"id\":\"node_327069896596\",\"parentId\":\"node_326718573280\",\"nodeKey\":\"node_327069896596\",\"type\":1,\"nodeName\":\"审批人\",\"setType\":1,\"nodeAssigneeList\":[{\"id\":\"10037\",\"name\":\"李四\",\"username\":\"lisi\",\"nickname\":\"李四\",\"type\":\"user\",\"avatar\":\"\",\"sex\":\"1\",\"selected\":true,\"tenantId\":\"1\"}],\"examineMode\":1,\"termAuto\":false,\"term\":5,\"termMode\":0}},{\"id\":\"node_324992335166\",\"parentId\":\"node_324992331281\",\"nodeName\":\"默认条件\",\"nodeKey\":\"node_324992335166\",\"type\":3,\"priorityLevel\":3,\"conditionList\":[],\"childNode\":{\"id\":\"node_327294839025\",\"parentId\":\"node_324992335166\",\"nodeKey\":\"node_327294839025\",\"type\":1,\"nodeName\":\"审批人\",\"setType\":1,\"nodeAssigneeList\":[{\"id\":\"10003\",\"name\":\"admin\",\"username\":\"admin\",\"nickname\":\"admin\",\"type\":\"user\",\"avatar\":\"\",\"sex\":\"1\",\"selected\":true,\"tenantId\":\"1\"}],\"examineMode\":1,\"termAuto\":false,\"term\":5,\"termMode\":0}}],\"childNode\":{\"id\":\"node_end\",\"parentId\":\"node_324992331281\",\"type\":-1,\"nodeName\":\"结束\",\"nodeKey\":\"node_end\",\"nodeAssigneeList\":[]}}}', NULL, NULL, NULL, NULL, NULL, '测试普通条件分支-流程', 1793813591874510849, NULL, '2025-06-24 10:39:04', '2025-06-24 10:39:04', 1937339662800691201, 1, '1');
INSERT INTO `wflow_process_templates` VALUES ('1937340054053756931', 'OInk15', 2, '测试普通条件分支-流程', '{\"sign\":false}', '[{\"title\":\"姓名\",\"name\":\"TextInput\",\"icon\":\"x-icon-edit\",\"value\":\"\",\"valueType\":\"String\",\"props\":{\"required\":true,\"enablePrint\":true},\"id\":\"field8086132477668\"},{\"title\":\"年龄\",\"name\":\"NumberInput\",\"icon\":\"x-icon-edit-outline\",\"value\":\"\",\"valueType\":\"Number\",\"props\":{\"required\":true,\"enablePrint\":true},\"id\":\"field8929432485598\"}]', '{\"id\":\"node_start\",\"parentId\":null,\"type\":0,\"nodeName\":\"发起人\",\"nodeKey\":\"node_start\",\"nodeAssigneeList\":[],\"childNode\":{\"id\":\"node_324992331281\",\"parentId\":\"node_start\",\"nodeKey\":\"node_324992331281\",\"type\":4,\"nodeName\":\"条件分支\",\"conditionNodes\":[{\"id\":\"node_324992335434\",\"parentId\":\"node_324992331281\",\"nodeName\":\"条件1\",\"nodeKey\":\"node_324992335434\",\"type\":3,\"priorityLevel\":1,\"conditionList\":[[{\"field\":\"field8086132477668\",\"label\":\"姓名\",\"operator\":\"==\",\"value\":\"张\"}]],\"childNode\":{\"id\":\"node_326979993823\",\"parentId\":\"node_324992335434\",\"nodeKey\":\"node_326979993823\",\"type\":1,\"nodeName\":\"审批人1\",\"setType\":1,\"nodeAssigneeList\":[{\"id\":\"10036\",\"name\":\"张三\",\"username\":\"zhangsan\",\"nickname\":\"张三\",\"type\":\"user\",\"avatar\":\"\",\"sex\":\"2\",\"selected\":true,\"tenantId\":\"1\"}],\"examineMode\":1,\"termAuto\":false,\"term\":5,\"termMode\":0}},{\"id\":\"node_326718573280\",\"parentId\":\"node_324992331281\",\"nodeName\":\"条件2\",\"nodeKey\":\"node_326718573280\",\"priorityLevel\":2,\"conditionList\":[[{\"field\":\"field8086132477668\",\"label\":\"姓名\",\"operator\":\"==\",\"value\":\"李\"}]],\"type\":3,\"childNode\":{\"id\":\"node_327069896596\",\"parentId\":\"node_326718573280\",\"nodeKey\":\"node_327069896596\",\"type\":1,\"nodeName\":\"审批人2\",\"setType\":1,\"nodeAssigneeList\":[{\"id\":\"10037\",\"name\":\"李四\",\"username\":\"lisi\",\"nickname\":\"李四\",\"type\":\"user\",\"avatar\":\"\",\"sex\":\"1\",\"selected\":true,\"tenantId\":\"1\"}],\"examineMode\":1,\"termAuto\":false,\"term\":5,\"termMode\":0}},{\"id\":\"node_324992335166\",\"parentId\":\"node_324992331281\",\"nodeName\":\"默认条件\",\"nodeKey\":\"node_324992335166\",\"type\":3,\"priorityLevel\":3,\"conditionList\":[],\"childNode\":{\"id\":\"node_327294839025\",\"parentId\":\"node_324992335166\",\"nodeKey\":\"node_327294839025\",\"type\":1,\"nodeName\":\"审批人3\",\"setType\":1,\"nodeAssigneeList\":[{\"id\":\"10003\",\"name\":\"admin\",\"username\":\"admin\",\"nickname\":\"admin\",\"type\":\"user\",\"avatar\":\"\",\"sex\":\"1\",\"selected\":true,\"tenantId\":\"1\"}],\"examineMode\":1,\"termAuto\":false,\"term\":5,\"termMode\":0}}],\"childNode\":{\"id\":\"node_end\",\"parentId\":\"node_324992331281\",\"type\":-1,\"nodeName\":\"结束\",\"nodeKey\":\"node_end\",\"nodeAssigneeList\":[]}}}', NULL, NULL, NULL, NULL, NULL, '测试普通条件分支-流程', 1793813591874510849, NULL, '2025-06-24 10:40:38', '2025-06-24 10:40:38', 1937339662800691201, 2, '1');
INSERT INTO `wflow_process_templates` VALUES ('1937392854003556354', 'gJvp0D', 1, '测试抄送', '{\"sign\":false}', '[{\"title\":\"单行文本输入\",\"name\":\"TextInput\",\"icon\":\"x-icon-edit\",\"value\":\"\",\"valueType\":\"String\",\"props\":{\"required\":false,\"enablePrint\":true},\"id\":\"field1590545409333\"}]', '{\"id\":\"node_start\",\"parentId\":null,\"type\":0,\"nodeName\":\"发起人\",\"nodeAssigneeList\":[],\"childNode\":{\"id\":\"node_454134385445\",\"parentId\":\"node_start\",\"type\":2,\"nodeName\":\"抄送人\",\"setType\":1,\"nodeAssigneeList\":[{\"id\":\"10037\",\"name\":\"李四\",\"username\":\"lisi\",\"nickname\":\"李四\",\"type\":\"user\",\"avatar\":\"\",\"sex\":\"1\",\"selected\":true,\"tenantId\":\"1\"}],\"childNode\":{\"id\":\"node_end\",\"parentId\":\"node_454134385445\",\"type\":-1,\"nodeName\":\"结束\",\"nodeAssigneeList\":[]}}}', NULL, NULL, NULL, NULL, NULL, '测试抄送', 1793813591874510849, NULL, '2025-06-24 14:10:26', '2025-06-24 14:10:26', 1937392853718343682, 1, '1');
INSERT INTO `wflow_process_templates` VALUES ('1937432321988915202', 'HR4XD6', 1, '重构-多节点审批', '{\"sign\":false}', '[{\"title\":\"单行文本输入\",\"name\":\"TextInput\",\"icon\":\"x-icon-edit\",\"value\":\"\",\"valueType\":\"String\",\"props\":{\"required\":false,\"enablePrint\":true},\"id\":\"field6672654810156\"}]', '{\"id\":\"node_start\",\"parentId\":null,\"type\":0,\"nodeName\":\"发起人\",\"nodeKey\":\"flk_548032773774\",\"nodeAssigneeList\":[],\"childNode\":{\"id\":\"node_548155481128\",\"parentId\":\"node_start\",\"type\":1,\"nodeName\":\"审批人\",\"nodeKey\":\"flk_548155482898\",\"setType\":1,\"nodeAssigneeList\":[{\"id\":\"10037\",\"name\":\"李四\",\"username\":\"lisi\",\"nickname\":\"李四\",\"type\":\"user\",\"avatar\":\"\",\"sex\":\"1\",\"selected\":true,\"tenantId\":\"1\"}],\"examineMode\":1,\"termAuto\":false,\"term\":5,\"termMode\":0,\"childNode\":{\"id\":\"node_548253998566\",\"parentId\":\"node_548155481128\",\"type\":1,\"nodeName\":\"审批人\",\"nodeKey\":\"flk_548254003532\",\"setType\":1,\"nodeAssigneeList\":[{\"id\":\"10040\",\"name\":\"王五\",\"username\":\"wangwu\",\"nickname\":\"王五\",\"type\":\"user\",\"avatar\":\"\",\"sex\":\"1\",\"selected\":true,\"tenantId\":\"1\"}],\"examineMode\":1,\"termAuto\":false,\"term\":5,\"termMode\":0,\"childNode\":{\"id\":\"node_end\",\"parentId\":\"node_548253998566\",\"type\":-1,\"nodeName\":\"结束\",\"nodeAssigneeList\":[]}}}}', NULL, NULL, NULL, NULL, NULL, '重构-多节点审批', 1937421537816780801, NULL, '2025-06-24 16:47:16', '2025-06-24 16:47:16', 1937432321926000641, 1, '1');
INSERT INTO `wflow_process_templates` VALUES ('1937466367716601858', 'YSEnWT', 1, '重构-测试条件分支+抄送', '{\"sign\":false}', '[{\"title\":\"姓名\",\"name\":\"TextInput\",\"icon\":\"x-icon-edit\",\"value\":\"\",\"valueType\":\"String\",\"props\":{\"required\":true,\"enablePrint\":true},\"id\":\"field3121262863434\"},{\"title\":\"年龄\",\"name\":\"NumberInput\",\"icon\":\"x-icon-edit-outline\",\"value\":\"\",\"valueType\":\"Number\",\"props\":{\"required\":true,\"enablePrint\":true},\"id\":\"field9111662889828\"}]', '{\"id\":\"node_start\",\"parentId\":null,\"type\":0,\"nodeName\":\"发起人\",\"nodeKey\":\"flk_628482457278\",\"nodeAssigneeList\":[],\"childNode\":{\"id\":\"node_628984948039\",\"parentId\":\"node_start\",\"type\":4,\"nodeName\":\"条件分支\",\"nodeKey\":\"flk_628984946601\",\"conditionNodes\":[{\"id\":\"node_628984945465\",\"parentId\":\"node_628984948039\",\"nodeName\":\"条件1\",\"nodeKey\":\"flk_628984948863\",\"type\":3,\"priorityLevel\":1,\"conditionList\":[[{\"field\":\"field3121262863434\",\"label\":\"姓名\",\"operator\":\"==\",\"value\":\"张三\"}]],\"childNode\":{\"id\":\"node_629136585392\",\"parentId\":\"node_628984945465\",\"type\":1,\"nodeName\":\"审批人\",\"nodeKey\":\"flk_629136586084\",\"setType\":1,\"nodeAssigneeList\":[{\"id\":\"10036\",\"name\":\"张三\",\"username\":\"zhangsan\",\"nickname\":\"张三\",\"type\":\"user\",\"avatar\":\"\",\"sex\":\"2\",\"selected\":true,\"tenantId\":\"1\"}],\"examineMode\":1,\"termAuto\":false,\"term\":5,\"termMode\":0}},{\"id\":\"node_629198403700\",\"parentId\":\"node_628984948039\",\"nodeName\":\"条件2\",\"nodeKey\":\"flk_629198407214\",\"priorityLevel\":2,\"conditionList\":[[{\"field\":\"field3121262863434\",\"label\":\"姓名\",\"operator\":\"==\",\"value\":\"李四\"}]],\"type\":3,\"childNode\":{\"id\":\"node_629303901057\",\"parentId\":\"node_629198403700\",\"type\":1,\"nodeName\":\"审批人\",\"nodeKey\":\"flk_629303905253\",\"setType\":1,\"nodeAssigneeList\":[{\"id\":\"10037\",\"name\":\"李四\",\"username\":\"lisi\",\"nickname\":\"李四\",\"type\":\"user\",\"avatar\":\"\",\"sex\":\"1\",\"selected\":true,\"tenantId\":\"1\"}],\"examineMode\":1,\"termAuto\":false,\"term\":5,\"termMode\":0}},{\"id\":\"node_628984944512\",\"parentId\":\"node_628984948039\",\"nodeName\":\"默认条件\",\"nodeKey\":\"flk_628984942929\",\"type\":3,\"priorityLevel\":3,\"conditionList\":[]}],\"childNode\":{\"id\":\"node_629412429596\",\"parentId\":\"node_628984948039\",\"type\":2,\"nodeName\":\"抄送人\",\"nodeKey\":\"flk_629412428505\",\"setType\":1,\"nodeAssigneeList\":[{\"id\":\"10040\",\"name\":\"王五\",\"username\":\"wangwu\",\"nickname\":\"王五\",\"type\":\"user\",\"avatar\":\"\",\"sex\":\"1\",\"selected\":true,\"tenantId\":\"1\"}],\"childNode\":{\"id\":\"node_end\",\"parentId\":\"node_629412429596\",\"type\":-1,\"nodeName\":\"结束\",\"nodeAssigneeList\":[]}}}}', NULL, NULL, NULL, NULL, NULL, '重构-测试条件分支+抄送', 1937421537816780801, NULL, '2025-06-24 19:02:33', '2025-06-24 19:02:33', 1937466367653687298, 1, '1');
INSERT INTO `wflow_process_templates` VALUES ('1937467418872012801', 'YSEnWT', 2, '重构-测试条件分支+抄送', '{\"sign\":false}', '[{\"title\":\"姓名\",\"name\":\"TextInput\",\"icon\":\"x-icon-edit\",\"value\":\"\",\"valueType\":\"String\",\"props\":{\"required\":true,\"enablePrint\":true},\"id\":\"field3121262863434\"},{\"title\":\"年龄\",\"name\":\"NumberInput\",\"icon\":\"x-icon-edit-outline\",\"value\":\"\",\"valueType\":\"Number\",\"props\":{\"required\":true,\"enablePrint\":true},\"id\":\"field9111662889828\"}]', '{\"id\":\"node_start\",\"parentId\":null,\"type\":0,\"nodeName\":\"发起人\",\"nodeKey\":\"flk_628482457278\",\"nodeAssigneeList\":[],\"childNode\":{\"id\":\"node_628984948039\",\"parentId\":\"node_start\",\"type\":4,\"nodeName\":\"条件分支\",\"nodeKey\":\"flk_628984946601\",\"conditionNodes\":[{\"id\":\"node_628984945465\",\"parentId\":\"node_628984948039\",\"nodeName\":\"条件1\",\"nodeKey\":\"flk_628984948863\",\"type\":3,\"priorityLevel\":1,\"conditionList\":[[{\"field\":\"field3121262863434\",\"label\":\"姓名\",\"operator\":\"==\",\"value\":\"张三\"}]],\"childNode\":{\"id\":\"node_629136585392\",\"parentId\":\"node_628984945465\",\"type\":1,\"nodeName\":\"审批人\",\"nodeKey\":\"flk_629136586084\",\"setType\":1,\"nodeAssigneeList\":[{\"id\":\"10036\",\"name\":\"张三\",\"username\":\"zhangsan\",\"nickname\":\"张三\",\"type\":\"user\",\"avatar\":\"\",\"sex\":\"2\",\"selected\":true,\"tenantId\":\"1\"}],\"examineMode\":1,\"termAuto\":false,\"term\":5,\"termMode\":0}},{\"id\":\"node_629198403700\",\"parentId\":\"node_628984948039\",\"nodeName\":\"条件2\",\"nodeKey\":\"flk_629198407214\",\"priorityLevel\":2,\"conditionList\":[[{\"field\":\"field3121262863434\",\"label\":\"姓名\",\"operator\":\"==\",\"value\":\"李四\"}]],\"type\":3,\"childNode\":{\"id\":\"node_629303901057\",\"parentId\":\"node_629198403700\",\"type\":1,\"nodeName\":\"审批人\",\"nodeKey\":\"flk_629303905253\",\"setType\":1,\"nodeAssigneeList\":[{\"id\":\"10037\",\"name\":\"李四\",\"username\":\"lisi\",\"nickname\":\"李四\",\"type\":\"user\",\"avatar\":\"\",\"sex\":\"1\",\"selected\":true,\"tenantId\":\"1\"}],\"examineMode\":1,\"termAuto\":false,\"term\":5,\"termMode\":0}},{\"id\":\"node_628984944512\",\"parentId\":\"node_628984948039\",\"nodeName\":\"默认条件\",\"nodeKey\":\"flk_628984942929\",\"type\":3,\"priorityLevel\":3,\"conditionList\":[],\"childNode\":{\"id\":\"node_631933584321\",\"parentId\":\"node_628984944512\",\"type\":1,\"nodeName\":\"审批人\",\"nodeKey\":\"flk_631933595892\",\"setType\":1,\"nodeAssigneeList\":[{\"id\":\"10040\",\"name\":\"王五\",\"username\":\"wangwu\",\"nickname\":\"王五\",\"type\":\"user\",\"avatar\":\"\",\"sex\":\"1\",\"selected\":true,\"tenantId\":\"1\"}],\"examineMode\":1,\"termAuto\":false,\"term\":5,\"termMode\":0}}],\"childNode\":{\"id\":\"node_629412429596\",\"parentId\":\"node_628984948039\",\"type\":2,\"nodeName\":\"抄送人\",\"nodeKey\":\"flk_629412428505\",\"setType\":1,\"nodeAssigneeList\":[{\"id\":\"10040\",\"name\":\"王五\",\"username\":\"wangwu\",\"nickname\":\"王五\",\"type\":\"user\",\"avatar\":\"\",\"sex\":\"1\",\"selected\":true,\"tenantId\":\"1\"}],\"childNode\":{\"id\":\"node_end\",\"parentId\":\"node_629412429596\",\"type\":-1,\"nodeName\":\"结束\",\"nodeAssigneeList\":[]}}}}', NULL, NULL, NULL, NULL, NULL, '重构-测试条件分支+抄送', 1937421537816780801, NULL, '2025-06-24 19:06:44', '2025-06-24 19:06:44', 1937467418800709634, 2, '1');
INSERT INTO `wflow_process_templates` VALUES ('1937685776372490242', 'YSEnWT', 3, '重构-测试条件分支+抄送', '{\"sign\":false}', '[{\"title\":\"姓名\",\"name\":\"TextInput\",\"icon\":\"x-icon-edit\",\"value\":\"\",\"valueType\":\"String\",\"props\":{\"required\":true,\"enablePrint\":true},\"id\":\"field3121262863434\"},{\"title\":\"年龄\",\"name\":\"NumberInput\",\"icon\":\"x-icon-edit-outline\",\"value\":\"\",\"valueType\":\"Number\",\"props\":{\"required\":true,\"enablePrint\":true},\"id\":\"field9111662889828\"}]', '{\"id\":\"node_start\",\"parentId\":null,\"type\":0,\"nodeName\":\"发起人\",\"nodeKey\":\"flk_628482457278\",\"nodeAssigneeList\":[],\"childNode\":{\"id\":\"node_628984948039\",\"parentId\":\"node_start\",\"type\":4,\"nodeName\":\"条件分支\",\"nodeKey\":\"flk_628984946601\",\"conditionNodes\":[{\"id\":\"node_628984945465\",\"parentId\":\"node_628984948039\",\"nodeName\":\"条件1\",\"nodeKey\":\"flk_628984948863\",\"type\":3,\"priorityLevel\":1,\"conditionList\":[[{\"field\":\"field3121262863434\",\"label\":\"姓名\",\"operator\":\"==\",\"value\":\"张三\"}]],\"childNode\":{\"id\":\"node_629136585392\",\"parentId\":\"node_628984945465\",\"type\":1,\"nodeName\":\"审批人\",\"nodeKey\":\"flk_629136586084\",\"setType\":1,\"nodeAssigneeList\":[{\"id\":\"10036\",\"name\":\"张三\",\"username\":\"zhangsan\",\"nickname\":\"张三\",\"type\":\"user\",\"avatar\":\"\",\"sex\":\"2\",\"selected\":true,\"tenantId\":\"1\"}],\"examineMode\":1,\"termAuto\":false,\"term\":5,\"termMode\":0}},{\"id\":\"node_629198403700\",\"parentId\":\"node_628984948039\",\"nodeName\":\"条件2\",\"nodeKey\":\"flk_629198407214\",\"priorityLevel\":2,\"conditionList\":[[{\"field\":\"field3121262863434\",\"label\":\"姓名\",\"operator\":\"==\",\"value\":\"李四\"}]],\"type\":3,\"childNode\":{\"id\":\"node_629303901057\",\"parentId\":\"node_629198403700\",\"type\":1,\"nodeName\":\"审批人\",\"nodeKey\":\"flk_629303905253\",\"setType\":1,\"nodeAssigneeList\":[{\"id\":\"10037\",\"name\":\"李四\",\"username\":\"lisi\",\"nickname\":\"李四\",\"type\":\"user\",\"avatar\":\"\",\"sex\":\"1\",\"selected\":true,\"tenantId\":\"1\"}],\"examineMode\":1,\"termAuto\":false,\"term\":5,\"termMode\":0}},{\"id\":\"node_628984944512\",\"parentId\":\"node_628984948039\",\"nodeName\":\"默认条件\",\"nodeKey\":\"flk_628984942929\",\"type\":3,\"priorityLevel\":3,\"conditionList\":[],\"childNode\":{\"id\":\"node_631933584321\",\"parentId\":\"node_628984944512\",\"type\":1,\"nodeName\":\"审批人\",\"nodeKey\":\"flk_631933595892\",\"setType\":1,\"nodeAssigneeList\":[{\"id\":\"10040\",\"name\":\"王五\",\"username\":\"wangwu\",\"nickname\":\"王五\",\"type\":\"user\",\"avatar\":\"\",\"sex\":\"1\",\"selected\":true,\"tenantId\":\"1\"}],\"examineMode\":1,\"termAuto\":false,\"term\":5,\"termMode\":0}}],\"childNode\":{\"id\":\"node_end\",\"parentId\":\"node_628984948039\",\"type\":-1,\"nodeName\":\"结束\",\"nodeAssigneeList\":[]}}}', NULL, NULL, NULL, NULL, NULL, '重构-测试条件分支+抄送', 1937421537816780801, NULL, '2025-06-25 09:34:24', '2025-06-25 09:34:24', 1937685776246661122, 3, '1');
INSERT INTO `wflow_process_templates` VALUES ('1937691461772615681', 'YSEnWT', 4, '重构-测试条件分支', '{\"sign\":false}', '[{\"title\":\"姓名\",\"name\":\"TextInput\",\"icon\":\"x-icon-edit\",\"value\":\"\",\"valueType\":\"String\",\"props\":{\"required\":true,\"enablePrint\":true},\"id\":\"field3121262863434\"},{\"title\":\"年龄\",\"name\":\"NumberInput\",\"icon\":\"x-icon-edit-outline\",\"value\":\"\",\"valueType\":\"Number\",\"props\":{\"required\":true,\"enablePrint\":true},\"id\":\"field9111662889828\"}]', '{\"id\":\"node_start\",\"parentId\":null,\"type\":0,\"nodeName\":\"发起人\",\"nodeKey\":\"flk_628482457278\",\"nodeAssigneeList\":[],\"childNode\":{\"id\":\"node_628984948039\",\"parentId\":\"node_start\",\"type\":4,\"nodeName\":\"条件分支\",\"nodeKey\":\"flk_628984946601\",\"conditionNodes\":[{\"id\":\"node_628984945465\",\"parentId\":\"node_628984948039\",\"nodeName\":\"条件1\",\"nodeKey\":\"flk_628984948863\",\"type\":3,\"priorityLevel\":1,\"conditionList\":[[{\"field\":\"field3121262863434\",\"label\":\"姓名\",\"operator\":\"==\",\"value\":\"张三\"}]],\"childNode\":{\"id\":\"node_629136585392\",\"parentId\":\"node_628984945465\",\"type\":1,\"nodeName\":\"审批人\",\"nodeKey\":\"flk_629136586084\",\"setType\":1,\"nodeAssigneeList\":[{\"id\":\"10036\",\"name\":\"张三\",\"username\":\"zhangsan\",\"nickname\":\"张三\",\"type\":\"user\",\"avatar\":\"\",\"sex\":\"2\",\"selected\":true,\"tenantId\":\"1\"}],\"examineMode\":1,\"termAuto\":false,\"term\":5,\"termMode\":0}},{\"id\":\"node_629198403700\",\"parentId\":\"node_628984948039\",\"nodeName\":\"条件2\",\"nodeKey\":\"flk_629198407214\",\"priorityLevel\":2,\"conditionList\":[[{\"field\":\"field3121262863434\",\"label\":\"姓名\",\"operator\":\"==\",\"value\":\"李四\"}]],\"type\":3,\"childNode\":{\"id\":\"node_629303901057\",\"parentId\":\"node_629198403700\",\"type\":1,\"nodeName\":\"审批人\",\"nodeKey\":\"flk_629303905253\",\"setType\":1,\"nodeAssigneeList\":[{\"id\":\"10037\",\"name\":\"李四\",\"username\":\"lisi\",\"nickname\":\"李四\",\"type\":\"user\",\"avatar\":\"\",\"sex\":\"1\",\"selected\":true,\"tenantId\":\"1\"}],\"examineMode\":1,\"termAuto\":false,\"term\":5,\"termMode\":0}},{\"id\":\"node_628984944512\",\"parentId\":\"node_628984948039\",\"nodeName\":\"默认条件\",\"nodeKey\":\"flk_628984942929\",\"type\":3,\"priorityLevel\":3,\"conditionList\":[],\"childNode\":{\"id\":\"node_631933584321\",\"parentId\":\"node_628984944512\",\"type\":1,\"nodeName\":\"审批人\",\"nodeKey\":\"flk_631933595892\",\"setType\":1,\"nodeAssigneeList\":[{\"id\":\"10040\",\"name\":\"王五\",\"username\":\"wangwu\",\"nickname\":\"王五\",\"type\":\"user\",\"avatar\":\"\",\"sex\":\"1\",\"selected\":true,\"tenantId\":\"1\"}],\"examineMode\":1,\"termAuto\":false,\"term\":5,\"termMode\":0}}],\"childNode\":{\"id\":\"node_end\",\"parentId\":\"node_628984948039\",\"type\":-1,\"nodeName\":\"结束\",\"nodeAssigneeList\":[]}}}', NULL, NULL, NULL, NULL, NULL, '重构-测试条件分支+抄送', 1937421537816780801, NULL, '2025-06-25 09:57:00', '2025-06-25 09:57:00', 1937691461722284033, 4, '1');
INSERT INTO `wflow_process_templates` VALUES ('1937692423904010241', '1Z4JAC', 1, '测试抄送流程', '{\"sign\":false}', '[{\"title\":\"姓名\",\"name\":\"TextInput\",\"icon\":\"x-icon-edit\",\"value\":\"\",\"valueType\":\"String\",\"props\":{\"required\":true,\"enablePrint\":true},\"id\":\"field2045116693264\"},{\"title\":\"单行文本输入\",\"name\":\"TextInput\",\"icon\":\"x-icon-edit\",\"value\":\"\",\"valueType\":\"String\",\"props\":{\"required\":false,\"enablePrint\":true},\"id\":\"field6089916696035\"},{\"title\":\"日期时间区间\",\"name\":\"DateTimeRange\",\"icon\":\"x-icon-date\",\"valueType\":\"DateRange\",\"props\":{\"required\":false,\"enablePrint\":true,\"placeholder\":[\"开始时间\",\"结束时间\"],\"format\":\"yyyy-MM-dd HH:mm\",\"showLength\":false,\"options\":[{\"label\":\"年\",\"value\":\"yyyy\"},{\"label\":\"年-月\",\"value\":\"yyyy-MM\"},{\"label\":\"年-月-日\",\"value\":\"yyyy-MM\"},{\"label\":\"年-月-日 时:分\",\"value\":\"yyyy-MM-dd HH:mm\"}]},\"id\":\"field5658916755629\"},{\"title\":\"多选框\",\"name\":\"MultipleSelect\",\"icon\":\"x-icon-multi-check\",\"value\":[],\"valueType\":\"Array\",\"props\":{\"required\":false,\"enablePrint\":true,\"expanding\":false,\"options\":[\"选项1\",\"选项2\"]},\"id\":\"field6486816750939\"},{\"title\":\"说明文字\",\"name\":\"Description\",\"icon\":\"x-icon-warning-outline\",\"value\":\"\",\"valueType\":\"String\",\"props\":{\"required\":false,\"enablePrint\":true},\"id\":\"field2864416754428\"}]', '{\"id\":\"node_start\",\"parentId\":null,\"type\":0,\"nodeName\":\"发起人\",\"nodeKey\":\"flk_166770395883\",\"nodeAssigneeList\":[],\"childNode\":{\"id\":\"node_167043874551\",\"parentId\":\"node_start\",\"type\":1,\"nodeName\":\"审批人\",\"nodeKey\":\"flk_167043884676\",\"setType\":1,\"nodeAssigneeList\":[{\"id\":\"10036\",\"name\":\"张三\",\"username\":\"zhangsan\",\"nickname\":\"张三\",\"type\":\"user\",\"avatar\":\"\",\"sex\":\"2\",\"selected\":true,\"tenantId\":\"1\"}],\"examineMode\":1,\"termAuto\":false,\"term\":5,\"termMode\":0,\"childNode\":{\"id\":\"node_167082042866\",\"parentId\":\"node_167043874551\",\"type\":4,\"nodeName\":\"条件分支\",\"nodeKey\":\"flk_167082047420\",\"conditionNodes\":[{\"id\":\"node_167082059064\",\"parentId\":\"node_167082042866\",\"nodeName\":\"条件1\",\"nodeKey\":\"flk_167082059493\",\"type\":3,\"priorityLevel\":1,\"conditionList\":[[{\"field\":\"field2045116693264\",\"label\":\"姓名\",\"operator\":\"==\",\"value\":\"张三\"}]],\"childNode\":{\"id\":\"node_167991199791\",\"parentId\":\"node_167082059064\",\"type\":1,\"nodeName\":\"审批人\",\"nodeKey\":\"flk_167991204184\",\"setType\":1,\"nodeAssigneeList\":[{\"id\":\"10036\",\"name\":\"张三\",\"username\":\"zhangsan\",\"nickname\":\"张三\",\"type\":\"user\",\"avatar\":\"\",\"sex\":\"2\",\"selected\":true,\"tenantId\":\"1\"}],\"examineMode\":1,\"termAuto\":false,\"term\":5,\"termMode\":0}},{\"id\":\"node_167098556928\",\"parentId\":\"node_167082042866\",\"nodeName\":\"条件2\",\"nodeKey\":\"flk_167098557539\",\"priorityLevel\":2,\"conditionList\":[[{\"field\":\"field2045116693264\",\"label\":\"姓名\",\"operator\":\"==\",\"value\":\"李四\"}]],\"type\":3,\"childNode\":{\"id\":\"node_168207433157\",\"parentId\":\"node_167098556928\",\"type\":1,\"nodeName\":\"审批人\",\"nodeKey\":\"flk_168207447907\",\"setType\":1,\"nodeAssigneeList\":[{\"id\":\"10037\",\"name\":\"李四\",\"username\":\"lisi\",\"nickname\":\"李四\",\"type\":\"user\",\"avatar\":\"\",\"sex\":\"1\",\"selected\":true,\"tenantId\":\"1\"}],\"examineMode\":1,\"termAuto\":false,\"term\":5,\"termMode\":0}},{\"id\":\"node_167082055883\",\"parentId\":\"node_167082042866\",\"nodeName\":\"默认条件\",\"nodeKey\":\"flk_167082052937\",\"type\":3,\"priorityLevel\":3,\"conditionList\":[],\"childNode\":{\"id\":\"node_168299067108\",\"parentId\":\"node_167082055883\",\"type\":2,\"nodeName\":\"抄送人\",\"nodeKey\":\"flk_168299072759\",\"setType\":1,\"nodeAssigneeList\":[{\"id\":\"10040\",\"name\":\"王五\",\"username\":\"wangwu\",\"nickname\":\"王五\",\"type\":\"user\",\"avatar\":\"\",\"sex\":\"1\",\"selected\":true,\"tenantId\":\"1\"}]}}],\"childNode\":{\"id\":\"node_end\",\"parentId\":\"node_167082042866\",\"type\":-1,\"nodeName\":\"结束\",\"nodeAssigneeList\":[]}}}}', NULL, NULL, NULL, NULL, NULL, '测试抄送流程', 1937421537816780801, NULL, '2025-06-25 10:00:49', '2025-06-25 10:00:49', 1937692423836901377, 1, '1');
INSERT INTO `wflow_process_templates` VALUES ('1937705065309683713', 'o3IXYd', 1, '测试-选择角色审批', '{\"sign\":false}', '[{\"title\":\"单行文本输入\",\"name\":\"TextInput\",\"icon\":\"x-icon-edit\",\"value\":\"\",\"valueType\":\"String\",\"props\":{\"required\":false,\"enablePrint\":true},\"id\":\"field6833819855060\"}]', '{\"id\":\"node_start\",\"parentId\":null,\"type\":0,\"nodeName\":\"发起人\",\"nodeKey\":\"flk_197793997595\",\"nodeAssigneeList\":[],\"childNode\":{\"id\":\"node_197997383565\",\"parentId\":\"node_start\",\"type\":1,\"nodeName\":\"审批人\",\"nodeKey\":\"flk_197997386375\",\"setType\":1,\"nodeAssigneeList\":[{\"id\":\"10036\",\"name\":\"张三\",\"type\":\"user\"}],\"examineMode\":1,\"termAuto\":false,\"term\":5,\"termMode\":0,\"childNode\":{\"id\":\"node_end\",\"parentId\":\"node_197997383565\",\"type\":-1,\"nodeName\":\"结束\",\"nodeAssigneeList\":[]}}}', NULL, NULL, NULL, NULL, NULL, '测试-选择角色审批', 1937421537816780801, NULL, '2025-06-25 10:51:03', '2025-06-25 10:51:03', 1937705065120940034, 1, '1');
INSERT INTO `wflow_process_templates` VALUES ('1937750584878825473', 'o3IXYd', 2, '测试-选择角色审批', '{\"sign\":false}', '[{\"title\":\"单行文本输入\",\"name\":\"TextInput\",\"icon\":\"x-icon-edit\",\"value\":\"\",\"valueType\":\"String\",\"props\":{\"required\":false,\"enablePrint\":true},\"id\":\"field6833819855060\"}]', '{\"id\":\"node_start\",\"parentId\":null,\"type\":0,\"nodeName\":\"发起人\",\"nodeKey\":\"flk_197793997595\",\"nodeAssigneeList\":[],\"childNode\":{\"id\":\"node_197997383565\",\"parentId\":\"node_start\",\"type\":1,\"nodeName\":\"审批人\",\"nodeKey\":\"flk_197997386375\",\"setType\":3,\"nodeAssigneeList\":[{\"id\":\"12\",\"name\":\"工作流\",\"type\":\"role\"}],\"examineMode\":1,\"termAuto\":false,\"term\":5,\"termMode\":0,\"childNode\":{\"id\":\"node_end\",\"parentId\":\"node_197997383565\",\"type\":-1,\"nodeName\":\"结束\",\"nodeAssigneeList\":[]}}}', NULL, NULL, NULL, NULL, NULL, '测试-选择角色审批', 1937421537816780801, NULL, '2025-06-25 13:51:56', '2025-06-25 13:51:56', 1937750584635555842, 2, '1');
INSERT INTO `wflow_process_templates` VALUES ('1937801779265904642', '55811K', 1, '【复合】角色+指定人员', '{\"sign\":false}', '[{\"title\":\"单行文本输入\",\"name\":\"TextInput\",\"icon\":\"x-icon-edit\",\"value\":\"\",\"valueType\":\"String\",\"props\":{\"required\":false,\"enablePrint\":true},\"id\":\"field1522742892094\"}]', '{\"id\":\"node_start\",\"parentId\":null,\"type\":0,\"nodeName\":\"发起人\",\"nodeKey\":\"flk_428316743082\",\"nodeAssigneeList\":[],\"childNode\":{\"id\":\"node_428946842881\",\"parentId\":\"node_start\",\"type\":1,\"nodeName\":\"审批人\",\"nodeKey\":\"flk_428946854057\",\"setType\":1,\"nodeAssigneeList\":[{\"id\":\"10036\",\"name\":\"张三\",\"type\":\"user\"}],\"examineMode\":1,\"termAuto\":false,\"term\":5,\"termMode\":0,\"childNode\":{\"id\":\"node_429063581893\",\"parentId\":\"node_428946842881\",\"type\":1,\"nodeName\":\"审批人\",\"nodeKey\":\"flk_429063597191\",\"setType\":3,\"nodeAssigneeList\":[{\"id\":\"12\",\"name\":\"工作流\",\"type\":\"role\"}],\"examineMode\":1,\"termAuto\":false,\"term\":5,\"termMode\":0,\"childNode\":{\"id\":\"node_end\",\"parentId\":\"node_429063581893\",\"type\":-1,\"nodeName\":\"结束\",\"nodeAssigneeList\":[]}}}}', NULL, NULL, NULL, NULL, NULL, '', 1937421537816780801, NULL, '2025-06-25 17:15:21', '2025-06-25 17:15:21', 1937801779081355265, 1, '1');
INSERT INTO `wflow_process_templates` VALUES ('1937803287348789249', 'EDM10j', 1, '【复合】角色+指定人员', '{\"sign\":false}', '[{\"title\":\"单行文本输入\",\"name\":\"TextInput\",\"icon\":\"x-icon-edit\",\"value\":\"\",\"valueType\":\"String\",\"props\":{\"required\":false,\"enablePrint\":true},\"id\":\"field6538643251571\"}]', '{\"id\":\"node_start\",\"parentId\":null,\"type\":0,\"nodeName\":\"发起人\",\"nodeKey\":\"flk_432378712209\",\"nodeAssigneeList\":[],\"childNode\":{\"id\":\"node_432540904851\",\"parentId\":\"node_start\",\"type\":1,\"nodeName\":\"审批人\",\"nodeKey\":\"flk_432540919453\",\"setType\":1,\"nodeAssigneeList\":[{\"id\":\"10037\",\"name\":\"李四\",\"type\":\"user\"}],\"examineMode\":1,\"termAuto\":false,\"term\":5,\"termMode\":0,\"childNode\":{\"id\":\"node_432641509377\",\"parentId\":\"node_432540904851\",\"type\":1,\"nodeName\":\"审批人\",\"nodeKey\":\"flk_432641508345\",\"setType\":3,\"nodeAssigneeList\":[{\"id\":\"9\",\"name\":\"预览员\",\"type\":\"role\"}],\"examineMode\":1,\"termAuto\":false,\"term\":5,\"termMode\":0,\"childNode\":{\"id\":\"node_end\",\"parentId\":\"node_432641509377\",\"type\":-1,\"nodeName\":\"结束\",\"nodeAssigneeList\":[]}}}}', NULL, NULL, NULL, NULL, NULL, '', 1937421537816780801, NULL, '2025-06-25 17:21:21', '2025-06-25 17:21:21', 1937803287306846209, 1, '1');
INSERT INTO `wflow_process_templates` VALUES ('1937803585651884035', 'EDM10j', 2, '【复合】角色+指定人员2', '{\"sign\":false}', '[{\"title\":\"单行文本输入\",\"name\":\"TextInput\",\"icon\":\"x-icon-edit\",\"value\":\"\",\"valueType\":\"String\",\"props\":{\"required\":false,\"enablePrint\":true},\"id\":\"field6538643251571\"}]', '{\"id\":\"node_start\",\"parentId\":null,\"type\":0,\"nodeName\":\"发起人\",\"nodeKey\":\"flk_432378712209\",\"nodeAssigneeList\":[],\"childNode\":{\"id\":\"node_432540904851\",\"parentId\":\"node_start\",\"type\":1,\"nodeName\":\"审批人\",\"nodeKey\":\"flk_432540919453\",\"setType\":1,\"nodeAssigneeList\":[{\"id\":\"10037\",\"name\":\"李四\",\"type\":\"user\"}],\"examineMode\":1,\"termAuto\":false,\"term\":5,\"termMode\":0,\"childNode\":{\"id\":\"node_432641509377\",\"parentId\":\"node_432540904851\",\"type\":1,\"nodeName\":\"审批人\",\"nodeKey\":\"flk_432641508345\",\"setType\":3,\"nodeAssigneeList\":[{\"id\":\"9\",\"name\":\"预览员\",\"type\":\"role\"}],\"examineMode\":1,\"termAuto\":false,\"term\":5,\"termMode\":0,\"childNode\":{\"id\":\"node_end\",\"parentId\":\"node_432641509377\",\"type\":-1,\"nodeName\":\"结束\",\"nodeAssigneeList\":[]}}}}', NULL, NULL, NULL, NULL, NULL, '', 1937421537816780801, NULL, '2025-06-25 17:22:32', '2025-06-25 17:22:32', 1937803585651884034, 2, '1');
INSERT INTO `wflow_process_templates` VALUES ('1938049828055662594', 'x4eON4', 1, '订单退款', '{\"sign\":false}', '[{\"title\":\"订单名称\",\"name\":\"TextInput\",\"icon\":\"x-icon-edit\",\"value\":\"\",\"valueType\":\"String\",\"props\":{\"required\":false,\"enablePrint\":true},\"id\":\"field4521002026333\"},{\"title\":\"退款金额\",\"name\":\"NumberInput\",\"icon\":\"x-icon-edit-outline\",\"value\":\"\",\"valueType\":\"Number\",\"props\":{\"required\":false,\"enablePrint\":true},\"id\":\"field3108202027436\"}]', '{\"id\":\"node_start\",\"parentId\":null,\"type\":0,\"nodeName\":\"发起人\",\"nodeKey\":\"flk_019729018023\",\"nodeAssigneeList\":[],\"childNode\":{\"id\":\"node_020124366463\",\"parentId\":\"node_start\",\"type\":1,\"nodeName\":\"审批人\",\"nodeKey\":\"flk_020124362251\",\"setType\":7,\"nodeAssigneeList\":[{\"id\":\"1937719981278187521\",\"name\":\"开发部\",\"type\":\"dept\"}],\"examineMode\":1,\"termAuto\":false,\"term\":5,\"termMode\":0,\"childNode\":{\"id\":\"node_end\",\"parentId\":\"node_020124366463\",\"type\":-1,\"nodeName\":\"结束\",\"nodeAssigneeList\":[]}}}', NULL, NULL, NULL, NULL, NULL, '', 1938049449733636098, NULL, '2025-06-26 09:41:01', '2025-06-26 09:41:01', 1938049827988553729, 1, '1');
INSERT INTO `wflow_process_templates` VALUES ('1938147565279371265', '49er4R', 1, '订单退款', '{\"sign\":false}', '[{\"title\":\"单行文本输入\",\"name\":\"TextInput\",\"icon\":\"x-icon-edit\",\"value\":\"\",\"valueType\":\"String\",\"props\":{\"required\":false,\"enablePrint\":true},\"id\":\"field1400725344176\"}]', '{\"id\":\"node_start\",\"parentId\":null,\"type\":0,\"nodeName\":\"发起人\",\"nodeKey\":\"flk_253368231274\",\"nodeAssigneeList\":[],\"childNode\":{\"id\":\"node_253483268533\",\"parentId\":\"node_start\",\"type\":1,\"nodeName\":\"审批人\",\"nodeKey\":\"flk_253483278800\",\"setType\":1,\"nodeAssigneeList\":[{\"id\":\"10036\",\"name\":\"张三\",\"type\":\"user\"}],\"examineMode\":1,\"termAuto\":false,\"term\":5,\"termMode\":0,\"childNode\":{\"id\":\"node_end\",\"parentId\":\"node_253483268533\",\"type\":-1,\"nodeName\":\"结束\",\"nodeAssigneeList\":[]}}}', NULL, NULL, NULL, NULL, NULL, '', 1938145615624175618, NULL, '2025-06-26 16:09:23', '2025-06-26 16:09:23', 1938147565233233921, 1, '1');
INSERT INTO `wflow_process_templates` VALUES ('1938148983889453057', '49er4R', 2, '订单退款', '{\"sign\":false}', '[{\"title\":\"订单编号\",\"name\":\"TextInput\",\"icon\":\"x-icon-edit\",\"value\":\"\",\"valueType\":\"String\",\"props\":{\"required\":true,\"enablePrint\":true},\"id\":\"field1400725344176\"},{\"title\":\"订单价格\",\"name\":\"NumberInput\",\"icon\":\"x-icon-edit-outline\",\"value\":\"\",\"valueType\":\"Number\",\"props\":{\"required\":true,\"enablePrint\":true},\"id\":\"field5577425414849\"},{\"title\":\"支付真实金额\",\"name\":\"NumberInput\",\"icon\":\"x-icon-edit-outline\",\"value\":\"\",\"valueType\":\"Number\",\"props\":{\"required\":true,\"enablePrint\":true},\"id\":\"field7464625428317\"},{\"title\":\"支付退款原因\",\"name\":\"TextInput\",\"icon\":\"x-icon-edit\",\"value\":\"\",\"valueType\":\"String\",\"props\":{\"required\":true,\"enablePrint\":true},\"id\":\"field9860525407149\"},{\"title\":\"退款原因\",\"name\":\"TextareaInput\",\"icon\":\"x-icon-more-outline\",\"value\":\"\",\"valueType\":\"String\",\"props\":{\"required\":false,\"enablePrint\":true},\"id\":\"field1837525480548\"}]', '{\"id\":\"node_start\",\"parentId\":null,\"type\":0,\"nodeName\":\"发起人\",\"nodeKey\":\"flk_253368231274\",\"nodeAssigneeList\":[],\"childNode\":{\"id\":\"node_253483268533\",\"parentId\":\"node_start\",\"type\":1,\"nodeName\":\"审批人\",\"nodeKey\":\"flk_253483278800\",\"setType\":1,\"nodeAssigneeList\":[{\"id\":\"10036\",\"name\":\"张三\",\"type\":\"user\"}],\"examineMode\":1,\"termAuto\":false,\"term\":5,\"termMode\":0,\"childNode\":{\"id\":\"node_end\",\"parentId\":\"node_253483268533\",\"type\":-1,\"nodeName\":\"结束\",\"nodeAssigneeList\":[]}}}', NULL, NULL, NULL, NULL, NULL, '', 1938145615624175618, NULL, '2025-06-26 16:15:01', '2025-06-26 16:15:01', 1938148983826538497, 2, '1');
INSERT INTO `wflow_process_templates` VALUES ('1938149705129385986', '49er4R', 3, '订单退款', '{\"sign\":false}', '[{\"title\":\"订单编号\",\"name\":\"TextInput\",\"icon\":\"x-icon-edit\",\"value\":\"\",\"valueType\":\"String\",\"props\":{\"required\":true,\"enablePrint\":true},\"id\":\"field1400725344176\"},{\"title\":\"订单价格\",\"name\":\"NumberInput\",\"icon\":\"x-icon-edit-outline\",\"value\":\"\",\"valueType\":\"Number\",\"props\":{\"required\":true,\"enablePrint\":true},\"id\":\"field5577425414849\"},{\"title\":\"支付真实金额\",\"name\":\"NumberInput\",\"icon\":\"x-icon-edit-outline\",\"value\":\"\",\"valueType\":\"Number\",\"props\":{\"required\":true,\"enablePrint\":true},\"id\":\"field7464625428317\"},{\"title\":\"退款原因\",\"name\":\"TextareaInput\",\"icon\":\"x-icon-more-outline\",\"value\":\"\",\"valueType\":\"String\",\"props\":{\"required\":false,\"enablePrint\":true},\"id\":\"field1837525480548\"},{\"title\":\"申请退款时间\",\"name\":\"DateTime\",\"icon\":\"x-icon-date\",\"value\":\"\",\"valueType\":\"Date\",\"props\":{\"required\":true,\"enablePrint\":true,\"format\":\"yyyy-MM-dd HH:mm\",\"options\":[{\"label\":\"年\",\"value\":\"yyyy\"},{\"label\":\"年-月\",\"value\":\"yyyy-MM\"},{\"label\":\"年-月-日\",\"value\":\"yyyy-MM\"},{\"label\":\"年-月-日 时:分\",\"value\":\"yyyy-MM-dd HH:mm\"}]},\"id\":\"field4704725827774\"}]', '{\"id\":\"node_start\",\"parentId\":null,\"type\":0,\"nodeName\":\"发起人\",\"nodeKey\":\"flk_253368231274\",\"nodeAssigneeList\":[],\"childNode\":{\"id\":\"node_253483268533\",\"parentId\":\"node_start\",\"type\":1,\"nodeName\":\"审批人\",\"nodeKey\":\"flk_253483278800\",\"setType\":1,\"nodeAssigneeList\":[{\"id\":\"10036\",\"name\":\"张三\",\"type\":\"user\"}],\"examineMode\":1,\"termAuto\":false,\"term\":5,\"termMode\":0,\"childNode\":{\"id\":\"node_end\",\"parentId\":\"node_253483268533\",\"type\":-1,\"nodeName\":\"结束\",\"nodeAssigneeList\":[]}}}', NULL, NULL, NULL, NULL, NULL, '', 1938145615624175618, NULL, '2025-06-26 16:17:53', '2025-06-26 16:17:53', 1938149705066471426, 3, '1');
INSERT INTO `wflow_process_templates` VALUES ('1938163789962928129', 'c3M3Fw', 1, '未命名流程', '{\"sign\":true}', '[{\"title\":\"多选框\",\"name\":\"MultipleSelect\",\"icon\":\"x-icon-multi-check\",\"value\":[],\"valueType\":\"Array\",\"props\":{\"required\":false,\"enablePrint\":true,\"expanding\":false,\"options\":[\"选项1\",\"选项2\"]},\"id\":\"field8300829168429\"},{\"title\":\"多行文本输入\",\"name\":\"TextareaInput\",\"icon\":\"x-icon-more-outline\",\"value\":\"\",\"valueType\":\"String\",\"props\":{\"required\":false,\"enablePrint\":true},\"id\":\"field4958229166193\"},{\"title\":\"金额输入框\",\"name\":\"AmountInput\",\"icon\":\"x-icon-amount\",\"value\":\"\",\"valueType\":\"Number\",\"props\":{\"required\":false,\"enablePrint\":true,\"showChinese\":true},\"id\":\"field5726029167169\"}]', '{\"id\":\"node_start\",\"parentId\":null,\"type\":0,\"nodeName\":\"发起人\",\"nodeKey\":\"flk_290705618380\",\"nodeAssigneeList\":[],\"childNode\":{\"id\":\"node_291713644494\",\"parentId\":\"node_start\",\"type\":1,\"nodeName\":\"审批人\",\"nodeKey\":\"flk_291713659661\",\"setType\":1,\"nodeAssigneeList\":[{\"id\":\"10003\",\"name\":\"admin\",\"type\":\"user\"}],\"examineMode\":1,\"termAuto\":false,\"term\":5,\"termMode\":0,\"childNode\":{\"id\":\"node_end\",\"parentId\":\"node_291713644494\",\"type\":-1,\"nodeName\":\"结束\",\"nodeAssigneeList\":[]}}}', NULL, NULL, NULL, NULL, NULL, '', 1937359036643246081, NULL, '2025-06-26 17:13:52', '2025-06-26 17:13:52', 1938163789900013569, 1, '1');
INSERT INTO `wflow_process_templates` VALUES ('1938167030041796609', 'gJvp0D', 2, '测试抄送', '{\"sign\":false}', '[{\"title\":\"单行文本输入\",\"name\":\"TextInput\",\"icon\":\"x-icon-edit\",\"value\":\"\",\"valueType\":\"String\",\"props\":{\"required\":false,\"enablePrint\":true},\"id\":\"field1590545409333\"}]', '{\"id\":\"node_start\",\"parentId\":null,\"type\":0,\"nodeName\":\"发起人\",\"nodeAssigneeList\":[],\"childNode\":{\"id\":\"node_299790699548\",\"parentId\":\"node_start\",\"type\":1,\"nodeName\":\"审批人\",\"nodeKey\":\"flk_299790702653\",\"setType\":3,\"nodeAssigneeList\":[{\"id\":\"10033\",\"name\":\"测试\",\"type\":\"user\"}],\"examineMode\":1,\"termAuto\":false,\"term\":5,\"termMode\":0,\"childNode\":{\"id\":\"node_454134385445\",\"parentId\":\"node_299790699548\",\"type\":2,\"nodeName\":\"抄送人\",\"setType\":1,\"nodeAssigneeList\":[{\"id\":\"10037\",\"name\":\"李四\",\"username\":\"lisi\",\"nickname\":\"李四\",\"type\":\"user\",\"avatar\":\"\",\"sex\":\"1\",\"selected\":true,\"tenantId\":\"1\"}],\"childNode\":{\"id\":\"node_end\",\"parentId\":\"node_454134385445\",\"type\":-1,\"nodeName\":\"结束\",\"nodeAssigneeList\":[]}}}}', NULL, NULL, NULL, NULL, NULL, '测试抄送', 1793813591874510849, NULL, '2025-06-26 17:26:44', '2025-06-26 17:26:44', 1938167029974687745, 2, '1');
INSERT INTO `wflow_process_templates` VALUES ('1938198773440376833', 'ONC3I3', 1, '订单退款v2', '{\"sign\":false}', '[{\"title\":\"单行文本输入\",\"name\":\"TextInput\",\"icon\":\"x-icon-edit\",\"value\":\"\",\"valueType\":\"String\",\"props\":{\"required\":false,\"enablePrint\":true},\"id\":\"field8467537553027\"}]', '{\"id\":\"node_start\",\"parentId\":null,\"type\":0,\"nodeName\":\"发起人\",\"nodeKey\":\"flk_375411541805\",\"nodeAssigneeList\":[],\"childNode\":{\"id\":\"node_375568979880\",\"parentId\":\"node_start\",\"type\":1,\"nodeName\":\"审批人\",\"nodeKey\":\"flk_375568987168\",\"setType\":1,\"nodeAssigneeList\":[{\"id\":\"10036\",\"name\":\"张三\",\"type\":\"user\"}],\"examineMode\":1,\"termAuto\":false,\"term\":5,\"termMode\":0,\"childNode\":{\"id\":\"node_end\",\"parentId\":\"node_375568979880\",\"type\":-1,\"nodeName\":\"结束\",\"nodeAssigneeList\":[]}}}', NULL, NULL, NULL, NULL, NULL, '', 1938145615624175618, NULL, '2025-06-26 19:32:52', '2025-06-26 19:32:52', 1938198773385850882, 1, '1');
INSERT INTO `wflow_process_templates` VALUES ('1938481913979424769', 'c3jlCS', 1, '订单退款V3', '{\"sign\":false}', '[{\"title\":\"订单编号\",\"name\":\"TextInput\",\"icon\":\"x-icon-edit\",\"value\":\"\",\"valueType\":\"String\",\"props\":{\"required\":false,\"enablePrint\":true},\"id\":\"field3052605009580\"},{\"title\":\"订单名称\",\"name\":\"TextInput\",\"icon\":\"x-icon-edit\",\"value\":\"\",\"valueType\":\"String\",\"props\":{\"required\":false,\"enablePrint\":true},\"id\":\"field3852705010781\"},{\"title\":\"支付金额\",\"name\":\"AmountInput\",\"icon\":\"x-icon-amount\",\"value\":\"\",\"valueType\":\"Number\",\"props\":{\"required\":false,\"enablePrint\":true,\"showChinese\":true},\"id\":\"field9207105028596\"}]', '{\"id\":\"node_start\",\"parentId\":null,\"type\":0,\"nodeName\":\"发起人\",\"nodeKey\":\"flk_049835315035\",\"nodeAssigneeList\":[],\"childNode\":{\"id\":\"node_050649781697\",\"parentId\":\"node_start\",\"type\":1,\"nodeName\":\"审批人\",\"nodeKey\":\"flk_050649794233\",\"setType\":1,\"nodeAssigneeList\":[{\"id\":\"10036\",\"name\":\"张三\",\"type\":\"user\"}],\"examineMode\":1,\"termAuto\":false,\"term\":5,\"termMode\":0,\"childNode\":{\"id\":\"node_end\",\"parentId\":\"node_050649781697\",\"type\":-1,\"nodeName\":\"结束\",\"nodeAssigneeList\":[]}}}', NULL, NULL, NULL, NULL, NULL, '', 1938145615624175618, NULL, '2025-06-27 14:17:58', '2025-06-27 14:17:58', 1938481913790681089, 1, '1');
INSERT INTO `wflow_process_templates` VALUES ('1938489964929093633', 'HR4XD6', 2, '重构-多节点审批', '{\"sign\":false}', '[{\"title\":\"单行文本输入\",\"name\":\"TextInput\",\"icon\":\"x-icon-edit\",\"value\":\"\",\"valueType\":\"String\",\"props\":{\"required\":false,\"enablePrint\":true},\"id\":\"field6672654810156\"},{\"title\":\"单行文本输入\",\"name\":\"TextInput\",\"icon\":\"x-icon-edit\",\"value\":\"\",\"valueType\":\"String\",\"props\":{\"required\":false,\"enablePrint\":true},\"id\":\"field3439806988456\"}]', '{\"id\":\"node_start\",\"parentId\":null,\"type\":0,\"nodeName\":\"发起人\",\"nodeKey\":\"flk_548032773774\",\"nodeAssigneeList\":[],\"childNode\":{\"id\":\"node_548155481128\",\"parentId\":\"node_start\",\"type\":1,\"nodeName\":\"审批人\",\"nodeKey\":\"flk_548155482898\",\"setType\":1,\"nodeAssigneeList\":[{\"id\":\"10037\",\"name\":\"李四\",\"username\":\"lisi\",\"nickname\":\"李四\",\"type\":\"user\",\"avatar\":\"\",\"sex\":\"1\",\"selected\":true,\"tenantId\":\"1\"}],\"examineMode\":1,\"termAuto\":false,\"term\":5,\"termMode\":0,\"childNode\":{\"id\":\"node_548253998566\",\"parentId\":\"node_548155481128\",\"type\":1,\"nodeName\":\"审批人\",\"nodeKey\":\"flk_548254003532\",\"setType\":1,\"nodeAssigneeList\":[{\"id\":\"10040\",\"name\":\"王五\",\"username\":\"wangwu\",\"nickname\":\"王五\",\"type\":\"user\",\"avatar\":\"\",\"sex\":\"1\",\"selected\":true,\"tenantId\":\"1\"}],\"examineMode\":1,\"termAuto\":false,\"term\":5,\"termMode\":0,\"childNode\":{\"id\":\"node_end\",\"parentId\":\"node_548253998566\",\"type\":-1,\"nodeName\":\"结束\",\"nodeAssigneeList\":[]}}}}', NULL, NULL, NULL, NULL, NULL, '重构-多节点审批', 1937421537816780801, NULL, '2025-06-27 14:49:58', '2025-06-27 14:49:58', 1938489964895539201, 2, '1');
INSERT INTO `wflow_process_templates` VALUES ('1938492011023831041', '1Z4JAC', 2, '测试抄送流程', '{\"sign\":false}', '[{\"title\":\"姓名\",\"name\":\"TextInput\",\"icon\":\"x-icon-edit\",\"value\":\"\",\"valueType\":\"String\",\"props\":{\"required\":true,\"enablePrint\":true},\"id\":\"field2045116693264\"},{\"title\":\"单行文本输入\",\"name\":\"TextInput\",\"icon\":\"x-icon-edit\",\"value\":\"\",\"valueType\":\"String\",\"props\":{\"required\":false,\"enablePrint\":true},\"id\":\"field6089916696035\"},{\"title\":\"日期时间区间\",\"name\":\"DateTimeRange\",\"icon\":\"x-icon-date\",\"valueType\":\"DateRange\",\"props\":{\"required\":false,\"enablePrint\":true,\"placeholder\":[\"开始时间\",\"结束时间\"],\"format\":\"yyyy-MM-dd HH:mm\",\"showLength\":false,\"options\":[{\"label\":\"年\",\"value\":\"yyyy\"},{\"label\":\"年-月\",\"value\":\"yyyy-MM\"},{\"label\":\"年-月-日\",\"value\":\"yyyy-MM\"},{\"label\":\"年-月-日 时:分\",\"value\":\"yyyy-MM-dd HH:mm\"}]},\"id\":\"field5658916755629\"},{\"title\":\"多选框\",\"name\":\"MultipleSelect\",\"icon\":\"x-icon-multi-check\",\"value\":[],\"valueType\":\"Array\",\"props\":{\"required\":false,\"enablePrint\":true,\"expanding\":false,\"options\":[\"选项1\",\"选项2\"]},\"id\":\"field6486816750939\"},{\"title\":\"说明文字\",\"name\":\"Description\",\"icon\":\"x-icon-warning-outline\",\"value\":\"\",\"valueType\":\"String\",\"props\":{\"required\":false,\"enablePrint\":true},\"id\":\"field2864416754428\"}]', '{\"id\":\"node_start\",\"parentId\":null,\"type\":0,\"nodeName\":\"发起人\",\"nodeKey\":\"flk_166770395883\",\"nodeAssigneeList\":[],\"childNode\":{\"id\":\"node_167082042866\",\"parentId\":\"node_start\",\"type\":4,\"nodeName\":\"条件分支\",\"nodeKey\":\"flk_167082047420\",\"conditionNodes\":[{\"id\":\"node_167082059064\",\"parentId\":\"node_167082042866\",\"nodeName\":\"条件1\",\"nodeKey\":\"flk_167082059493\",\"type\":3,\"priorityLevel\":1,\"conditionList\":[[{\"field\":\"field2045116693264\",\"label\":\"姓名\",\"operator\":\"==\",\"value\":\"张三\"}]],\"childNode\":{\"id\":\"node_167991199791\",\"parentId\":\"node_167082059064\",\"type\":1,\"nodeName\":\"审批人\",\"nodeKey\":\"flk_167991204184\",\"setType\":1,\"nodeAssigneeList\":[{\"id\":\"10036\",\"name\":\"张三\",\"username\":\"zhangsan\",\"nickname\":\"张三\",\"type\":\"user\",\"avatar\":\"\",\"sex\":\"2\",\"selected\":true,\"tenantId\":\"1\"}],\"examineMode\":1,\"termAuto\":false,\"term\":5,\"termMode\":0}},{\"id\":\"node_167098556928\",\"parentId\":\"node_167082042866\",\"nodeName\":\"条件2\",\"nodeKey\":\"flk_167098557539\",\"priorityLevel\":2,\"conditionList\":[[{\"field\":\"field2045116693264\",\"label\":\"姓名\",\"operator\":\"==\",\"value\":\"李四\"}]],\"type\":3,\"childNode\":{\"id\":\"node_168207433157\",\"parentId\":\"node_167098556928\",\"type\":1,\"nodeName\":\"审批人\",\"nodeKey\":\"flk_168207447907\",\"setType\":1,\"nodeAssigneeList\":[{\"id\":\"10037\",\"name\":\"李四\",\"username\":\"lisi\",\"nickname\":\"李四\",\"type\":\"user\",\"avatar\":\"\",\"sex\":\"1\",\"selected\":true,\"tenantId\":\"1\"}],\"examineMode\":1,\"termAuto\":false,\"term\":5,\"termMode\":0}},{\"id\":\"node_167082055883\",\"parentId\":\"node_167082042866\",\"nodeName\":\"默认条件\",\"nodeKey\":\"flk_167082052937\",\"type\":3,\"priorityLevel\":3,\"conditionList\":[],\"childNode\":{\"id\":\"node_074631654302\",\"parentId\":\"node_167082055883\",\"type\":1,\"nodeName\":\"审批人\",\"nodeKey\":\"flk_074631663847\",\"setType\":1,\"nodeAssigneeList\":[{\"id\":\"10040\",\"name\":\"王五\",\"type\":\"user\"}],\"examineMode\":1,\"termAuto\":false,\"term\":5,\"termMode\":0}}],\"childNode\":{\"id\":\"node_074420125823\",\"parentId\":\"node_167082042866\",\"type\":2,\"nodeName\":\"抄送人\",\"nodeKey\":\"flk_074420132147\",\"setType\":1,\"nodeAssigneeList\":[{\"id\":\"10003\",\"name\":\"admin\",\"username\":\"admin\",\"nickname\":\"admin\",\"type\":\"user\",\"avatar\":\"\",\"sex\":\"1\",\"selected\":true,\"tenantId\":\"1\"}],\"childNode\":{\"id\":\"node_end\",\"parentId\":\"node_074420125823\",\"type\":-1,\"nodeName\":\"结束\",\"nodeAssigneeList\":[]}}}}', NULL, NULL, NULL, NULL, NULL, '测试抄送流程', 1937421537816780801, NULL, '2025-06-27 14:58:06', '2025-06-27 14:58:06', 1938492010960916481, 2, '1');
INSERT INTO `wflow_process_templates` VALUES ('1939575900748292098', 'o3IXYd', 3, '测试-选择角色审批', '{\"sign\":false}', '[{\"title\":\"单行文本输入\",\"name\":\"TextInput\",\"icon\":\"x-icon-edit\",\"value\":\"\",\"valueType\":\"String\",\"props\":{\"required\":false,\"enablePrint\":true},\"id\":\"field6833819855060\"}]', '{\"id\":\"node_start\",\"parentId\":null,\"type\":0,\"nodeName\":\"发起人\",\"nodeKey\":\"flk_197793997595\",\"nodeAssigneeList\":[],\"childNode\":{\"id\":\"node_197997383565\",\"parentId\":\"node_start\",\"type\":1,\"nodeName\":\"审批人\",\"nodeKey\":\"flk_197997386375\",\"setType\":3,\"nodeAssigneeList\":[{\"id\":\"12\",\"name\":\"工作流\",\"type\":\"role\"}],\"examineMode\":1,\"termAuto\":false,\"term\":5,\"termMode\":0,\"childNode\":{\"id\":\"node_end\",\"parentId\":\"node_197997383565\",\"type\":-1,\"nodeName\":\"结束\",\"nodeAssigneeList\":[]}}}', NULL, NULL, NULL, NULL, NULL, '测试-选择角色审批', 1937421537816780801, NULL, '2025-06-30 14:45:05', '2025-06-30 14:45:05', 1939575900618268674, 3, '1');
INSERT INTO `wflow_process_templates` VALUES ('1939603840248750081', 'X36E3y', 1, '测试或签', '{\"sign\":false}', '[{\"title\":\"单行文本输入\",\"name\":\"TextInput\",\"icon\":\"x-icon-edit\",\"value\":\"\",\"valueType\":\"String\",\"props\":{\"required\":false,\"enablePrint\":true},\"id\":\"field6129372500316\"}]', '{\"id\":\"node_start\",\"parentId\":null,\"type\":0,\"nodeName\":\"发起人\",\"nodeKey\":\"flk_724805138230\",\"nodeAssigneeList\":[],\"childNode\":{\"id\":\"node_725031428938\",\"parentId\":\"node_start\",\"type\":1,\"nodeName\":\"审批人\",\"nodeKey\":\"flk_725031434333\",\"setType\":1,\"nodeAssigneeList\":[{\"id\":\"10036\",\"name\":\"张三\",\"type\":\"user\"},{\"id\":\"10037\",\"name\":\"李四\",\"type\":\"user\"},{\"id\":\"10040\",\"name\":\"王五\",\"type\":\"user\"}],\"examineMode\":3,\"termAuto\":false,\"term\":5,\"termMode\":0,\"childNode\":{\"id\":\"node_end\",\"parentId\":\"node_725031428938\",\"type\":-1,\"nodeName\":\"结束\",\"nodeAssigneeList\":[]}}}', NULL, NULL, NULL, NULL, NULL, '', 1937421537816780801, NULL, '2025-06-30 16:36:06', '2025-06-30 16:36:06', 1939603839988703234, 1, '1');
INSERT INTO `wflow_process_templates` VALUES ('1939604855563919362', 'A4wnCv', 1, '测试会签-顺序', '{\"sign\":false}', '[{\"title\":\"单行文本输入\",\"name\":\"TextInput\",\"icon\":\"x-icon-edit\",\"value\":\"\",\"valueType\":\"String\",\"props\":{\"required\":false,\"enablePrint\":true},\"id\":\"field9493272787759\"}]', '{\"id\":\"node_start\",\"parentId\":null,\"type\":0,\"nodeName\":\"发起人\",\"nodeKey\":\"flk_727715335785\",\"nodeAssigneeList\":[],\"childNode\":{\"id\":\"node_727902485427\",\"parentId\":\"node_start\",\"type\":1,\"nodeName\":\"审批人\",\"nodeKey\":\"flk_727902493570\",\"setType\":1,\"nodeAssigneeList\":[{\"id\":\"10036\",\"name\":\"张三\",\"type\":\"user\"},{\"id\":\"10037\",\"name\":\"李四\",\"type\":\"user\"},{\"id\":\"10040\",\"name\":\"王五\",\"type\":\"user\"}],\"examineMode\":2,\"termAuto\":false,\"term\":5,\"termMode\":0,\"childNode\":{\"id\":\"node_end\",\"parentId\":\"node_727902485427\",\"type\":-1,\"nodeName\":\"结束\",\"nodeAssigneeList\":[]}}}', NULL, NULL, NULL, NULL, NULL, '测试会签-顺序', 1937421537816780801, NULL, '2025-06-30 16:40:08', '2025-06-30 16:40:08', 1939604855496810497, 1, '1');
INSERT INTO `wflow_process_templates` VALUES ('1939871570524770306', 'A4wnCv', 2, '测试会签-顺序', '{\"sign\":false}', '[{\"title\":\"单行文本输入\",\"name\":\"TextInput\",\"icon\":\"x-icon-edit\",\"value\":\"\",\"valueType\":\"String\",\"props\":{\"required\":false,\"enablePrint\":true},\"id\":\"field9493272787759\"}]', '{\"id\":\"node_start\",\"parentId\":null,\"type\":0,\"nodeName\":\"发起人\",\"nodeKey\":\"flk_727715335785\",\"nodeAssigneeList\":[],\"childNode\":{\"id\":\"node_727902485427\",\"parentId\":\"node_start\",\"type\":1,\"nodeName\":\"审批人\",\"nodeKey\":\"flk_727902493570\",\"setType\":1,\"nodeAssigneeList\":[{\"id\":\"10036\",\"name\":\"张三\",\"type\":\"user\"},{\"id\":\"10037\",\"name\":\"李四\",\"type\":\"user\"},{\"id\":\"10040\",\"name\":\"王五\",\"type\":\"user\"}],\"examineMode\":2,\"termAuto\":false,\"term\":5,\"termMode\":0,\"childNode\":{\"id\":\"node_end\",\"parentId\":\"node_727902485427\",\"type\":-1,\"nodeName\":\"结束\",\"nodeAssigneeList\":[]}}}', NULL, NULL, NULL, NULL, NULL, '测试会签-顺序', 1937421537816780801, NULL, '2025-07-01 10:19:58', '2025-07-01 10:19:58', 1939871570499604481, 2, '1');
INSERT INTO `wflow_process_templates` VALUES ('1939884398677782530', 'fGP8EU', 1, '测试-驳回到上一级', '{\"sign\":false}', '[{\"title\":\"单行文本输入\",\"name\":\"TextInput\",\"icon\":\"x-icon-edit\",\"value\":\"\",\"valueType\":\"String\",\"props\":{\"required\":false,\"enablePrint\":true},\"id\":\"field5062039420909\"}]', '{\"id\":\"node_start\",\"parentId\":null,\"type\":0,\"nodeName\":\"发起人\",\"nodeKey\":\"flk_394012065005\",\"nodeAssigneeList\":[],\"childNode\":{\"id\":\"node_394230589667\",\"parentId\":\"node_start\",\"type\":1,\"nodeName\":\"审批人\",\"nodeKey\":\"flk_394230597164\",\"setType\":1,\"nodeAssigneeList\":[{\"id\":\"10036\",\"name\":\"张三\",\"type\":\"user\"}],\"examineMode\":1,\"termAuto\":false,\"term\":5,\"termMode\":0,\"childNode\":{\"id\":\"node_394370541707\",\"parentId\":\"node_394230589667\",\"type\":1,\"nodeName\":\"审批人\",\"nodeKey\":\"flk_394370542936\",\"setType\":1,\"nodeAssigneeList\":[{\"id\":\"10037\",\"name\":\"李四\",\"type\":\"user\"}],\"examineMode\":1,\"termAuto\":false,\"term\":5,\"termMode\":0,\"childNode\":{\"id\":\"node_end\",\"parentId\":\"node_394370541707\",\"type\":-1,\"nodeName\":\"结束\",\"nodeAssigneeList\":[]},\"rejectStrategy\":2},\"rejectStrategy\":1}}', NULL, NULL, NULL, NULL, NULL, '测试-驳回到上一级', 1937421537816780801, NULL, '2025-07-01 11:10:57', '2025-07-01 11:10:57', 1939884398623256578, 1, '1');
INSERT INTO `wflow_process_templates` VALUES ('1939894983813406722', 'fGP8EU', 2, '测试-驳回到上一级', '{\"sign\":false}', '[{\"title\":\"姓名\",\"name\":\"TextInput\",\"icon\":\"x-icon-edit\",\"value\":\"\",\"valueType\":\"String\",\"props\":{\"required\":false,\"enablePrint\":true},\"id\":\"field5062039420909\"},{\"title\":\"地址\",\"name\":\"TextInput\",\"icon\":\"x-icon-edit\",\"value\":\"\",\"valueType\":\"String\",\"props\":{\"required\":false,\"enablePrint\":true},\"id\":\"field8314741966315\"}]', '{\"id\":\"node_start\",\"parentId\":null,\"type\":0,\"nodeName\":\"发起人\",\"nodeKey\":\"flk_394012065005\",\"nodeAssigneeList\":[],\"childNode\":{\"id\":\"node_394230589667\",\"parentId\":\"node_start\",\"type\":1,\"nodeName\":\"审批人\",\"nodeKey\":\"flk_394230597164\",\"setType\":1,\"nodeAssigneeList\":[{\"id\":\"10036\",\"name\":\"张三\",\"type\":\"user\"}],\"examineMode\":1,\"termAuto\":false,\"term\":5,\"termMode\":0,\"childNode\":{\"id\":\"node_394370541707\",\"parentId\":\"node_394230589667\",\"type\":1,\"nodeName\":\"审批人\",\"nodeKey\":\"flk_394370542936\",\"setType\":1,\"nodeAssigneeList\":[{\"id\":\"10037\",\"name\":\"李四\",\"type\":\"user\"}],\"examineMode\":1,\"termAuto\":false,\"term\":5,\"termMode\":0,\"childNode\":{\"id\":\"node_end\",\"parentId\":\"node_394370541707\",\"type\":-1,\"nodeName\":\"结束\",\"nodeAssigneeList\":[]},\"rejectStrategy\":2},\"rejectStrategy\":1}}', NULL, NULL, NULL, NULL, NULL, '测试-驳回到上一级', 1937421537816780801, NULL, '2025-07-01 11:53:00', '2025-07-01 11:53:00', 1939894983750492162, 2, '1');
INSERT INTO `wflow_process_templates` VALUES ('1939923574966099970', 'fGP8EU', 3, '测试-【一级审批驳回到发起人，二级审批驳回到上一级】', '{\"sign\":false}', '[{\"title\":\"姓名\",\"name\":\"TextInput\",\"icon\":\"x-icon-edit\",\"value\":\"\",\"valueType\":\"String\",\"props\":{\"required\":false,\"enablePrint\":true},\"id\":\"field5062039420909\"},{\"title\":\"地址\",\"name\":\"TextInput\",\"icon\":\"x-icon-edit\",\"value\":\"\",\"valueType\":\"String\",\"props\":{\"required\":false,\"enablePrint\":true},\"id\":\"field8314741966315\"}]', '{\"id\":\"node_start\",\"parentId\":null,\"type\":0,\"nodeName\":\"发起人\",\"nodeKey\":\"flk_394012065005\",\"nodeAssigneeList\":[],\"childNode\":{\"id\":\"node_394230589667\",\"parentId\":\"node_start\",\"type\":1,\"nodeName\":\"审批人\",\"nodeKey\":\"flk_394230597164\",\"setType\":1,\"nodeAssigneeList\":[{\"id\":\"10036\",\"name\":\"张三\",\"type\":\"user\"}],\"examineMode\":1,\"termAuto\":false,\"term\":5,\"termMode\":0,\"childNode\":{\"id\":\"node_394370541707\",\"parentId\":\"node_394230589667\",\"type\":1,\"nodeName\":\"审批人\",\"nodeKey\":\"flk_394370542936\",\"setType\":1,\"nodeAssigneeList\":[{\"id\":\"10037\",\"name\":\"李四\",\"type\":\"user\"}],\"examineMode\":1,\"termAuto\":false,\"term\":5,\"termMode\":0,\"childNode\":{\"id\":\"node_end\",\"parentId\":\"node_394370541707\",\"type\":-1,\"nodeName\":\"结束\",\"nodeAssigneeList\":[]},\"rejectStrategy\":2},\"rejectStrategy\":1}}', NULL, NULL, NULL, NULL, NULL, '一级审批驳回到发起人，二级审批驳回到上一级', 1937421537816780801, NULL, '2025-07-01 13:46:37', '2025-07-01 13:46:37', 1939923574836076546, 3, '1');
INSERT INTO `wflow_process_templates` VALUES ('1939923855275630594', 'Xq4cWM', 1, '测试-【一级审批驳回到发起人，二级审批驳回到发起人】', '{\"sign\":false}', '[{\"title\":\"单行文本输入\",\"name\":\"TextInput\",\"icon\":\"x-icon-edit\",\"value\":\"\",\"valueType\":\"String\",\"props\":{\"required\":false,\"enablePrint\":true},\"id\":\"field3302248832420\"},{\"title\":\"数字输入框\",\"name\":\"NumberInput\",\"icon\":\"x-icon-edit-outline\",\"value\":\"\",\"valueType\":\"Number\",\"props\":{\"required\":false,\"enablePrint\":true},\"id\":\"field6801248834230\"},{\"title\":\"单选框\",\"name\":\"SelectInput\",\"icon\":\"x-icon-circle-check\",\"value\":\"\",\"valueType\":\"String\",\"props\":{\"required\":false,\"enablePrint\":true,\"expanding\":false,\"options\":[\"选项1\",\"选项2\"]},\"id\":\"field9543448836057\"}]', '{\"id\":\"node_start\",\"parentId\":null,\"type\":0,\"nodeName\":\"发起人\",\"nodeKey\":\"flk_488038489934\",\"nodeAssigneeList\":[],\"childNode\":{\"id\":\"node_488390845628\",\"parentId\":\"node_start\",\"type\":1,\"nodeName\":\"审批人\",\"nodeKey\":\"flk_488390858038\",\"setType\":1,\"nodeAssigneeList\":[{\"id\":\"10036\",\"name\":\"张三\",\"type\":\"user\"}],\"examineMode\":1,\"termAuto\":false,\"term\":5,\"termMode\":0,\"childNode\":{\"id\":\"node_488515347539\",\"parentId\":\"node_488390845628\",\"type\":1,\"nodeName\":\"审批人\",\"nodeKey\":\"flk_488515357857\",\"setType\":1,\"nodeAssigneeList\":[{\"id\":\"10037\",\"name\":\"李四\",\"type\":\"user\"}],\"examineMode\":1,\"termAuto\":false,\"term\":5,\"termMode\":0,\"childNode\":{\"id\":\"node_end\",\"parentId\":\"node_488515347539\",\"type\":-1,\"nodeName\":\"结束\",\"nodeAssigneeList\":[]},\"rejectStrategy\":1},\"rejectStrategy\":1}}', NULL, NULL, NULL, NULL, NULL, '一级审批驳回到发起人，二级审批驳回到发起人', 1937421537816780801, NULL, '2025-07-01 13:47:44', '2025-07-01 13:47:44', 1939923855212716034, 1, '1');
INSERT INTO `wflow_process_templates` VALUES ('1939927885850779649', '4GL5tN', 1, '测试-【一级审批驳回结束流程 】', '{\"sign\":false}', '[{\"title\":\"单行文本输入\",\"name\":\"TextInput\",\"icon\":\"x-icon-edit\",\"value\":\"\",\"valueType\":\"String\",\"props\":{\"required\":false,\"enablePrint\":true},\"id\":\"field2436349794971\"},{\"title\":\"多选框\",\"name\":\"MultipleSelect\",\"icon\":\"x-icon-multi-check\",\"value\":[],\"valueType\":\"Array\",\"props\":{\"required\":false,\"enablePrint\":true,\"expanding\":false,\"options\":[\"选项1\",\"选项2\"]},\"id\":\"field5546349796847\"}]', '{\"id\":\"node_start\",\"parentId\":null,\"type\":0,\"nodeName\":\"发起人\",\"nodeKey\":\"flk_497655276944\",\"nodeAssigneeList\":[],\"childNode\":{\"id\":\"node_498022167073\",\"parentId\":\"node_start\",\"type\":1,\"nodeName\":\"审批人\",\"nodeKey\":\"flk_498022173955\",\"setType\":1,\"nodeAssigneeList\":[{\"id\":\"10036\",\"name\":\"张三\",\"type\":\"user\"}],\"examineMode\":1,\"termAuto\":false,\"term\":5,\"termMode\":0,\"childNode\":{\"id\":\"node_end\",\"parentId\":\"node_498022167073\",\"type\":-1,\"nodeName\":\"结束\",\"nodeAssigneeList\":[]},\"rejectStrategy\":4}}', NULL, NULL, NULL, NULL, NULL, '一级审批驳回结束流程 ', 1937421537816780801, NULL, '2025-07-01 14:03:45', '2025-07-01 14:03:45', 1939927885783670786, 1, '1');
INSERT INTO `wflow_process_templates` VALUES ('1939929305622683650', 'Xe7U1N', 2, '测试-订单-20250624', '{\"sign\":true}', '[{\"title\":\"单行文本输入\",\"name\":\"TextInput\",\"icon\":\"x-icon-edit\",\"value\":\"\",\"valueType\":\"String\",\"props\":{\"required\":false,\"enablePrint\":true},\"id\":\"field9667230021065\"}]', '{\"id\":\"node_start\",\"parentId\":null,\"type\":0,\"nodeName\":\"发起人\",\"nodeKey\":\"node_start\",\"nodeAssigneeList\":[],\"childNode\":{\"id\":\"node_300238675717\",\"parentId\":\"node_start\",\"nodeKey\":\"node_300238675717\",\"type\":1,\"nodeName\":\"审批人\",\"setType\":1,\"nodeAssigneeList\":[{\"id\":\"10037\",\"name\":\"李四\",\"username\":\"lisi\",\"nickname\":\"李四\",\"type\":\"user\",\"avatar\":\"\",\"sex\":\"1\",\"selected\":true,\"tenantId\":\"1\"}],\"examineMode\":1,\"termAuto\":false,\"term\":5,\"termMode\":0,\"childNode\":{\"id\":\"node_end\",\"parentId\":\"node_300238675717\",\"type\":-1,\"nodeName\":\"结束\",\"nodeKey\":\"node_end\",\"nodeAssigneeList\":[]}}}', NULL, NULL, NULL, NULL, NULL, '', 1793813591874510849, NULL, '2025-07-01 14:09:23', '2025-07-01 14:09:23', 1939929305622683649, 2, '1');
INSERT INTO `wflow_process_templates` VALUES ('1939931385141829633', 'c3M3Fw', 2, '未命名流程', '{\"sign\":true}', '[{\"title\":\"多选框\",\"name\":\"MultipleSelect\",\"icon\":\"x-icon-multi-check\",\"value\":[],\"valueType\":\"Array\",\"props\":{\"required\":false,\"enablePrint\":true,\"expanding\":false,\"options\":[\"选项1\",\"选项2\"]},\"id\":\"field8300829168429\"},{\"title\":\"日期时间区间\",\"name\":\"DateTimeRange\",\"icon\":\"x-icon-date\",\"valueType\":\"DateRange\",\"props\":{\"required\":false,\"enablePrint\":true,\"placeholder\":[\"开始时间\",\"结束时间\"],\"format\":\"yyyy-MM-dd HH:mm\",\"showLength\":false,\"options\":[{\"label\":\"年\",\"value\":\"yyyy\"},{\"label\":\"年-月\",\"value\":\"yyyy-MM\"},{\"label\":\"年-月-日\",\"value\":\"yyyy-MM\"},{\"label\":\"年-月-日 时:分\",\"value\":\"yyyy-MM-dd HH:mm\"}]},\"id\":\"field9513050656523\"},{\"title\":\"多行文本输入\",\"name\":\"TextareaInput\",\"icon\":\"x-icon-more-outline\",\"value\":\"\",\"valueType\":\"String\",\"props\":{\"required\":false,\"enablePrint\":true},\"id\":\"field4958229166193\"},{\"title\":\"日期时间点\",\"name\":\"DateTime\",\"icon\":\"x-icon-date\",\"value\":\"\",\"valueType\":\"Date\",\"props\":{\"required\":false,\"enablePrint\":true,\"format\":\"yyyy-MM-dd HH:mm\",\"options\":[{\"label\":\"年\",\"value\":\"yyyy\"},{\"label\":\"年-月\",\"value\":\"yyyy-MM\"},{\"label\":\"年-月-日\",\"value\":\"yyyy-MM\"},{\"label\":\"年-月-日 时:分\",\"value\":\"yyyy-MM-dd HH:mm\"}]},\"id\":\"field8252750655762\"},{\"title\":\"金额输入框\",\"name\":\"AmountInput\",\"icon\":\"x-icon-amount\",\"value\":\"\",\"valueType\":\"Number\",\"props\":{\"required\":false,\"enablePrint\":true,\"showChinese\":true},\"id\":\"field5726029167169\"}]', '{\"id\":\"node_start\",\"parentId\":null,\"type\":0,\"nodeName\":\"发起人\",\"nodeKey\":\"flk_290705618380\",\"nodeAssigneeList\":[],\"childNode\":{\"id\":\"node_291713644494\",\"parentId\":\"node_start\",\"type\":1,\"nodeName\":\"审批人\",\"nodeKey\":\"flk_291713659661\",\"setType\":1,\"nodeAssigneeList\":[{\"id\":\"10003\",\"name\":\"admin\",\"type\":\"user\"}],\"examineMode\":1,\"termAuto\":false,\"term\":5,\"termMode\":0,\"childNode\":{\"id\":\"node_end\",\"parentId\":\"node_291713644494\",\"type\":-1,\"nodeName\":\"结束\",\"nodeAssigneeList\":[]}}}', NULL, NULL, NULL, NULL, NULL, '', 1937359036643246081, NULL, '2025-07-01 14:17:39', '2025-07-01 14:17:39', 1939931385007611906, 2, '1');
INSERT INTO `wflow_process_templates` VALUES ('1940225571166507010', 'F968x2', 1, '测试-角色+审批人驳回策略', '{\"sign\":false}', '[{\"title\":\"单行文本输入\",\"name\":\"TextInput\",\"icon\":\"x-icon-edit\",\"value\":\"\",\"valueType\":\"String\",\"props\":{\"required\":false,\"enablePrint\":true},\"id\":\"field6721620777230\"}]', '{\"id\":\"node_start\",\"parentId\":null,\"type\":0,\"nodeName\":\"发起人\",\"nodeKey\":\"flk_207490923710\",\"nodeAssigneeList\":[],\"childNode\":{\"id\":\"node_207801146549\",\"parentId\":\"node_start\",\"type\":1,\"nodeName\":\"审批人\",\"nodeKey\":\"flk_207801143630\",\"setType\":3,\"nodeAssigneeList\":[{\"id\":\"12\",\"name\":\"工作流\",\"type\":\"role\"}],\"examineMode\":1,\"termAuto\":false,\"term\":5,\"termMode\":0,\"childNode\":{\"id\":\"node_207876926209\",\"parentId\":\"node_207801146549\",\"type\":1,\"nodeName\":\"审批人\",\"nodeKey\":\"flk_207876924670\",\"setType\":1,\"nodeAssigneeList\":[{\"id\":\"10040\",\"name\":\"王五\",\"type\":\"user\"}],\"examineMode\":1,\"termAuto\":false,\"term\":5,\"termMode\":0,\"childNode\":{\"id\":\"node_end\",\"parentId\":\"node_207876926209\",\"type\":-1,\"nodeName\":\"结束\",\"nodeAssigneeList\":[]}}}}', NULL, NULL, NULL, NULL, NULL, '测试-角色+审批人驳回策略', 1937421537816780801, NULL, '2025-07-02 09:46:38', '2025-07-02 09:46:38', 1940225571124563970, 1, '1');
INSERT INTO `wflow_process_templates` VALUES ('1940226196717588482', 'F968x2', 2, '测试-角色+审批人驳回策略', '{\"sign\":false}', '[{\"title\":\"单行文本输入\",\"name\":\"TextInput\",\"icon\":\"x-icon-edit\",\"value\":\"\",\"valueType\":\"String\",\"props\":{\"required\":false,\"enablePrint\":true},\"id\":\"field6721620777230\"}]', '{\"id\":\"node_start\",\"parentId\":null,\"type\":0,\"nodeName\":\"发起人\",\"nodeKey\":\"flk_207490923710\",\"nodeAssigneeList\":[],\"childNode\":{\"id\":\"node_207801146549\",\"parentId\":\"node_start\",\"type\":1,\"nodeName\":\"审批人\",\"nodeKey\":\"flk_207801143630\",\"setType\":3,\"nodeAssigneeList\":[{\"id\":\"12\",\"name\":\"工作流\",\"type\":\"role\"}],\"examineMode\":1,\"termAuto\":false,\"term\":5,\"termMode\":0,\"childNode\":{\"id\":\"node_207876926209\",\"parentId\":\"node_207801146549\",\"type\":1,\"nodeName\":\"审批人\",\"nodeKey\":\"flk_207876924670\",\"setType\":1,\"nodeAssigneeList\":[{\"id\":\"10040\",\"name\":\"王五\",\"type\":\"user\"}],\"examineMode\":1,\"termAuto\":false,\"term\":5,\"termMode\":0,\"childNode\":{\"id\":\"node_end\",\"parentId\":\"node_207876926209\",\"type\":-1,\"nodeName\":\"结束\",\"nodeAssigneeList\":[]},\"rejectStrategy\":2},\"rejectStrategy\":4}}', NULL, NULL, NULL, NULL, NULL, '测试-角色+审批人驳回策略', 1937421537816780801, NULL, '2025-07-02 09:49:08', '2025-07-02 09:49:08', 1940226196654673921, 2, '1');
INSERT INTO `wflow_process_templates` VALUES ('1940233167579553793', 'o3IXYd', 4, '测试-选择角色审批', '{\"sign\":false}', '[{\"title\":\"单行文本输入\",\"name\":\"TextInput\",\"icon\":\"x-icon-edit\",\"value\":\"\",\"valueType\":\"String\",\"props\":{\"required\":false,\"enablePrint\":true},\"id\":\"field6833819855060\"}]', '{\"id\":\"node_start\",\"parentId\":null,\"type\":0,\"nodeName\":\"发起人\",\"nodeKey\":\"flk_197793997595\",\"nodeAssigneeList\":[],\"childNode\":{\"id\":\"node_197997383565\",\"parentId\":\"node_start\",\"type\":1,\"nodeName\":\"审批人\",\"nodeKey\":\"flk_197997386375\",\"setType\":3,\"nodeAssigneeList\":[{\"id\":\"12\",\"name\":\"工作流\",\"type\":\"role\"}],\"examineMode\":1,\"termAuto\":false,\"term\":5,\"termMode\":0,\"childNode\":{\"id\":\"node_end\",\"parentId\":\"node_197997383565\",\"type\":-1,\"nodeName\":\"结束\",\"nodeAssigneeList\":[]},\"rejectStrategy\":1}}', NULL, NULL, NULL, NULL, NULL, '测试-选择角色审批', 1937421537816780801, NULL, '2025-07-02 10:16:50', '2025-07-02 10:16:50', 1940233167516639233, 4, '1');

-- ----------------------------
-- Table structure for wflow_template_group
-- ----------------------------
DROP TABLE IF EXISTS `wflow_template_group`;
CREATE TABLE `wflow_template_group`  (
  `id` varchar(20) CHARACTER SET utf8mb4 COLLATE utf8mb4_0900_ai_ci NOT NULL COMMENT 'id',
  `template_id` varchar(20) CHARACTER SET utf8mb4 COLLATE utf8mb4_0900_ai_ci NULL DEFAULT NULL COMMENT '模板id',
  `group_id` varchar(20) CHARACTER SET utf8mb4 COLLATE utf8mb4_0900_ai_ci NULL DEFAULT NULL COMMENT '分组id',
  `sort_num` int NULL DEFAULT NULL COMMENT '排序',
  `create_time` datetime NULL DEFAULT NULL COMMENT '创建时间',
  `tenant_id` varchar(32) CHARACTER SET utf8mb4 COLLATE utf8mb4_0900_ai_ci NULL DEFAULT NULL COMMENT '租户id',
  PRIMARY KEY (`id`) USING BTREE
) ENGINE = InnoDB CHARACTER SET = utf8mb4 COLLATE = utf8mb4_0900_ai_ci COMMENT = '流程与分组关联记录' ROW_FORMAT = DYNAMIC;

-- ----------------------------
-- Records of wflow_template_group
-- ----------------------------
INSERT INTO `wflow_template_group` VALUES ('1800216215355695105', '1800216215317946370', '1793813591874510849', NULL, NULL, '1');
INSERT INTO `wflow_template_group` VALUES ('1937088827860705282', '1937099843159973889', '1793813591874510849', NULL, '2025-06-23 18:02:21', '1');
INSERT INTO `wflow_template_group` VALUES ('1937328316503728130', '1939929305622683650', '1793813591874510849', NULL, '2025-06-24 09:53:59', '1');
INSERT INTO `wflow_template_group` VALUES ('1937339662930714625', '1937340054053756931', '1793813591874510849', NULL, '2025-06-24 10:39:04', '1');
INSERT INTO `wflow_template_group` VALUES ('1937392854066470914', '1938167030041796609', '1793813591874510849', NULL, '2025-06-24 14:10:26', '1');
INSERT INTO `wflow_template_group` VALUES ('1937421832294670337', '1937421832231755778', '1937421537816780801', NULL, '2025-06-24 16:05:35', '1');
INSERT INTO `wflow_template_group` VALUES ('1937427133819416578', '1937427133756502017', '1937421537816780801', NULL, '2025-06-24 16:26:39', '1');
INSERT INTO `wflow_template_group` VALUES ('1937431515340369921', '1937431515277455362', '1937421537816780801', NULL, '2025-06-24 16:44:04', '1');
INSERT INTO `wflow_template_group` VALUES ('1937432321988915203', '1938489964929093633', '1937421537816780801', NULL, '2025-06-24 16:47:16', '1');
INSERT INTO `wflow_template_group` VALUES ('1937466367779516418', '1937691461772615681', '1937421537816780801', NULL, '2025-06-24 19:02:33', '1');
INSERT INTO `wflow_template_group` VALUES ('1937692423971119105', '1938492011023831041', '1937421537816780801', NULL, '2025-06-25 10:00:49', '1');
INSERT INTO `wflow_template_group` VALUES ('1937705065439707138', '1940233167579553793', '1937421537816780801', NULL, '2025-06-25 10:51:03', '1');
INSERT INTO `wflow_template_group` VALUES ('1937801779395928065', '1937801779265904642', '1937421537816780801', NULL, '2025-06-25 17:15:21', '1');
INSERT INTO `wflow_template_group` VALUES ('1937803287411703810', '1937803585651884035', '1937421537816780801', NULL, '2025-06-25 17:21:21', '1');
INSERT INTO `wflow_template_group` VALUES ('1938049828118577153', '1938049828055662594', '1', NULL, '2025-06-26 09:41:01', '1');
INSERT INTO `wflow_template_group` VALUES ('1938147565371645954', '1938149705129385986', '1938145615624175618', NULL, '2025-06-26 16:09:23', '1');
INSERT INTO `wflow_template_group` VALUES ('1938163790097145858', '1939931385141829633', '1937359036643246081', NULL, '2025-06-26 17:13:52', '1');
INSERT INTO `wflow_template_group` VALUES ('1938198773503291394', '1938198773440376833', '1938145615624175618', NULL, '2025-06-26 19:32:52', '1');
INSERT INTO `wflow_template_group` VALUES ('1938481914033950721', '1938481913979424769', '1938145615624175618', NULL, '2025-06-27 14:17:58', '1');
INSERT INTO `wflow_template_group` VALUES ('1939603840315858946', '1939603840248750081', '1937421537816780801', NULL, '2025-06-30 16:36:06', '1');
INSERT INTO `wflow_template_group` VALUES ('1939604855563919363', '1939871570524770306', '1937421537816780801', NULL, '2025-06-30 16:40:08', '1');
INSERT INTO `wflow_template_group` VALUES ('1939884398740697090', '1939923574966099970', '1937421537816780801', NULL, '2025-07-01 11:10:57', '1');
INSERT INTO `wflow_template_group` VALUES ('1939923855275630595', '1939923855275630594', '1937421537816780801', NULL, '2025-07-01 13:47:44', '1');
INSERT INTO `wflow_template_group` VALUES ('1939927885850779650', '1939927885850779649', '1937421537816780801', NULL, '2025-07-01 14:03:45', '1');
INSERT INTO `wflow_template_group` VALUES ('1940225571229421569', '1940226196717588482', '1937421537816780801', NULL, '2025-07-02 09:46:38', '1');

SET FOREIGN_KEY_CHECKS = 1;
